slug,slice,nu,cand,basis,gamma_form,solver,init,seed,loglik,aic,bic,n_params,n_iter,converged,wall_s
Po10_W_14-25_mrc2,Po10_W,inf,poly2-goff,poly2,off,anderson,mean,,89040.21781704806,-142314.43563409612,19229.651589186775,17884,8,True,0.08904850005637854
Po10_W_14-25_mrc2,Po10_W,inf,poly2-goff,poly2,off,anderson,rand0,0.0,89040.2178168241,-142314.4356336482,19229.651589634712,17884,8,True,0.08244680007919669
Po10_W_14-25_mrc2,Po10_W,inf,poly2-goff,poly2,off,anderson,rand1,1.0,89040.2178169882,-142314.4356339764,19229.651589306508,17884,8,True,0.08568569994531572
Po10_W_14-25_mrc2,Po10_W,inf,poly2-gscalar,poly2,scalar,anderson,mean,,90332.72179284567,-144897.44358569133,16655.677026129473,17885,10,True,0.12260330002754927
Po10_W_14-25_mrc2,Po10_W,inf,poly2-gscalar,poly2,scalar,anderson,rand0,0.0,90332.72179287915,-144897.4435857583,16655.677026062505,17885,10,True,0.1303000000771135
Po10_W_14-25_mrc2,Po10_W,inf,poly2-gscalar,poly2,scalar,anderson,rand1,1.0,90332.72179289898,-144897.44358579797,16655.677026022837,17885,10,True,0.13049450004473329
Po10_W_14-25_mrc2,Po10_W,inf,poly2-gvarying,poly2,varying,anderson,mean,,90345.80254289316,-144921.60508578632,16640.54891457237,17886,10,True,0.11591350007802248
Po10_W_14-25_mrc2,Po10_W,inf,poly2-gvarying,poly2,varying,anderson,rand0,0.0,90345.80254264912,-144921.60508529824,16640.54891506044,17886,10,True,0.14194570004474372
Po10_W_14-25_mrc2,Po10_W,inf,poly2-gvarying,poly2,varying,anderson,rand1,1.0,90345.80254267552,-144921.60508535104,16640.548915007646,17886,10,True,0.12164190004114062
Po10_W_14-25_mrc2,Po10_W,inf,poly3-goff,poly3,off,anderson,mean,,89065.25212344043,-142362.50424688085,19190.616364939953,17885,9,True,0.10117120004724711
Po10_W_14-25_mrc2,Po10_W,inf,poly3-goff,poly3,off,anderson,rand0,0.0,89065.25212340098,-142362.50424680195,19190.616365018854,17885,9,True,0.09070279996376485
Po10_W_14-25_mrc2,Po10_W,inf,poly3-goff,poly3,off,anderson,rand1,1.0,89065.2521233979,-142362.5042467958,19190.616365024995,17885,9,True,0.0856531000463292
Po10_W_14-25_mrc2,Po10_W,inf,poly3-gscalar,poly3,scalar,anderson,mean,,90356.15427507588,-144942.30855015176,16619.84545020692,17886,10,True,0.10518949991092086
Po10_W_14-25_mrc2,Po10_W,inf,poly3-gscalar,poly3,scalar,anderson,rand0,0.0,90356.1542746939,-144942.3085493878,16619.845450970897,17886,10,True,0.10371249995660037
Po10_W_14-25_mrc2,Po10_W,inf,poly3-gscalar,poly3,scalar,anderson,rand1,1.0,90356.15427539585,-144942.3085507917,16619.845449566987,17886,10,True,0.10543469991534948
Po10_W_14-25_mrc2,Po10_W,inf,poly3-gvarying,poly3,varying,anderson,mean,,90372.12411161407,-144970.24822322815,16609.972554206353,17888,11,True,0.1334290000377223
Po10_W_14-25_mrc2,Po10_W,inf,poly3-gvarying,poly3,varying,anderson,rand0,0.0,90372.12410919263,-144970.24821838527,16609.97255904923,17888,11,True,0.11724980000872165
Po10_W_14-25_mrc2,Po10_W,inf,poly3-gvarying,poly3,varying,anderson,rand1,1.0,90372.12410802627,-144970.24821605254,16609.97256138196,17888,10,True,0.11602449999190867
Po10_W_14-25_mrc2,Po10_W,inf,poly4-goff,poly4,off,anderson,mean,,89081.71908254414,-142393.43816508827,19168.715835270414,17886,9,True,0.10469950002152473
Po10_W_14-25_mrc2,Po10_W,inf,poly4-goff,poly4,off,anderson,rand0,0.0,89081.71908238418,-142393.43816476836,19168.715835590323,17886,9,True,0.10743550001643598
Po10_W_14-25_mrc2,Po10_W,inf,poly4-goff,poly4,off,anderson,rand1,1.0,89081.71908240081,-142393.43816480163,19168.715835557057,17886,9,True,0.09226479998324066
Po10_W_14-25_mrc2,Po10_W,inf,poly4-gscalar,poly4,scalar,anderson,mean,,90371.00082116875,-144970.0016423375,16601.185746559087,17887,9,True,0.11512219998985529
Po10_W_14-25_mrc2,Po10_W,inf,poly4-gscalar,poly4,scalar,anderson,rand0,0.0,90371.00082138709,-144970.00164277418,16601.185746122414,17887,9,True,0.10853540000971407
Po10_W_14-25_mrc2,Po10_W,inf,poly4-gscalar,poly4,scalar,anderson,rand1,1.0,90371.00082136597,-144970.00164273195,16601.185746164643,17887,9,True,0.11046280001755804
Po10_W_14-25_mrc2,Po10_W,inf,poly4-gvarying,poly4,varying,anderson,mean,,90387.03656228234,-144996.0731245647,16602.214429945598,17890,11,True,0.2687796000391245
Po10_W_14-25_mrc2,Po10_W,inf,poly4-gvarying,poly4,varying,anderson,rand0,0.0,90387.03655798757,-144996.07311597513,16602.214438535157,17890,11,True,0.30449100001715124
Po10_W_14-25_mrc2,Po10_W,inf,poly4-gvarying,poly4,varying,anderson,rand1,1.0,90387.03655878472,-144996.07311756944,16602.21443694085,17890,11,True,0.3124489999609068
Po10_W_14-25_mrc2,Po10_W,inf,poly5-goff,poly5,off,anderson,mean,,89091.47754463919,-142410.95508927837,19160.23229961822,17887,9,True,0.10450259991921484
Po10_W_14-25_mrc2,Po10_W,inf,poly5-goff,poly5,off,anderson,rand0,0.0,89091.47754445532,-142410.95508891065,19160.232299985946,17887,9,True,0.10898299992550164
Po10_W_14-25_mrc2,Po10_W,inf,poly5-goff,poly5,off,anderson,rand1,1.0,89091.47754445707,-142410.95508891414,19160.232299982454,17887,9,True,0.09722200001124293
Po10_W_14-25_mrc2,Po10_W,inf,poly5-gscalar,poly5,scalar,anderson,mean,,90379.55147838275,-144985.1029567655,16595.117820668995,17888,10,True,0.14740230003371835
Po10_W_14-25_mrc2,Po10_W,inf,poly5-gscalar,poly5,scalar,anderson,rand0,0.0,90379.551477145,-144985.10295429,16595.11782314451,17888,9,True,0.13852019992191344
Po10_W_14-25_mrc2,Po10_W,inf,poly5-gscalar,poly5,scalar,anderson,rand1,1.0,90379.55147887886,-144985.1029577577,16595.117819676787,17888,10,True,0.15348390000872314
Po10_W_14-25_mrc2,Po10_W,inf,poly5-gvarying,poly5,varying,anderson,mean,,90395.56810957697,-145009.13621915394,16607.218112432165,17892,11,True,0.5885723000392318
Po10_W_14-25_mrc2,Po10_W,inf,poly5-gvarying,poly5,varying,anderson,rand0,0.0,90395.56810558989,-145009.13621117978,16607.218120406324,17892,11,True,0.4912162999389693
Po10_W_14-25_mrc2,Po10_W,inf,poly5-gvarying,poly5,varying,anderson,rand1,1.0,90395.56810594644,-145009.13621189288,16607.21811969322,17892,11,True,0.47399849991779774
Po10_W_14-25_mrc2,Po10_W,inf,poly6-goff,poly6,off,anderson,mean,,89096.94976831164,-142419.89953662327,19160.32124081123,17888,9,True,0.1645196001045406
Po10_W_14-25_mrc2,Po10_W,inf,poly6-goff,poly6,off,anderson,rand0,0.0,89096.94976812326,-142419.89953624652,19160.32124118798,17888,9,True,0.13648909993935376
Po10_W_14-25_mrc2,Po10_W,inf,poly6-goff,poly6,off,anderson,rand1,1.0,89096.94976811559,-142419.89953623118,19160.321241203317,17888,9,True,0.14418039994779974
Po10_W_14-25_mrc2,Po10_W,inf,poly6-gscalar,poly6,scalar,anderson,mean,,90387.65129882429,-144999.30259764858,16589.951568323828,17889,10,True,0.1802111000288278
Po10_W_14-25_mrc2,Po10_W,inf,poly6-gscalar,poly6,scalar,anderson,rand0,0.0,90387.65129935162,-144999.30259870325,16589.951567269163,17889,10,True,0.20537650003097951
Po10_W_14-25_mrc2,Po10_W,inf,poly6-gscalar,poly6,scalar,anderson,rand1,1.0,90387.6512997232,-144999.3025994464,16589.951566525997,17889,10,True,0.187978700036183
Po10_W_14-25_mrc2,Po10_W,inf,poly6-gvarying,poly6,varying,anderson,mean,,90405.15388835123,-145024.30777670245,16610.113331959466,17894,11,True,0.5381578999804333
Po10_W_14-25_mrc2,Po10_W,inf,poly6-gvarying,poly6,varying,anderson,rand0,0.0,90405.15388363929,-145024.30776727857,16610.113341383345,17894,11,True,0.576295500039123
Po10_W_14-25_mrc2,Po10_W,inf,poly6-gvarying,poly6,varying,anderson,rand1,1.0,90405.15388425597,-145024.30776851194,16610.113340149983,17894,11,True,0.6053372999886051
Po10_W_14-25_mrc2,Po10_W,inf,spline3-goff,spline3,off,anderson,mean,,89063.51365472731,-142361.02730945463,19183.05991382827,17884,9,True,0.11258580000139773
Po10_W_14-25_mrc2,Po10_W,inf,spline3-goff,spline3,off,anderson,rand0,0.0,89063.5136547203,-142361.0273094406,19183.0599138423,17884,9,True,0.126048699952662
Po10_W_14-25_mrc2,Po10_W,inf,spline3-goff,spline3,off,anderson,rand1,1.0,89063.51365471777,-142361.02730943554,19183.059913847363,17884,9,True,0.11341099999845028
Po10_W_14-25_mrc2,Po10_W,inf,spline3-gscalar,spline3,scalar,anderson,mean,,90354.62654985515,-144941.2530997103,16611.867512110504,17885,10,True,0.15035350003745407
Po10_W_14-25_mrc2,Po10_W,inf,spline3-gscalar,spline3,scalar,anderson,rand0,0.0,90354.6265498262,-144941.2530996524,16611.86751216842,17885,10,True,0.14992540003731847
Po10_W_14-25_mrc2,Po10_W,inf,spline3-gscalar,spline3,scalar,anderson,rand1,1.0,90354.62654991572,-144941.25309983143,16611.867511989374,17885,10,True,0.13414390000980347
Po10_W_14-25_mrc2,Po10_W,inf,spline3-gvarying,spline3,varying,anderson,mean,,90369.43926564622,-144968.87853129243,16593.275469066255,17886,10,True,0.17357280000578612
Po10_W_14-25_mrc2,Po10_W,inf,spline3-gvarying,spline3,varying,anderson,rand0,0.0,90369.43926505087,-144968.87853010173,16593.27547025695,17886,10,True,0.22377289994619787
Po10_W_14-25_mrc2,Po10_W,inf,spline3-gvarying,spline3,varying,anderson,rand1,1.0,90369.43926504115,-144968.8785300823,16593.275470276392,17886,10,True,0.20139499998185784
Po10_W_14-25_mrc2,Po10_W,inf,spline4-goff,spline4,off,anderson,mean,,89082.16146611684,-142396.32293223368,19156.797679587122,17885,9,True,0.18442529998719692
Po10_W_14-25_mrc2,Po10_W,inf,spline4-goff,spline4,off,anderson,rand0,0.0,89082.16146602236,-142396.3229320447,19156.797679776093,17885,9,True,0.1273500999668613
Po10_W_14-25_mrc2,Po10_W,inf,spline4-goff,spline4,off,anderson,rand1,1.0,89082.16146604989,-142396.32293209978,19156.79767972103,17885,9,True,0.14991669997107238
Po10_W_14-25_mrc2,Po10_W,inf,spline4-gscalar,spline4,scalar,anderson,mean,,90371.46021063453,-144972.92042126905,16589.233579089632,17886,9,True,0.14417430001776665
Po10_W_14-25_mrc2,Po10_W,inf,spline4-gscalar,spline4,scalar,anderson,rand0,0.0,90371.46021060325,-144972.9204212065,16589.233579152176,17886,9,True,0.13300589995924383
Po10_W_14-25_mrc2,Po10_W,inf,spline4-gscalar,spline4,scalar,anderson,rand1,1.0,90371.46021071788,-144972.92042143576,16589.233578922926,17886,9,True,0.12943640002049506
Po10_W_14-25_mrc2,Po10_W,inf,spline4-gvarying,spline4,varying,anderson,mean,,90387.67099445617,-145001.34198891235,16578.878788522154,17888,11,True,0.1693745000520721
Po10_W_14-25_mrc2,Po10_W,inf,spline4-gvarying,spline4,varying,anderson,rand0,0.0,90387.67098828798,-145001.34197657596,16578.87880085854,17888,11,True,0.2744031000183895
Po10_W_14-25_mrc2,Po10_W,inf,spline4-gvarying,spline4,varying,anderson,rand1,1.0,90387.67099176414,-145001.34198352828,16578.878793906217,17888,11,True,0.19119559996761382
Po10_W_14-25_mrc2,Po10_W,inf,spline5-goff,spline5,off,anderson,mean,,89099.18432831325,-142428.3686566265,19133.78534373219,17886,9,True,0.11494410003069788
Po10_W_14-25_mrc2,Po10_W,inf,spline5-goff,spline5,off,anderson,rand0,0.0,89099.18432813142,-142428.36865626284,19133.785344095842,17886,9,True,0.11654970003291965
Po10_W_14-25_mrc2,Po10_W,inf,spline5-goff,spline5,off,anderson,rand1,1.0,89099.18432815085,-142428.3686563017,19133.78534405699,17886,9,True,0.1277783999685198
Po10_W_14-25_mrc2,Po10_W,inf,spline5-gscalar,spline5,scalar,anderson,mean,,90389.67209421468,-145007.34418842936,16563.843200467236,17887,9,True,0.13605410000309348
Po10_W_14-25_mrc2,Po10_W,inf,spline5-gscalar,spline5,scalar,anderson,rand0,0.0,90389.67209496461,-145007.34418992922,16563.84319896737,17887,9,True,0.14538989996071905
Po10_W_14-25_mrc2,Po10_W,inf,spline5-gscalar,spline5,scalar,anderson,rand1,1.0,90389.67209480825,-145007.3441896165,16563.84319928009,17887,9,True,0.11990789999254048
Po10_W_14-25_mrc2,Po10_W,inf,spline5-gvarying,spline5,varying,anderson,mean,,90406.21416347388,-145034.42832694776,16563.859227562527,17890,11,True,0.3130675000138581
Po10_W_14-25_mrc2,Po10_W,inf,spline5-gvarying,spline5,varying,anderson,rand0,0.0,90406.21415816,-145034.42831632,16563.859238190285,17890,11,True,0.37145189999137074
Po10_W_14-25_mrc2,Po10_W,inf,spline5-gvarying,spline5,varying,anderson,rand1,1.0,90406.21415938703,-145034.42831877407,16563.85923573622,17890,11,True,0.3664327999576926
Po10_W_14-25_mrc2,Po10_W,inf,spline6-goff,spline6,off,anderson,mean,,89099.84838205816,-142427.69676411632,19143.490624780272,17887,9,True,0.14440589991863817
Po10_W_14-25_mrc2,Po10_W,inf,spline6-goff,spline6,off,anderson,rand0,0.0,89099.84838188131,-142427.69676376262,19143.49062513397,17887,9,True,0.1429752999683842
Po10_W_14-25_mrc2,Po10_W,inf,spline6-goff,spline6,off,anderson,rand1,1.0,89099.84838187759,-142427.69676375517,19143.49062514142,17887,9,True,0.1246895999647677
Po10_W_14-25_mrc2,Po10_W,inf,spline6-gscalar,spline6,scalar,anderson,mean,,90390.43244389561,-145006.86488779122,16573.35588964328,17888,10,True,0.16309829999227077
Po10_W_14-25_mrc2,Po10_W,inf,spline6-gscalar,spline6,scalar,anderson,rand0,0.0,90390.43244432901,-145006.86488865802,16573.35588877648,17888,10,True,0.18750390002969652
Po10_W_14-25_mrc2,Po10_W,inf,spline6-gscalar,spline6,scalar,anderson,rand1,1.0,90390.43244473248,-145006.86488946495,16573.35588796955,17888,10,True,0.14745419996324927
Po10_W_14-25_mrc2,Po10_W,inf,spline6-gvarying,spline6,varying,anderson,mean,,90407.34516952216,-145032.69033904432,16583.663992541784,17892,11,True,0.45172960008494556
Po10_W_14-25_mrc2,Po10_W,inf,spline6-gvarying,spline6,varying,anderson,rand0,0.0,90407.34516418519,-145032.69032837037,16583.66400321573,17892,11,True,0.5453331000171602
Po10_W_14-25_mrc2,Po10_W,inf,spline6-gvarying,spline6,varying,anderson,rand1,1.0,90407.34516493726,-145032.69032987452,16583.664001711586,17892,11,True,0.5623568999581039
Po10_W_14-25_mrc2,Po10_W,8,poly2-goff,poly2,off,anderson,mean,,94178.54820790386,-152591.09641580773,8952.990807475173,17884,89,True,1.323927800054662
Po10_W_14-25_mrc2,Po10_W,8,poly2-goff,poly2,off,anderson,rand0,0.0,94177.62556773366,-152589.25113546732,8954.83608781558,17884,140,True,1.9355364000657573
Po10_W_14-25_mrc2,Po10_W,8,poly2-goff,poly2,off,anderson,rand1,1.0,94179.03323846945,-152592.0664769389,8952.020746344002,17884,54,True,0.6226044999202713
Po10_W_14-25_mrc2,Po10_W,8,poly2-gscalar,poly2,scalar,anderson,mean,,95693.42600466247,-155618.85200932494,5934.2686024958675,17885,120,True,1.4392647999338806
Po10_W_14-25_mrc2,Po10_W,8,poly2-gscalar,poly2,scalar,anderson,rand0,0.0,95692.42582841116,-155616.8516568223,5936.268954998493,17885,69,True,0.9136066000210121
Po10_W_14-25_mrc2,Po10_W,8,poly2-gscalar,poly2,scalar,anderson,rand1,1.0,95692.19565979432,-155616.39131958864,5936.729292232165,17885,74,True,0.9622500999830663
Po10_W_14-25_mrc2,Po10_W,8,poly2-gvarying,poly2,varying,anderson,mean,,95711.18689711111,-155652.37379422222,5909.780206136464,17886,123,True,1.7106160999974236
Po10_W_14-25_mrc2,Po10_W,8,poly2-gvarying,poly2,varying,anderson,rand0,0.0,95710.19101360475,-155650.3820272095,5911.771973149182,17886,160,True,2.574453499983065
Po10_W_14-25_mrc2,Po10_W,8,poly2-gvarying,poly2,varying,anderson,rand1,1.0,95709.94980847547,-155649.89961695095,5912.254383407737,17886,72,True,1.387130199931562
Po10_W_14-25_mrc2,Po10_W,8,poly3-goff,poly3,off,anderson,mean,,94209.5607015925,-152651.121403185,8901.999208635796,17885,82,True,1.2934489999897778
Po10_W_14-25_mrc2,Po10_W,8,poly3-goff,poly3,off,anderson,rand0,0.0,94208.6203792197,-152649.2407584394,8903.879853381397,17885,73,True,1.1300906999967992
Po10_W_14-25_mrc2,Po10_W,8,poly3-goff,poly3,off,anderson,rand1,1.0,94208.17990077876,-152648.35980155753,8904.76081026328,17885,57,True,0.972379400045611
Po10_W_14-25_mrc2,Po10_W,8,poly3-gscalar,poly3,scalar,anderson,mean,,95722.40028049094,-155674.80056098188,5887.353439376806,17886,85,True,1.4847326999297366
Po10_W_14-25_mrc2,Po10_W,8,poly3-gscalar,poly3,scalar,anderson,rand0,0.0,95721.38550622044,-155672.77101244088,5889.382987917808,17886,65,True,1.1426966999424621
Po10_W_14-25_mrc2,Po10_W,8,poly3-gscalar,poly3,scalar,anderson,rand1,1.0,95721.1884330142,-155672.3768660284,5889.777134330274,17886,105,True,1.7151069999672472
Po10_W_14-25_mrc2,Po10_W,8,poly3-gvarying,poly3,varying,anderson,mean,,95745.568475923,-155717.136951846,5863.083825588488,17888,86,True,1.544960500090383
Po10_W_14-25_mrc2,Po10_W,8,poly3-gvarying,poly3,varying,anderson,rand0,0.0,95744.53768877833,-155715.07537755667,5865.145399877831,17888,65,True,1.1042432999238372
Po10_W_14-25_mrc2,Po10_W,8,poly3-gvarying,poly3,varying,anderson,rand1,1.0,95744.33595317203,-155714.67190634407,5865.548871090432,17888,73,True,1.345851100049913
Po10_W_14-25_mrc2,Po10_W,8,poly4-goff,poly4,off,anderson,mean,,94231.75709739835,-152693.5141947967,8868.63980556198,17886,97,True,1.4802832000423223
Po10_W_14-25_mrc2,Po10_W,8,poly4-goff,poly4,off,anderson,rand0,0.0,94230.81866733261,-152691.63733466523,8870.51666569346,17886,96,True,1.415177799994126
Po10_W_14-25_mrc2,Po10_W,8,poly4-goff,poly4,off,anderson,rand1,1.0,94230.31277370761,-152690.62554741523,8871.528452943458,17886,55,True,0.7607149999821559
Po10_W_14-25_mrc2,Po10_W,8,poly4-gscalar,poly4,scalar,anderson,mean,,95742.02498249509,-155712.04996499018,5859.137423906417,17887,161,True,2.2848889000015333
Po10_W_14-25_mrc2,Po10_W,8,poly4-gscalar,poly4,scalar,anderson,rand0,0.0,95741.00623525391,-155710.01247050782,5861.174918388773,17887,95,True,1.5768405999988317
Po10_W_14-25_mrc2,Po10_W,8,poly4-gscalar,poly4,scalar,anderson,rand1,1.0,95740.77711092342,-155709.55422184683,5861.63316704976,17887,87,True,1.4038404999300838
Po10_W_14-25_mrc2,Po10_W,8,poly4-gvarying,poly4,varying,anderson,mean,,95768.56873356107,-155759.13746712214,5839.150087388145,17890,138,True,4.036519999965094
Po10_W_14-25_mrc2,Po10_W,8,poly4-gvarying,poly4,varying,anderson,rand0,0.0,95767.52202950697,-155757.04405901395,5841.243495496339,17890,112,True,2.775569000048563
Po10_W_14-25_mrc2,Po10_W,8,poly4-gvarying,poly4,varying,anderson,rand1,1.0,95767.3099498458,-155756.6198996916,5841.667654818681,17890,92,True,2.2849868999328464
Po10_W_14-25_mrc2,Po10_W,8,poly5-goff,poly5,off,anderson,mean,,94238.93592094837,-152705.87184189673,8865.31554699986,17887,77,True,0.9360265999566764
Po10_W_14-25_mrc2,Po10_W,8,poly5-goff,poly5,off,anderson,rand0,0.0,94238.0030534027,-152704.0061068054,8867.181282091187,17887,74,True,0.8931154999881983
Po10_W_14-25_mrc2,Po10_W,8,poly5-goff,poly5,off,anderson,rand1,1.0,94239.44165251995,-152706.8833050399,8864.304083856696,17887,141,True,1.8337952999863774
Po10_W_14-25_mrc2,Po10_W,8,poly5-gscalar,poly5,scalar,anderson,mean,,95748.75255759696,-155723.50511519393,5856.715662240575,17888,136,True,2.075102200033143
Po10_W_14-25_mrc2,Po10_W,8,poly5-gscalar,poly5,scalar,anderson,rand0,0.0,95747.73523519028,-155721.47047038056,5858.750307053939,17888,70,True,1.165265699964948
Po10_W_14-25_mrc2,Po10_W,8,poly5-gscalar,poly5,scalar,anderson,rand1,1.0,95747.44657888077,-155720.89315776154,5859.327619672957,17888,100,True,1.611600200063549
Po10_W_14-25_mrc2,Po10_W,8,poly5-gvarying,poly5,varying,anderson,mean,,95775.24995005262,-155768.49990010523,5847.854431480868,17892,134,True,6.423919299966656
Po10_W_14-25_mrc2,Po10_W,8,poly5-gvarying,poly5,varying,anderson,rand0,0.0,95774.20374893399,-155766.40749786797,5849.9468337181315,17892,74,True,3.2935598000185564
Po10_W_14-25_mrc2,Po10_W,8,poly5-gvarying,poly5,varying,anderson,rand1,1.0,95773.9364849298,-155765.8729698596,5850.481361726503,17892,113,True,4.691550199990161
Po10_W_14-25_mrc2,Po10_W,8,poly6-goff,poly6,off,anderson,mean,,94244.28990995453,-152714.57981990906,8865.640957525437,17888,68,True,1.196292500011623
Po10_W_14-25_mrc2,Po10_W,8,poly6-goff,poly6,off,anderson,rand0,0.0,94243.36201981138,-152712.72403962276,8867.496737811744,17888,54,True,0.9139480000594631
Po10_W_14-25_mrc2,Po10_W,8,poly6-goff,poly6,off,anderson,rand1,1.0,94244.76134905177,-152715.52269810354,8864.698079330963,17888,100,True,1.6612943999934942
Po10_W_14-25_mrc2,Po10_W,8,poly6-gscalar,poly6,scalar,anderson,mean,,95756.70081093957,-155737.40162187914,5851.852544093272,17889,109,True,2.219723500078544
Po10_W_14-25_mrc2,Po10_W,8,poly6-gscalar,poly6,scalar,anderson,rand0,0.0,95755.68789227758,-155735.37578455516,5853.878381417249,17889,82,True,1.584541599964723
Po10_W_14-25_mrc2,Po10_W,8,poly6-gscalar,poly6,scalar,anderson,rand1,1.0,95755.36531686682,-155734.73063373365,5854.52353223876,17889,81,True,1.4989509000442922
Po10_W_14-25_mrc2,Po10_W,8,poly6-gvarying,poly6,varying,anderson,mean,,95784.72805710381,-155783.45611420763,5850.964994454291,17894,104,True,4.706677599926479
Po10_W_14-25_mrc2,Po10_W,8,poly6-gvarying,poly6,varying,anderson,rand0,0.0,95783.67734478335,-155781.3546895667,5853.066419095208,17894,82,True,3.161752000101842
Po10_W_14-25_mrc2,Po10_W,8,poly6-gvarying,poly6,varying,anderson,rand1,1.0,95783.39465753664,-155780.78931507329,5853.631793588633,17894,93,True,3.4980758000165224
Po10_W_14-25_mrc2,Po10_W,8,spline3-goff,spline3,off,anderson,mean,,94207.80972993653,-152649.61945987307,8894.467763409833,17884,121,True,1.46137799997814
Po10_W_14-25_mrc2,Po10_W,8,spline3-goff,spline3,off,anderson,rand0,0.0,94206.86997290383,-152647.73994580767,8896.34727747523,17884,76,True,0.9315803999779746
Po10_W_14-25_mrc2,Po10_W,8,spline3-goff,spline3,off,anderson,rand1,1.0,94206.4301947837,-152646.8603895674,8897.226833715511,17884,56,True,0.761842199950479
Po10_W_14-25_mrc2,Po10_W,8,spline3-gscalar,spline3,scalar,anderson,mean,,95720.97087966194,-155673.94175932388,5879.178852496931,17885,82,True,1.1995804000180215
Po10_W_14-25_mrc2,Po10_W,8,spline3-gscalar,spline3,scalar,anderson,rand0,0.0,95719.95808558392,-155671.91617116783,5881.204440652975,17885,68,True,0.9453451000154018
Po10_W_14-25_mrc2,Po10_W,8,spline3-gscalar,spline3,scalar,anderson,rand1,1.0,95719.75719415295,-155671.5143883059,5881.606223514915,17885,63,True,1.0821549999527633
Po10_W_14-25_mrc2,Po10_W,8,spline3-gvarying,spline3,varying,anderson,mean,,95741.79046531058,-155713.58093062116,5848.573069737526,17886,76,True,1.2634468000615016
Po10_W_14-25_mrc2,Po10_W,8,spline3-gvarying,spline3,varying,anderson,rand0,0.0,95740.7680057706,-155711.5360115412,5850.617988817481,17886,62,True,0.9392073999624699
Po10_W_14-25_mrc2,Po10_W,8,spline3-gvarying,spline3,varying,anderson,rand1,1.0,95740.56541394342,-155711.13082788684,5851.023172471847,17886,85,True,1.1599582999479026
Po10_W_14-25_mrc2,Po10_W,8,spline4-goff,spline4,off,anderson,mean,,94228.91298236963,-152689.82596473926,8863.294647081551,17885,92,True,1.3429931999417022
Po10_W_14-25_mrc2,Po10_W,8,spline4-goff,spline4,off,anderson,rand0,0.0,94227.97248706411,-152687.94497412822,8865.175637692591,17885,90,True,1.2584454999305308
Po10_W_14-25_mrc2,Po10_W,8,spline4-goff,spline4,off,anderson,rand1,1.0,94227.45847105836,-152686.91694211672,8866.20366970409,17885,56,True,0.8630530999507755
Po10_W_14-25_mrc2,Po10_W,8,spline4-gscalar,spline4,scalar,anderson,mean,,95739.58159110021,-155709.16318220043,5852.990818158258,17886,111,True,1.4557208999758586
Po10_W_14-25_mrc2,Po10_W,8,spline4-gscalar,spline4,scalar,anderson,rand0,0.0,95738.56011904213,-155707.12023808426,5855.033762274426,17886,96,True,1.2505488999886438
Po10_W_14-25_mrc2,Po10_W,8,spline4-gscalar,spline4,scalar,anderson,rand1,1.0,95738.32871203804,-155706.65742407608,5855.496576282603,17886,102,True,1.4416550999740139
Po10_W_14-25_mrc2,Po10_W,8,spline4-gvarying,spline4,varying,anderson,mean,,95766.10749656692,-155758.21499313385,5822.005784300651,17888,119,True,1.896201299969107
Po10_W_14-25_mrc2,Po10_W,8,spline4-gvarying,spline4,varying,anderson,rand0,0.0,95765.05467522627,-155756.10935045255,5824.111426981952,17888,99,True,1.4729622000595555
Po10_W_14-25_mrc2,Po10_W,8,spline4-gvarying,spline4,varying,anderson,rand1,1.0,95764.84869862747,-155755.69739725493,5824.523380179569,17888,99,True,1.4511613000649959
Po10_W_14-25_mrc2,Po10_W,8,spline5-goff,spline5,off,anderson,mean,,94245.83252113135,-152721.6650422627,8840.488958095986,17886,76,True,1.0895351999206468
Po10_W_14-25_mrc2,Po10_W,8,spline5-goff,spline5,off,anderson,rand0,0.0,94244.90079416605,-152719.8015883321,8842.35241202658,17886,64,True,0.8936008000746369
Po10_W_14-25_mrc2,Po10_W,8,spline5-goff,spline5,off,anderson,rand1,1.0,94246.28451812529,-152722.56903625058,8839.5849641081,17886,79,True,1.1087606999790296
Po10_W_14-25_mrc2,Po10_W,8,spline5-gscalar,spline5,scalar,anderson,mean,,95758.12394584533,-155744.24789169067,5826.9394972059235,17887,106,True,1.6910790000110865
Po10_W_14-25_mrc2,Po10_W,8,spline5-gscalar,spline5,scalar,anderson,rand0,0.0,95757.10591175023,-155742.21182350046,5828.975565396133,17887,74,True,1.2331777000799775
Po10_W_14-25_mrc2,Po10_W,8,spline5-gscalar,spline5,scalar,anderson,rand1,1.0,95756.79203071477,-155741.58406142954,5829.603327467048,17887,79,True,1.5658255000598729
Po10_W_14-25_mrc2,Po10_W,8,spline5-gvarying,spline5,varying,anderson,mean,,95784.55289647855,-155791.1057929571,5807.181761553191,17890,104,True,2.694318800000474
Po10_W_14-25_mrc2,Po10_W,8,spline5-gvarying,spline5,varying,anderson,rand0,0.0,95783.499075556,-155788.998151112,5809.289403398288,17890,83,True,2.137722799903713
Po10_W_14-25_mrc2,Po10_W,8,spline5-gvarying,spline5,varying,anderson,rand1,1.0,95783.22470913753,-155788.44941827506,5809.838136235223,17890,75,True,1.883984599960968
Po10_W_14-25_mrc2,Po10_W,8,spline6-goff,spline6,off,anderson,mean,,94246.38648359285,-152720.7729671857,8850.414421710884,17887,129,True,1.7814750999677926
Po10_W_14-25_mrc2,Po10_W,8,spline6-goff,spline6,off,anderson,rand0,0.0,94245.456500853,-152718.913001706,8852.274387190584,17887,73,True,1.2470097999321297
Po10_W_14-25_mrc2,Po10_W,8,spline6-goff,spline6,off,anderson,rand1,1.0,94246.82615850573,-152721.65231701147,8849.535071885126,17887,93,True,1.3064972000429407
Po10_W_14-25_mrc2,Po10_W,8,spline6-gscalar,spline6,scalar,anderson,mean,,95758.72572716206,-155743.45145432412,5836.769323110377,17888,97,True,1.8227686999598518
Po10_W_14-25_mrc2,Po10_W,8,spline6-gscalar,spline6,scalar,anderson,rand0,0.0,95757.71109967452,-155741.42219934904,5838.798578085465,17888,82,True,1.5370605000061914
Po10_W_14-25_mrc2,Po10_W,8,spline6-gscalar,spline6,scalar,anderson,rand1,1.0,95757.39750132067,-155740.79500264133,5839.42577479317,17888,78,True,1.4424557000165805
Po10_W_14-25_mrc2,Po10_W,8,spline6-gvarying,spline6,varying,anderson,mean,,95785.30627365917,-155788.61254731833,5827.741784267768,17892,94,True,4.2981849000789225
Po10_W_14-25_mrc2,Po10_W,8,spline6-gvarying,spline6,varying,anderson,rand0,0.0,95784.25504223135,-155786.5100844627,5829.844247123401,17892,93,True,4.06249449995812
Po10_W_14-25_mrc2,Po10_W,8,spline6-gvarying,spline6,varying,anderson,rand1,1.0,95783.98179641715,-155785.9635928343,5830.3907387517975,17892,68,True,3.007431000005454
