slug,slice,solver,nu,cand,basis,gamma_form,full_loglik,full_aic,full_bic,n_params,n_iter,converged,cv_logdens,cv_per_cell,heldout_rmse,n_test_total,n_orphan_total
ALL_B_14-25_mrc2,ALL_B,anderson,inf,poly2-gscalar,poly2,scalar,1826387.3599770688,-2846882.7199541377,2002199.924527062,402947,48,True,1041862.3400876888,0.8373147257373191,0.0812509377984307,1244290,0
ALL_B_14-25_mrc2,ALL_B,anderson,8.0,poly2-gscalar,poly2,scalar,1940697.5004065544,-3075503.0008131084,1773579.6436680914,402947,97,True,1148206.52229427,0.9227804790637796,0.0875297262804054,1244290,0
ALL_B_14-25_mrc2,ALL_B,anderson,inf,poly2-gvarying,poly2,varying,1827770.7094933009,-2849647.4189866013,1999447.2595702424,402948,40,True,1038189.7324346656,0.834363156848215,0.0812878738220754,1244290,0
ALL_B_14-25_mrc2,ALL_B,anderson,8.0,poly2-gvarying,poly2,varying,1940850.5486128568,-3075807.0972257145,1773287.5813311292,402948,159,True,1147636.1509265872,0.9223220880394338,0.0868370137049661,1244290,0
ALL_B_14-25_mrc2,ALL_B,anderson,inf,poly3-gscalar,poly3,scalar,1827000.543981901,-2848107.0879638023,2000987.5905930412,402948,52,True,1041819.7703087496,0.8372805136332764,0.0812275232899702,1244290,0
ALL_B_14-25_mrc2,ALL_B,anderson,8.0,poly3-gscalar,poly3,scalar,1941424.910334739,-3076955.820669478,1772138.857887366,402948,116,True,1148698.6678034407,0.9231760022208976,0.0874856121765672,1244290,0
ALL_B_14-25_mrc2,ALL_B,anderson,inf,poly3-gvarying,poly3,varying,1830785.411489841,-2855672.822979682,1993445.9237284493,402950,39,True,1040508.3919955528,0.8362265966901227,0.0811092859120359,1244290,0
ALL_B_14-25_mrc2,ALL_B,anderson,8.0,poly3-gvarying,poly3,varying,1943196.1917097813,-3080494.383419563,1768624.3632885683,402950,139,True,1152775.6379872723,0.9264525456182018,0.0832048555034962,1244290,0
ALL_B_14-25_mrc2,ALL_B,anderson,inf,spline3-gscalar,spline3,scalar,1826957.7461869367,-2848023.492373873,2001059.1521073263,402947,53,True,1041839.9761932858,0.8372967525201406,0.0812286692555061,1244290,0
ALL_B_14-25_mrc2,ALL_B,anderson,8.0,spline3-gscalar,spline3,scalar,1941369.1499865877,-3076846.299973175,1772236.3445080249,402947,131,True,1148447.744927384,0.9229743427395414,0.0875011837676129,1244290,0
ALL_B_14-25_mrc2,ALL_B,anderson,inf,spline3-gvarying,spline3,varying,1828995.5071682977,-2852097.014336596,1996997.6642202483,402948,36,True,1039101.5668428316,0.8350959718737848,0.0812149200816065,1244290,0
ALL_B_14-25_mrc2,ALL_B,anderson,8.0,spline3-gvarying,spline3,varying,1942424.5515285025,-3078955.1030570045,1770139.5754998391,402948,155,True,1151065.8745833891,0.9250784580631436,0.0835127596401115,1244290,0
ALL_B_14-25_mrc2,ALL_B,anderson,inf,spline4-gscalar,spline4,scalar,1827413.5892930368,-2848933.178586073,2000161.4999707704,402948,48,True,1041871.1915703524,0.8373218394187468,0.0812098222082186,1244290,0
ALL_B_14-25_mrc2,ALL_B,anderson,8.0,spline4-gscalar,spline4,scalar,1941868.471114384,-3077842.942228768,1771251.7363280756,402948,128,True,1148635.168049709,0.9231249692995274,0.0874818634444117,1244290,0
ALL_B_14-25_mrc2,ALL_B,anderson,inf,spline4-gvarying,spline4,varying,1829505.563390952,-2853113.126781904,1996005.6199262275,402950,51,True,1038640.309043812,0.8347252722788191,0.0812064727294445,1244290,0
ALL_B_14-25_mrc2,ALL_B,anderson,8.0,spline4-gvarying,spline4,varying,1944514.4929417488,-3083130.9858834976,1765987.7608246338,402950,112,True,1152623.7761123972,0.9263304986075572,0.0845664591010915,1244290,0
ALL_B_14-25_mrc2,ALL_B,anderson,inf,spline5-gscalar,spline5,scalar,1827532.0626489604,-2849168.125297921,1999938.5873345667,402949,50,True,1041987.2532409416,0.8374151148373302,0.081202200052888,1244290,0
ALL_B_14-25_mrc2,ALL_B,anderson,8.0,spline5-gscalar,spline5,scalar,1942002.5711230312,-3078109.1422460624,1770997.5703864251,402949,156,True,1148743.9529226895,0.9232123965656636,0.087480722210576,1244290,0
ALL_B_14-25_mrc2,ALL_B,anderson,inf,spline5-gvarying,spline5,varying,1830643.5545924376,-2855385.109184875,1993757.705674545,402952,53,True,1040535.8418401245,0.8362486573388234,0.0811136759445178,1244290,0
ALL_B_14-25_mrc2,ALL_B,anderson,8.0,spline5-gvarying,spline5,varying,1944786.348535254,-3083670.6970705083,1765472.1177889118,402952,141,True,1152845.5786401655,0.9265087549045364,0.0855309596383838,1244290,0
ALL_B_14-25_mrc2,ALL_B,anderson,inf,spline6-gscalar,spline6,scalar,1827547.25689939,-2849196.51379878,1999922.232909352,402950,49,True,1041986.9385671766,0.8374148619430973,0.0812016028878544,1244290,0
ALL_B_14-25_mrc2,ALL_B,anderson,8.0,spline6-gscalar,spline6,scalar,1942017.7730026797,-3078137.546005359,1770981.2007027725,402950,114,True,1148777.2473856958,0.9232391543656993,0.0874785909774287,1244290,0
ALL_B_14-25_mrc2,ALL_B,anderson,inf,spline6-gvarying,spline6,varying,1831970.2785631297,-2858034.5571262594,1991132.3258844484,402954,39,True,1043020.7458569828,0.8382457030571512,0.0809984280076465,1244290,0
ALL_B_14-25_mrc2,ALL_B,anderson,8.0,spline6-gvarying,spline6,varying,1944818.4639934488,-3083730.9279868985,1765435.955023809,402954,105,True,1153295.2570369304,0.926870148467745,0.0854549716374979,1244290,0
ALL_M_14-25_mrc2,ALL_M,anderson,inf,poly2-gscalar,poly2,scalar,1250916.020500871,-1945334.0410017415,1301345.798315755,278250,55,True,719946.5807999464,0.8341674632011541,0.0822776621303484,863072,0
ALL_M_14-25_mrc2,ALL_M,anderson,8.0,poly2-gscalar,poly2,scalar,1334002.2273378198,-2111506.4546756395,1135173.3846418574,278250,93,True,792389.6491044824,0.9181037608733482,0.0898748762808314,863072,0
ALL_M_14-25_mrc2,ALL_M,anderson,inf,poly2-gvarying,poly2,varying,1251549.537454339,-1946599.074908678,1300092.4326622155,278251,55,True,717237.3624354792,0.8310284222353166,0.0823413830987385,863072,0
ALL_M_14-25_mrc2,ALL_M,anderson,8.0,poly2-gvarying,poly2,varying,1334171.1387712597,-2111842.277542519,1134849.2300283746,278251,173,True,791812.018332146,0.9174344878899396,0.0890142649413771,863072,0
ALL_M_14-25_mrc2,ALL_M,anderson,inf,poly3-gscalar,poly3,scalar,1251355.534972221,-1946211.069944441,1300480.4376264522,278251,55,True,719907.8369928971,0.8341225726160704,0.0822537286118179,863072,0
ALL_M_14-25_mrc2,ALL_M,anderson,8.0,poly3-gscalar,poly3,scalar,1334529.5518152248,-2112559.1036304496,1134132.403940444,278251,96,True,792542.8901371874,0.9182813138848062,0.0898385361094996,863072,0
ALL_M_14-25_mrc2,ALL_M,anderson,inf,poly3-gvarying,poly3,varying,1254424.2366962044,-1952344.4733924088,1294370.3706852775,278253,52,True,718513.2011148029,0.8325066751265281,0.0821295469944395,863072,0
ALL_M_14-25_mrc2,ALL_M,anderson,8.0,poly3-gvarying,poly3,varying,1335916.7011157088,-2115329.4022314176,1131385.4418462687,278253,119,True,795701.3964704056,0.9219409232027056,0.0847900993660151,863072,0
ALL_M_14-25_mrc2,ALL_M,anderson,inf,spline3-gscalar,spline3,scalar,1251331.2206920425,-1946164.441384085,1300515.397933412,278250,52,True,719923.2203509181,0.8341403965728446,0.0822545302251369,863072,0
ALL_M_14-25_mrc2,ALL_M,anderson,8.0,spline3-gscalar,spline3,scalar,1334498.350807191,-2112498.7016143827,1134181.1377031142,278250,96,True,792498.0097035624,0.9182293130857708,0.0898479205617136,863072,0
ALL_M_14-25_mrc2,ALL_M,anderson,inf,spline3-gvarying,spline3,varying,1252401.0185125002,-1948302.0370250004,1298389.470545893,278251,55,True,717603.3683340031,0.8314524956596937,0.0822774945789163,863072,0
ALL_M_14-25_mrc2,ALL_M,anderson,8.0,spline3-gvarying,spline3,varying,1335361.3328371756,-2114222.665674351,1132468.8418965423,278251,129,True,794281.5240040699,0.9202957852926174,0.0854048305442596,863072,0
ALL_M_14-25_mrc2,ALL_M,anderson,inf,spline4-gscalar,spline4,scalar,1251630.8298556595,-1946761.659711319,1299929.8478595745,278251,52,True,719968.5895842747,0.8341929637206105,0.0822357156129781,863072,0
ALL_M_14-25_mrc2,ALL_M,anderson,8.0,spline4-gscalar,spline4,scalar,1334834.541868091,-2113169.083736182,1133522.4238347113,278251,102,True,792582.7320711466,0.9183274768167042,0.0898261248218076,863072,0
ALL_M_14-25_mrc2,ALL_M,anderson,inf,spline4-gvarying,spline4,varying,1252809.4732059538,-1949114.946411908,1297599.8976657786,278253,54,True,717476.6477740952,0.8313056706440427,0.0822592034542956,863072,0
ALL_M_14-25_mrc2,ALL_M,anderson,8.0,spline4-gvarying,spline4,varying,1336862.725600227,-2117221.451200454,1129493.3928772325,278253,111,True,795611.8458558196,0.9218371652142808,0.0862788025839053,863072,0
ALL_M_14-25_mrc2,ALL_M,anderson,inf,spline5-gscalar,spline5,scalar,1251704.9462027946,-1946907.892405589,1299795.2834187006,278252,54,True,720046.7645005971,0.8342835412347952,0.0822285307097508,863072,0
ALL_M_14-25_mrc2,ALL_M,anderson,8.0,spline5-gscalar,spline5,scalar,1334919.9135511937,-2113337.827102388,1133365.3487219024,278252,98,True,792626.7278112734,0.91837845256395,0.08983138352941,863072,0
ALL_M_14-25_mrc2,ALL_M,anderson,inf,spline5-gvarying,spline5,varying,1254045.9908948676,-1951583.9817897351,1295154.198794744,278255,51,True,718856.9905819853,0.8329050074408454,0.0821372657971682,863072,0
ALL_M_14-25_mrc2,ALL_M,anderson,8.0,spline5-gvarying,spline5,varying,1337053.4445866956,-2117598.8891733917,1129139.2914110878,278255,100,True,796004.3663602455,0.9222919598367756,0.087339287220293,863072,0
ALL_M_14-25_mrc2,ALL_M,anderson,inf,spline6-gscalar,spline6,scalar,1251714.9386421484,-1946925.8772842968,1299788.9667933895,278253,55,True,720051.5706474688,0.8342891098859293,0.0822277689650481,863072,0
ALL_M_14-25_mrc2,ALL_M,anderson,8.0,spline6-gscalar,spline6,scalar,1334932.4268096644,-2113360.8536193287,1133353.9904583576,278253,99,True,792654.394987685,0.9184105091900618,0.0898270058477644,863072,0
ALL_M_14-25_mrc2,ALL_M,anderson,inf,spline6-gvarying,spline6,varying,1255461.2184246052,-1954410.4368492104,1292351.080242062,278257,54,True,721386.5413017442,0.8358358761514035,0.081961379325702,863072,0
ALL_M_14-25_mrc2,ALL_M,anderson,8.0,spline6-gvarying,spline6,varying,1337076.3500351268,-2117640.7000702536,1129120.8170210188,278257,107,True,795807.701789313,0.9220640940608814,0.087406857100758,863072,0
ALL_W_14-25_mrc2,ALL_W,anderson,inf,poly2-gscalar,poly2,scalar,577307.4717241446,-904636.9434482892,451573.201509076,124990,53,True,320504.0931680125,0.841149652306538,0.0787594970325943,381031,0
ALL_W_14-25_mrc2,ALL_W,anderson,8.0,poly2-gscalar,poly2,scalar,607993.6466701825,-966009.2933403648,390200.8516170003,124990,162,True,356475.010287049,0.9355538270824396,0.082717310250774,381031,0
ALL_W_14-25_mrc2,ALL_W,anderson,inf,poly2-gvarying,poly2,varying,578946.9839070184,-907913.9678140368,448307.027779344,124991,54,True,322415.6528424784,0.8461664611080947,0.0783992312561448,381031,0
ALL_W_14-25_mrc2,ALL_W,anderson,8.0,poly2-gvarying,poly2,varying,608005.901281718,-966031.802563436,390189.1930299448,124991,177,True,356477.9184779252,0.9355614595083476,0.0827282154757205,381031,0
ALL_W_14-25_mrc2,ALL_W,anderson,inf,poly3-gscalar,poly3,scalar,577475.4490314167,-904970.8980628334,451250.09753054753,124991,54,True,320477.902769054,0.8410809166945838,0.078739617271355,381031,0
ALL_W_14-25_mrc2,ALL_W,anderson,8.0,poly3-gscalar,poly3,scalar,608184.0103193421,-966388.0206386844,389832.9749546966,124991,147,True,356511.42229023745,0.9356493888692454,0.0827008928289865,381031,0
ALL_W_14-25_mrc2,ALL_W,anderson,inf,poly3-gvarying,poly3,varying,579148.8348067685,-908313.6696135368,447929.027251875,124993,57,True,322394.0619313496,0.846109796660507,0.0783746888731721,381031,0
ALL_W_14-25_mrc2,ALL_W,anderson,8.0,poly3-gvarying,poly3,varying,608534.8583988391,-967085.7167976784,389156.9800677337,124993,201,True,357382.35718413943,0.9379351212477184,0.0799052669850313,381031,0
ALL_W_14-25_mrc2,ALL_W,anderson,inf,spline3-gscalar,spline3,scalar,577457.232711696,-904936.465423392,451273.6795339733,124990,54,True,320495.868793627,0.8411280677782832,0.0787405832861523,381031,0
ALL_W_14-25_mrc2,ALL_W,anderson,8.0,spline3-gscalar,spline3,scalar,608163.492154042,-966348.984308084,389861.1606492812,124990,167,True,356497.57918184006,0.9356130582074426,0.0827020220283738,381031,0
ALL_W_14-25_mrc2,ALL_W,anderson,inf,spline3-gvarying,spline3,varying,579042.033787963,-908104.067575926,448116.9280174549,124991,55,True,322152.72631272447,0.8454764213744406,0.0784065711005952,381031,0
ALL_W_14-25_mrc2,ALL_W,anderson,8.0,spline3-gvarying,spline3,varying,608304.4590476763,-966628.9180953526,389592.0774980283,124991,190,True,356715.22175002383,0.936184252068792,0.0812429457516165,381031,0
ALL_W_14-25_mrc2,ALL_W,anderson,inf,spline4-gscalar,spline4,scalar,577618.3331634654,-905256.6663269307,450964.3292664501,124991,55,True,320475.76990356937,0.8410753190778949,0.0787213085406668,381031,0
ALL_W_14-25_mrc2,ALL_W,anderson,8.0,spline4-gscalar,spline4,scalar,608326.5728310383,-966673.1456620764,389547.84993130434,124991,160,True,356567.3437449804,0.935796152399622,0.082673391003991,381031,0
ALL_W_14-25_mrc2,ALL_W,anderson,inf,spline4-gvarying,spline4,varying,579513.2589648055,-909042.517929611,447200.1789358009,124993,58,True,322729.9747232678,0.8469913858013332,0.0783022246297121,381031,0
ALL_W_14-25_mrc2,ALL_W,anderson,8.0,spline4-gvarying,spline4,varying,608939.6833661856,-967895.3667323712,388347.3301330407,124993,173,True,357535.7240718189,0.9383376262609052,0.0810371555246142,381031,0
ALL_W_14-25_mrc2,ALL_W,anderson,inf,spline5-gscalar,spline5,scalar,577663.4762496426,-905344.9524992852,450886.8937301114,124992,55,True,320504.2204974425,0.8411499864773274,0.0787132925650509,381031,0
ALL_W_14-25_mrc2,ALL_W,anderson,8.0,spline5-gscalar,spline5,scalar,608376.774659061,-966771.549318122,389460.29691127455,124992,178,True,356625.9980930971,0.935950088294908,0.08266965080187,381031,0
ALL_W_14-25_mrc2,ALL_W,anderson,inf,spline5-gvarying,spline5,varying,579546.5866410387,-909105.1732820772,447159.22485536593,124995,58,True,322692.922908145,0.8468941448547362,0.078300657491617,381031,0
ALL_W_14-25_mrc2,ALL_W,anderson,8.0,spline5-gvarying,spline5,varying,609031.2517114067,-968074.5034228136,388189.89471462974,124995,201,True,357454.7129711274,0.9381250159990326,0.0817770253821591,381031,0
ALL_W_14-25_mrc2,ALL_W,anderson,inf,spline6-gscalar,spline6,scalar,577670.748067015,-905357.49613403,450885.200731382,124993,56,True,320496.11894530687,0.841128724290955,0.078712972434273,381031,0
ALL_W_14-25_mrc2,ALL_W,anderson,8.0,spline6-gscalar,spline6,scalar,608383.7572746271,-966783.5145492542,389459.1823161577,124993,158,True,356629.1086584531,0.935958251844215,0.0826681749575515,381031,0
ALL_W_14-25_mrc2,ALL_W,anderson,inf,spline6-gvarying,spline6,varying,579596.5928562806,-909201.1857125612,447084.9136969133,124997,57,True,322711.6825902044,0.8469433788594745,0.0782928202644355,381031,0
ALL_W_14-25_mrc2,ALL_W,anderson,8.0,spline6-gvarying,spline6,varying,609045.8945702952,-968099.7891405904,388186.31026888406,124997,167,True,357600.1359853324,0.93850667264693,0.0816718927877643,381031,0
Po10_B_14-25_mrc2,Po10_B,anderson,inf,poly2-gscalar,poly2,scalar,247740.44782953133,-395204.89565906266,112448.5142915632,50139,10,True,145553.8740538628,0.7891322977417092,0.0893107982656357,184448,0
Po10_B_14-25_mrc2,Po10_B,anderson,8.0,poly2-gscalar,poly2,scalar,265946.1511326193,-431616.3022652386,76037.10768538725,50139,296,True,168735.94699751248,0.9148158125732592,0.0896763268596554,184448,0
Po10_B_14-25_mrc2,Po10_B,anderson,inf,poly2-gvarying,poly2,varying,247766.2170087364,-395254.4340174728,112409.10105601283,50140,10,True,145553.4790542062,0.7891301562185884,0.089303570556461,184448,0
Po10_B_14-25_mrc2,Po10_B,anderson,8.0,poly2-gvarying,poly2,varying,265996.1400212819,-431714.2800425638,75949.2550309219,50140,196,True,169406.29560234453,0.918450162660178,0.0894477945265564,184448,0
Po10_B_14-25_mrc2,Po10_B,anderson,inf,poly3-gscalar,poly3,scalar,247822.3809576139,-395366.7619152278,112296.77315825789,50140,10,True,145426.29091799108,0.7884405952788378,0.0893136069795912,184448,0
Po10_B_14-25_mrc2,Po10_B,anderson,8.0,poly3-gscalar,poly3,scalar,266053.3665368004,-431828.7330736008,75834.80199988489,50140,259,True,168060.2812522449,0.911152635172216,0.0900317384961895,184448,0
Po10_B_14-25_mrc2,Po10_B,anderson,inf,poly3-gvarying,poly3,varying,247875.94504736405,-395469.8900947281,112213.89522447751,50142,11,True,145452.53572627087,0.7885828836651569,0.0892932519112091,184448,0
Po10_B_14-25_mrc2,Po10_B,anderson,8.0,poly3-gvarying,poly3,varying,266130.6451647006,-431979.2903294012,75704.49498980446,50142,254,True,168320.21909110175,0.912561909541452,0.0899017884767549,184448,0
Po10_B_14-25_mrc2,Po10_B,anderson,inf,poly4-gscalar,poly4,scalar,247848.73980219453,-395417.47960438905,112256.1805919566,50141,11,True,145390.09156336257,0.7882443375008814,0.0893136692499614,184448,0
Po10_B_14-25_mrc2,Po10_B,anderson,8.0,poly4-gscalar,poly4,scalar,266087.4969539429,-431894.99390788574,75778.6662884599,50141,265,True,167868.68135421336,0.9101138605689048,0.0901009889221846,184448,0
Po10_B_14-25_mrc2,Po10_B,anderson,inf,poly4-gvarying,poly4,varying,247905.86032248475,-395525.7206449695,112178.31491995593,50144,11,True,145421.67446772772,0.7884155668141033,0.0892912607064195,184448,0
Po10_B_14-25_mrc2,Po10_B,anderson,8.0,poly4-gvarying,poly4,varying,266171.3017764621,-432056.6035529242,75647.43201200117,50144,193,True,168169.61321628105,0.911745387406104,0.0900047611760839,184448,0
Po10_B_14-25_mrc2,Po10_B,anderson,inf,poly5-gscalar,poly5,scalar,247871.69246610516,-395461.3849322103,112222.40038699534,50142,11,True,145340.94566809034,0.7879778889881719,0.0893171013950326,184448,0
Po10_B_14-25_mrc2,Po10_B,anderson,8.0,poly5-gscalar,poly5,scalar,266110.42173786013,-431938.84347572026,75744.94184348534,50142,206,True,167900.2361190434,0.9102849373213232,0.0900624313022422,184448,0
Po10_B_14-25_mrc2,Po10_B,anderson,inf,poly5-gvarying,poly5,varying,247929.17499599303,-395568.3499919861,112155.93581865908,50146,11,True,145366.00839304025,0.78811376861251,0.0892959055567811,184448,0
Po10_B_14-25_mrc2,Po10_B,anderson,8.0,poly5-gvarying,poly5,varying,266194.5475914514,-432099.0951829028,75625.19062774244,50146,190,True,168166.27393100556,0.9117272831963782,0.0899714521697014,184448,0
Po10_B_14-25_mrc2,Po10_B,anderson,inf,poly6-gscalar,poly6,scalar,247887.86456049373,-395491.72912098747,112202.18132107798,50143,11,True,145334.79072379626,0.7879445194515325,0.0893138512119092,184448,0
Po10_B_14-25_mrc2,Po10_B,anderson,8.0,poly6-gscalar,poly6,scalar,266123.00751132675,-431962.0150226535,75731.89541941194,50143,162,True,167966.05719085562,0.91064179167492,0.0900605279497013,184448,0
Po10_B_14-25_mrc2,Po10_B,anderson,inf,poly6-gvarying,poly6,varying,247947.73965302896,-395601.4793060579,112143.0567503072,50148,11,True,145357.63093012897,0.7880683495084195,0.0892924482016239,184448,0
Po10_B_14-25_mrc2,Po10_B,anderson,8.0,poly6-gvarying,poly6,varying,266211.11888663773,-432128.23777327547,75616.29828308965,50148,165,True,168143.65311414312,0.9116046425775456,0.0899740843770988,184448,0
Po10_B_14-25_mrc2,Po10_B,anderson,inf,spline3-gscalar,spline3,scalar,247816.67161485643,-395357.34322971286,112296.066720913,50139,10,True,145457.9222851862,0.7886120873372778,0.0893087079825878,184448,0
Po10_B_14-25_mrc2,Po10_B,anderson,8.0,spline3-gscalar,spline3,scalar,266046.87104224146,-431817.7420844829,75835.66786614293,50139,201,True,168282.11567544343,0.9123553287400428,0.0899436974366368,184448,0
Po10_B_14-25_mrc2,Po10_B,anderson,inf,spline3-gvarying,spline3,varying,247853.38131096328,-395428.76262192655,112234.77245155914,50140,10,True,145466.32143239462,0.7886576240045683,0.0892966113508562,184448,0
Po10_B_14-25_mrc2,Po10_B,anderson,8.0,spline3-gvarying,spline3,varying,266111.46264533966,-431944.9252906793,75718.60978280636,50140,236,True,168974.47365572865,0.9161090044659126,0.0896712401431919,184448,0
Po10_B_14-25_mrc2,Po10_B,anderson,inf,spline4-gscalar,spline4,scalar,247854.92964945995,-395431.8592989199,112231.67577456578,50140,11,True,145355.14335049645,0.7880548628908769,0.0893190677417841,184448,0
Po10_B_14-25_mrc2,Po10_B,anderson,8.0,spline4-gscalar,spline4,scalar,266090.625008757,-431903.250017514,75760.2850559717,50140,223,True,167757.52235226665,0.9095112028987392,0.0901453937595423,184448,0
Po10_B_14-25_mrc2,Po10_B,anderson,inf,spline4-gvarying,spline4,varying,247909.0496415398,-395536.0992830796,112147.686036126,50142,11,True,145383.99529896304,0.7882112861021158,0.0892980480296428,184448,0
Po10_B_14-25_mrc2,Po10_B,anderson,8.0,spline4-gvarying,spline4,varying,266173.76384757773,-432065.5276951554,75618.25762405014,50142,205,True,168046.76929861502,0.911079379004462,0.0900217399206299,184448,0
Po10_B_14-25_mrc2,Po10_B,anderson,inf,spline5-gscalar,spline5,scalar,247888.55036836132,-395497.1007367227,112176.55945962296,50141,11,True,145345.09119371127,0.7880003642962313,0.0893115964035379,184448,0
Po10_B_14-25_mrc2,Po10_B,anderson,8.0,spline5-gscalar,spline5,scalar,266124.12244046124,-431968.2448809225,75705.41531542316,50141,173,True,168068.5780474557,0.9111976169297348,0.0899978975859425,184448,0
Po10_B_14-25_mrc2,Po10_B,anderson,inf,spline5-gvarying,spline5,varying,247942.4561381357,-395598.9122762714,112105.12328865402,50144,11,True,145363.2623684029,0.7880988808141206,0.0892928134488763,184448,0
Po10_B_14-25_mrc2,Po10_B,anderson,8.0,spline5-gvarying,spline5,varying,266206.96893653646,-432127.9378730729,75576.09769185248,50144,189,True,168269.5416186858,0.9122871574573094,0.08991929731313,184448,0
Po10_B_14-25_mrc2,Po10_B,anderson,inf,spline6-gscalar,spline6,scalar,247889.2488968511,-395496.4977937022,112187.28752550345,50142,11,True,145341.28585475558,0.7879797333381526,0.0893121646384903,184448,0
Po10_B_14-25_mrc2,Po10_B,anderson,8.0,spline6-gscalar,spline6,scalar,266124.8717030923,-431967.7434061846,75716.041913021,50142,144,True,168004.59438272077,0.9108507242297056,0.0900185210504524,184448,0
Po10_B_14-25_mrc2,Po10_B,anderson,inf,spline6-gvarying,spline6,varying,247946.4283392171,-395602.8566784342,112121.42913221102,50146,11,True,145355.50918679195,0.7880568463024373,0.0892932936982504,184448,0
Po10_B_14-25_mrc2,Po10_B,anderson,8.0,spline6-gvarying,spline6,varying,266209.60138122895,-432129.2027624579,75595.08304818731,50146,167,True,168112.34403701627,0.911434897841214,0.089984569595671,184448,0
Po10_M_14-25_mrc2,Po10_M,anderson,inf,poly2-gscalar,poly2,scalar,157188.8098313955,-249823.61966279105,63516.14278586162,32278,10,True,91656.53584279692,0.7542506241178154,0.0932835546967826,121520,0
Po10_M_14-25_mrc2,Po10_M,anderson,8.0,poly2-gscalar,poly2,scalar,169355.25169014625,-274156.5033802925,39183.25906836015,32278,296,True,107172.79081628114,0.8819354082972444,0.0935153364907703,121520,0
Po10_M_14-25_mrc2,Po10_M,anderson,inf,poly2-gvarying,poly2,varying,157206.4969972158,-249856.9939944316,63492.47628835839,32279,10,True,91656.6692593499,0.7542517220157168,0.0932756265816011,121520,0
Po10_M_14-25_mrc2,Po10_M,anderson,8.0,poly2-gvarying,poly2,varying,169391.37026473123,-274226.74052946246,39122.7297533275,32279,225,True,107384.46061653562,0.883677259846409,0.093455785527701,121520,0
Po10_M_14-25_mrc2,Po10_M,anderson,inf,poly3-gscalar,poly3,scalar,157250.35254651937,-249944.70509303876,63404.765189751226,32279,9,True,91564.70204314924,0.7534949147724592,0.0932863766795649,121520,0
Po10_M_14-25_mrc2,Po10_M,anderson,8.0,poly3-gscalar,poly3,scalar,169437.10285444878,-274318.2057088976,39031.2645738924,32279,235,True,106600.09975979188,0.8772226774176423,0.0939292619354331,121520,0
Po10_M_14-25_mrc2,Po10_M,anderson,inf,poly3-gvarying,poly3,varying,157291.4975189963,-250022.9950379926,63345.89091307187,32281,11,True,91581.66058542338,0.7536344682803109,0.093262607077654,121520,0
Po10_M_14-25_mrc2,Po10_M,anderson,8.0,poly3-gvarying,poly3,varying,169494.95802944162,-274429.91605888325,38938.96989218122,32281,289,True,106825.493906712,0.8790774679617511,0.0937962108057119,121520,0
Po10_M_14-25_mrc2,Po10_M,anderson,inf,poly4-gscalar,poly4,scalar,157262.93848982934,-249967.87697965867,63391.30113726854,32280,11,True,91540.54096970057,0.7532960909290697,0.0932888007410165,121520,0
Po10_M_14-25_mrc2,Po10_M,anderson,8.0,poly4-gscalar,poly4,scalar,169453.94143113203,-274349.88286226406,39009.29525466316,32280,191,True,106467.78926806836,0.8761338814028008,0.0940542057332086,121520,0
Po10_M_14-25_mrc2,Po10_M,anderson,inf,poly4-gvarying,poly4,varying,157308.0701603312,-250052.1403206624,63336.16129867663,32283,11,True,91554.42730360402,0.7534103629328837,0.0932643298418043,121520,0
Po10_M_14-25_mrc2,Po10_M,anderson,8.0,poly4-gvarying,poly4,varying,169515.80276781134,-274467.6055356227,38920.69608371635,32283,207,True,106815.87805360356,0.8789983381632945,0.093820964126984,121520,0
Po10_M_14-25_mrc2,Po10_M,anderson,inf,poly5-gscalar,poly5,scalar,157277.83937527475,-249995.6787505495,63373.20720051497,32281,11,True,91519.91815880708,0.7531263837953183,0.09328898756436,121520,0
Po10_M_14-25_mrc2,Po10_M,anderson,8.0,poly5-gscalar,poly5,scalar,169469.93229728378,-274379.8645945676,38989.0213564969,32281,144,True,106545.71783090278,0.8767751631904442,0.0939680380509863,121520,0
Po10_M_14-25_mrc2,Po10_M,anderson,inf,poly5-gvarying,poly5,varying,157324.411217375,-250080.82243475,63326.89485286357,32285,11,True,91532.2092557222,0.753227528437477,0.0932643710618422,121520,0
Po10_M_14-25_mrc2,Po10_M,anderson,8.0,poly5-gvarying,poly5,varying,169532.88480653346,-274497.7696130669,38909.94767454662,32285,190,True,106676.03299817124,0.8778475394846217,0.093899988191255,121520,0
Po10_M_14-25_mrc2,Po10_M,anderson,inf,poly6-gscalar,poly6,scalar,157286.6918555716,-250011.3837111432,63367.2100740585,32282,11,True,91513.1629418174,0.7530707944520852,0.0932873247907837,121520,0
Po10_M_14-25_mrc2,Po10_M,anderson,8.0,poly6-gscalar,poly6,scalar,169476.10739355985,-274390.2147871197,38988.378998082015,32282,254,True,106656.21533534596,0.8776844579933012,0.0938818673445159,121520,0
Po10_M_14-25_mrc2,Po10_M,anderson,inf,poly6-gvarying,poly6,varying,157334.31417701254,-250096.62835402507,63330.50460186304,32287,11,True,91526.3777781756,0.7531795406367313,0.0932619452334635,121520,0
Po10_M_14-25_mrc2,Po10_M,anderson,8.0,poly6-gvarying,poly6,varying,169541.4200402298,-274510.8400804596,38916.29287542851,32287,156,True,106695.46672368134,0.878007461518115,0.0938898184256991,121520,0
Po10_M_14-25_mrc2,Po10_M,anderson,inf,spline3-gscalar,spline3,scalar,157245.55847495334,-249937.1169499067,63402.64549874596,32278,10,True,91590.97330955956,0.7537111036007207,0.093279876603945,121520,0
Po10_M_14-25_mrc2,Po10_M,anderson,8.0,spline3-gscalar,spline3,scalar,169431.43332177648,-274308.86664355296,39030.89580509969,32278,270,True,106789.02633206637,0.8787773727128567,0.0938058966311662,121520,0
Po10_M_14-25_mrc2,Po10_M,anderson,inf,spline3-gvarying,spline3,varying,157272.1287024417,-249988.2574048834,63361.21287790657,32279,10,True,91596.94093045256,0.7537602117384179,0.0932661066559625,121520,0
Po10_M_14-25_mrc2,Po10_M,anderson,8.0,spline3-gvarying,spline3,varying,169479.3383312488,-274402.6766624976,38946.79362029239,32279,275,True,107021.70528662844,0.8806921106536244,0.093737608961209,121520,0
Po10_M_14-25_mrc2,Po10_M,anderson,inf,spline4-gscalar,spline4,scalar,157269.14059411638,-249982.2811882328,63367.1890945572,32279,11,True,91524.74001915003,0.7531660633570608,0.0932912789163637,121520,0
Po10_M_14-25_mrc2,Po10_M,anderson,8.0,spline4-gscalar,spline4,scalar,169459.1407454611,-274362.2814909222,38987.18879186775,32279,199,True,106467.7368490944,0.8761334500419222,0.0940231739338835,121520,0
Po10_M_14-25_mrc2,Po10_M,anderson,inf,spline4-gvarying,spline4,varying,157310.777758506,-250061.555517012,63307.33043405245,32281,11,True,91546.62910270042,0.7533461907727158,0.0932657576941784,121520,0
Po10_M_14-25_mrc2,Po10_M,anderson,8.0,spline4-gvarying,spline4,varying,169519.57529113008,-274479.15058226016,38889.73536880431,32281,171,True,106721.58152292222,0.8782223627626911,0.0938618977475645,121520,0
Po10_M_14-25_mrc2,Po10_M,anderson,inf,spline5-gscalar,spline5,scalar,157286.18286291178,-250014.3657258236,63344.81239110365,32280,11,True,91527.32131620332,0.753187305103714,0.0932830101598628,121520,0
Po10_M_14-25_mrc2,Po10_M,anderson,8.0,spline5-gscalar,spline5,scalar,169475.71324835514,-274393.4264967103,38965.751620216935,32280,226,True,106671.68331407355,0.8778117455075177,0.093872205928619,121520,0
Po10_M_14-25_mrc2,Po10_M,anderson,inf,spline5-gvarying,spline5,varying,157329.0584461711,-250094.11689234225,63294.18472699681,32283,11,True,91544.70168091464,0.7533303298297782,0.0932583845816454,121520,0
Po10_M_14-25_mrc2,Po10_M,anderson,8.0,spline5-gvarying,spline5,varying,169536.45789373355,-274508.9157874671,38879.38583187194,32283,156,True,106747.88052389475,0.8784387798213855,0.0938531581237136,121520,0
Po10_M_14-25_mrc2,Po10_M,anderson,inf,spline6-gscalar,spline6,scalar,157286.41066075946,-250012.8213215189,63356.06462954555,32281,11,True,91525.15244084357,0.7531694572156317,0.0932836098084921,121520,0
Po10_M_14-25_mrc2,Po10_M,anderson,8.0,spline6-gscalar,spline6,scalar,169476.15682196058,-274392.3136439212,38976.5723071433,32281,179,True,106682.3477361794,0.8778995040831089,0.0938671538205447,121520,0
Po10_M_14-25_mrc2,Po10_M,anderson,inf,spline6-gvarying,spline6,varying,157331.6684551165,-250095.33691023305,63312.38037738053,32285,11,True,91542.7273976806,0.7533140832593861,0.0932578563113947,121520,0
Po10_M_14-25_mrc2,Po10_M,anderson,8.0,spline6-gvarying,spline6,varying,169539.19517827616,-274510.3903565523,38897.32693106122,32285,154,True,106793.33600010475,0.8788128373938838,0.093809542288454,121520,0
Po10_W_14-25_mrc2,Po10_W,anderson,inf,poly2-gscalar,poly2,scalar,90332.72179284568,-144897.44358569133,16655.677026129473,17885,10,True,52449.87488738253,0.8472365788583284,0.0813835316708805,61907,0
Po10_W_14-25_mrc2,Po10_W,anderson,8.0,poly2-gscalar,poly2,scalar,95693.42490805588,-155618.84981611173,5934.270795709075,17885,149,True,60502.65129502285,0.9773151872166774,0.0815149511018308,61907,0
Po10_W_14-25_mrc2,Po10_W,anderson,inf,poly2-gvarying,poly2,varying,90345.80254289316,-144921.60508578632,16640.54891457237,17886,10,True,52443.51760288266,0.8471338879752316,0.0813764886707098,61907,0
Po10_W_14-25_mrc2,Po10_W,anderson,8.0,poly2-gvarying,poly2,varying,95711.18577916497,-155652.37155832993,5909.782442028751,17886,118,True,60464.97699381258,0.9767066243528612,0.0815682650656493,61907,0
Po10_W_14-25_mrc2,Po10_W,anderson,inf,poly3-gscalar,poly3,scalar,90356.15427507588,-144942.30855015176,16619.84545020692,17886,10,True,52414.49459545367,0.8466650717278121,0.0813830942345189,61907,0
Po10_W_14-25_mrc2,Po10_W,anderson,8.0,poly3-gscalar,poly3,scalar,95722.3996269523,-155674.7992539046,5887.354746454075,17886,190,True,60385.10656009114,0.9754164562988216,0.081705267699067,61907,0
Po10_W_14-25_mrc2,Po10_W,anderson,inf,poly3-gvarying,poly3,varying,90372.12411161407,-144970.24822322815,16609.972554206353,17888,11,True,52408.54214328222,0.8465689202074437,0.0813735728711871,61907,0
Po10_W_14-25_mrc2,Po10_W,anderson,8.0,poly3-gvarying,poly3,varying,95745.56823652783,-155717.13647305567,5863.084304378834,17888,164,True,60384.83144697768,0.9754120123245784,0.081682436600678,61907,0
Po10_W_14-25_mrc2,Po10_W,anderson,inf,poly4-gscalar,poly4,scalar,90371.00082116875,-144970.0016423375,16601.185746559087,17887,9,True,52392.84716441868,0.846315395099402,0.0813824878378778,61907,0
Po10_W_14-25_mrc2,Po10_W,anderson,8.0,poly4-gscalar,poly4,scalar,95742.02418260791,-155712.04836521583,5859.139023680764,17887,193,True,60190.69193946444,0.9722760259657944,0.081919645822762,61907,0
Po10_W_14-25_mrc2,Po10_W,anderson,inf,poly4-gvarying,poly4,varying,90387.03656228234,-144996.0731245647,16602.214429945598,17890,11,True,52379.79194646729,0.8461045107413909,0.0813764570381835,61907,0
Po10_W_14-25_mrc2,Po10_W,anderson,8.0,poly4-gvarying,poly4,varying,95768.56856401864,-155759.13712803728,5839.150426473003,17890,212,True,60225.27078209921,0.9728345870757622,0.0818712857684857,61907,0
Po10_W_14-25_mrc2,Po10_W,anderson,inf,poly5-gscalar,poly5,scalar,90379.55147838275,-144985.1029567655,16595.117820668995,17888,10,True,52374.14079826827,0.8460132262630764,0.0813855248601987,61907,0
Po10_W_14-25_mrc2,Po10_W,anderson,8.0,poly5-gscalar,poly5,scalar,95748.75202261978,-155723.50404523956,5856.716732194938,17888,166,True,60078.52450686082,0.9704641560221108,0.0820628858685592,61907,0
Po10_W_14-25_mrc2,Po10_W,anderson,inf,poly5-gvarying,poly5,varying,90395.56810957695,-145009.13621915394,16607.218112432165,17892,11,True,52356.39306945763,0.8457265425470081,0.0813818701613853,61907,0
Po10_W_14-25_mrc2,Po10_W,anderson,8.0,poly5-gvarying,poly5,varying,95775.24939045124,-155768.4987809025,5847.855550683598,17892,160,True,60085.76348640634,0.9705810891564176,0.0820665229091608,61907,0
Po10_W_14-25_mrc2,Po10_W,anderson,inf,poly6-gscalar,poly6,scalar,90387.65129882428,-144999.30259764858,16589.951568323828,17889,10,True,52360.08046671942,0.8457861060416337,0.0813862541089944,61907,0
Po10_W_14-25_mrc2,Po10_W,anderson,8.0,poly6-gscalar,poly6,scalar,95756.70073594972,-155737.4014718994,5851.8526940729935,17889,177,True,60042.88402306494,0.9698884459441572,0.0821162396888357,61907,0
Po10_W_14-25_mrc2,Po10_W,anderson,inf,poly6-gvarying,poly6,varying,90405.15388835124,-145024.30777670245,16610.113331959466,17894,11,True,52340.59929706219,0.8454714216011467,0.0813823260584754,61907,0
Po10_W_14-25_mrc2,Po10_W,anderson,8.0,poly6-gvarying,poly6,varying,95784.7277706328,-155783.45554126558,5850.965567396343,17894,136,True,60023.49710172999,0.9695752839215273,0.0821419561744353,61907,0
Po10_W_14-25_mrc2,Po10_W,anderson,inf,spline3-gscalar,spline3,scalar,90354.62654985517,-144941.2530997103,16611.867512110504,17885,10,True,52422.54945829247,0.8467951840388401,0.0813801577585452,61907,0
Po10_W_14-25_mrc2,Po10_W,anderson,8.0,spline3-gscalar,spline3,scalar,95720.9702492596,-155673.94049851922,5879.180113301583,17885,149,True,60500.70358348104,0.9772837253215474,0.0815206186007178,61907,0
Po10_W_14-25_mrc2,Po10_W,anderson,inf,spline3-gvarying,spline3,varying,90369.43926564622,-144968.87853129243,16593.275469066255,17886,10,True,52418.60524396952,0.8467314721109005,0.0813705362211325,61907,0
Po10_W_14-25_mrc2,Po10_W,anderson,8.0,spline3-gvarying,spline3,varying,95741.79043073028,-155713.58086146053,5848.573138898151,17886,141,True,60432.22128507591,0.9761775128026864,0.081630434961531,61907,0
Po10_W_14-25_mrc2,Po10_W,anderson,inf,spline4-gscalar,spline4,scalar,90371.46021063453,-144972.92042126905,16589.233579089632,17886,9,True,52387.20116592926,0.8462241938056967,0.0813852234871829,61907,0
Po10_W_14-25_mrc2,Po10_W,anderson,8.0,spline4-gscalar,spline4,scalar,95739.58129227054,-155709.16258454107,5852.991415817611,17886,208,True,60091.104251034136,0.9706673599275386,0.0820577631254881,61907,0
Po10_W_14-25_mrc2,Po10_W,anderson,inf,spline4-gvarying,spline4,varying,90387.67099445616,-145001.34198891235,16578.878788522154,17888,11,True,52384.23997692915,0.8461763609434984,0.081373874790631,61907,0
Po10_W_14-25_mrc2,Po10_W,anderson,8.0,spline4-gvarying,spline4,varying,95766.10570461352,-155758.21140922705,5822.009368207451,17888,129,True,60201.6932925726,0.9724537337065696,0.0819342386941073,61907,0
Po10_W_14-25_mrc2,Po10_W,anderson,inf,spline5-gscalar,spline5,scalar,90389.67209421468,-145007.34418842936,16563.843200467236,17887,9,True,52365.56144659467,0.8458746417464046,0.0813819196938427,61907,0
Po10_W_14-25_mrc2,Po10_W,anderson,8.0,spline5-gscalar,spline5,scalar,95758.12360673954,-155744.24721347907,5826.94017541752,17887,179,True,60058.545128868194,0.9701414238917764,0.0821263447986204,61907,0
Po10_W_14-25_mrc2,Po10_W,anderson,inf,spline5-gvarying,spline5,varying,90406.21416347388,-145034.42832694776,16563.859227562527,17890,11,True,52357.99094122682,0.8457523533885799,0.081372634002354,61907,0
Po10_W_14-25_mrc2,Po10_W,anderson,8.0,spline5-gvarying,spline5,varying,95784.55222897918,-155791.10445795837,5807.183096551918,17890,146,True,60051.84101397035,0.970033130566339,0.0821579131438012,61907,0
Po10_W_14-25_mrc2,Po10_W,anderson,inf,spline6-gscalar,spline6,scalar,90390.4324438956,-145006.86488779122,16573.35588964328,17888,10,True,52354.53404498058,0.8456965132372847,0.0813869419325488,61907,0
Po10_W_14-25_mrc2,Po10_W,anderson,8.0,spline6-gscalar,spline6,scalar,95758.72618059034,-155743.45236118068,5836.768416253821,17888,254,True,60053.12515511368,0.9700538736348664,0.0821300405109325,61907,0
Po10_W_14-25_mrc2,Po10_W,anderson,inf,spline6-gvarying,spline6,varying,90407.34516952216,-145032.69033904432,16583.663992541784,17892,11,True,52344.12701104455,0.8455284056898985,0.081378910777558,61907,0
Po10_W_14-25_mrc2,Po10_W,anderson,8.0,spline6-gvarying,spline6,varying,95785.30510497664,-155788.61020995327,5827.74412163283,17892,134,True,60062.98854730166,0.97021319959458,0.0821394483210847,61907,0
