label,slice_A,slice_B,model,series_key,country,year,race_id,n_j_A,n_j_B,v_A,v_B,dv,r,r_min_at_3h,sd_boot,z,n_boot,rank_A,rank_B,d_rank,flag
MvsW_ALL_14-25_mrc2,ALL_M_14-25_mrc2,ALL_W_14-25_mrc2,full_nu8p00,nyc_marathon,USA,2022,395,13714,9979,0.084399,0.068419,0.015979,0.017075,3.073548,0.001254,13.611568,4000,336,336,0,True
MvsW_ALL_14-25_mrc2,ALL_M_14-25_mrc2,ALL_W_14-25_mrc2,full_nu8p00,stockholm_marathon,SWE,2018,359,455,1589,0.026372,0.055973,-0.029601,-0.028617,-5.151113,0.003467,8.254474,4000,314,333,19,True
MvsW_ALL_14-25_mrc2,ALL_M_14-25_mrc2,ALL_W_14-25_mrc2,full_nu8p00,boston_marathon,USA,2017,369,1658,1073,0.042908,0.024436,0.018472,0.018668,3.360265,0.002404,7.765821,4000,330,315,-15,True
MvsW_ALL_14-25_mrc2,ALL_M_14-25_mrc2,ALL_W_14-25_mrc2,full_nu8p00,boston_marathon,USA,2016,368,1273,903,0.030518,0.014509,0.016009,0.015253,2.745489,0.002746,5.553979,4000,320,280,-40,True
MvsW_ALL_14-25_mrc2,ALL_M_14-25_mrc2,ALL_W_14-25_mrc2,full_nu8p00,stockholm_marathon,SWE,2022,362,3869,1374,0.035414,0.022566,0.012849,0.01414,2.545219,0.002554,5.535812,4000,325,303,-22,True
MvsW_ALL_14-25_mrc2,ALL_M_14-25_mrc2,ALL_W_14-25_mrc2,full_nu8p00,boston_marathon,USA,2024,375,2579,1476,0.045666,0.03598,0.009685,0.00979,1.762168,0.002011,4.867926,4000,332,329,-3,True
MvsW_ALL_14-25_mrc2,ALL_M_14-25_mrc2,ALL_W_14-25_mrc2,full_nu8p00,boston_marathon,USA,2018,370,1893,1114,0.037571,0.027871,0.0097,0.01061,1.909749,0.002279,4.65542,4000,329,322,-7,True
MvsW_ALL_14-25_mrc2,ALL_M_14-25_mrc2,ALL_W_14-25_mrc2,full_nu8p00,boston_marathon,USA,2022,373,3255,1944,0.005243,-0.000696,0.005939,0.007282,1.310687,0.001618,4.49916,4000,223,180,-43,True
MvsW_ALL_14-25_mrc2,ALL_M_14-25_mrc2,ALL_W_14-25_mrc2,full_nu8p00,nyc_marathon,USA,2024,397,13949,9872,0.012057,0.017214,-0.005157,-0.005567,-1.002041,0.001259,4.422078,4000,258,293,35,True
MvsW_ALL_14-25_mrc2,ALL_M_14-25_mrc2,ALL_W_14-25_mrc2,full_nu8p00,stockholm_marathon,SWE,2024,364,5198,1786,0.076702,0.065751,0.010951,0.010943,1.969679,0.00249,4.394301,4000,335,335,0,True
MvsW_ALL_14-25_mrc2,ALL_M_14-25_mrc2,ALL_W_14-25_mrc2,full_nu8p00,berlin_marathon,GER,2014,176,3196,892,-0.032696,-0.024428,-0.008268,-0.010996,-1.979369,0.002704,4.067152,4000,4,17,13,True
MvsW_ALL_14-25_mrc2,ALL_M_14-25_mrc2,ALL_W_14-25_mrc2,full_nu8p00,berlin_marathon,GER,2024,185,5687,2845,-0.015592,-0.010854,-0.004738,-0.005053,-0.909546,0.001294,3.905352,4000,72,107,35,True
MvsW_ALL_14-25_mrc2,ALL_M_14-25_mrc2,ALL_W_14-25_mrc2,full_nu8p00,nyc_marathon,USA,2016,390,13660,9200,0.017507,0.011516,0.005991,0.005794,1.042942,0.001486,3.90025,4000,282,259,-23,True
MvsW_ALL_14-25_mrc2,ALL_M_14-25_mrc2,ALL_W_14-25_mrc2,full_nu8p00,boston_marathon,USA,2019,371,2317,1496,0.027332,0.020629,0.006703,0.008084,1.455148,0.002073,3.899027,4000,318,299,-19,True
MvsW_ALL_14-25_mrc2,ALL_M_14-25_mrc2,ALL_W_14-25_mrc2,full_nu8p00,valencia_marathon,ESP,2023,78,8820,1530,-0.023445,-0.018034,-0.005411,-0.005006,-0.901015,0.001284,3.898171,4000,19,34,15,True
MvsW_ALL_14-25_mrc2,ALL_M_14-25_mrc2,ALL_W_14-25_mrc2,full_nu8p00,chicago_marathon,USA,2021,383,4323,3696,0.033276,0.027689,0.005588,0.007094,1.276914,0.001822,3.893372,4000,323,321,-2,True
MvsW_ALL_14-25_mrc2,ALL_M_14-25_mrc2,ALL_W_14-25_mrc2,full_nu8p00,berlin_marathon,GER,2015,177,4501,1342,-0.02527,-0.018911,-0.006359,-0.007756,-1.396129,0.002025,3.829767,4000,12,42,30,True
MvsW_ALL_14-25_mrc2,ALL_M_14-25_mrc2,ALL_W_14-25_mrc2,full_nu8p00,berlin_marathon,GER,2022,183,4826,2653,-0.01027,-0.003499,-0.006771,-0.005618,-1.011156,0.001481,3.792939,4000,117,160,43,True
MvsW_ALL_14-25_mrc2,ALL_M_14-25_mrc2,ALL_W_14-25_mrc2,full_nu8p00,berlin_marathon,GER,2017,179,5547,2227,-0.011043,-0.004635,-0.006407,-0.005868,-1.056324,0.001551,3.784416,4000,111,153,42,True
MvsW_ALL_14-25_mrc2,ALL_M_14-25_mrc2,ALL_W_14-25_mrc2,full_nu8p00,nyc_marathon,USA,2018,392,14981,10109,0.020767,0.017569,0.003197,0.004398,0.791711,0.001172,3.75281,4000,297,287,-10,True
MvsW_ALL_14-25_mrc2,ALL_M_14-25_mrc2,ALL_W_14-25_mrc2,full_nu8p00,frankfurt_marathon,GER,2015,193,2318,604,-0.025187,-0.017255,-0.007932,-0.009236,-1.662566,0.002462,3.751736,4000,13,53,40,True
MvsW_ALL_14-25_mrc2,ALL_M_14-25_mrc2,ALL_W_14-25_mrc2,full_nu8p00,chicago_marathon,USA,2023,385,9009,6956,-0.015443,-0.010822,-0.004621,-0.0041,-0.738048,0.0011,3.726223,4000,75,98,23,True
MvsW_ALL_14-25_mrc2,ALL_M_14-25_mrc2,ALL_W_14-25_mrc2,full_nu8p00,stockholm_marathon,SWE,2015,356,1747,533,-0.02617,-0.011537,-0.014634,-0.016443,-2.959748,0.004476,3.673427,4000,10,115,105,True
MvsW_ALL_14-25_mrc2,ALL_M_14-25_mrc2,ALL_W_14-25_mrc2,full_nu8p00,chicago_marathon,USA,2022,384,7984,5890,-0.006772,-0.00081,-0.005962,-0.004828,-0.869041,0.001337,3.611171,4000,152,181,29,True
MvsW_ALL_14-25_mrc2,ALL_M_14-25_mrc2,ALL_W_14-25_mrc2,full_nu8p00,cape_town_marathon,RSA,2023,340,39,29,0.01491,-0.01941,0.03432,0.034827,6.268897,0.009685,3.595912,4000,267,23,-244,True
MvsW_ALL_14-25_mrc2,ALL_M_14-25_mrc2,ALL_W_14-25_mrc2,full_nu8p00,stockholm_marathon,SWE,2014,355,1577,455,-0.019819,-0.006024,-0.013795,-0.017015,-3.062726,0.004742,3.587811,4000,39,176,137,True
MvsW_ALL_14-25_mrc2,ALL_M_14-25_mrc2,ALL_W_14-25_mrc2,full_nu8p00,florence_marathon,ITA,2025,241,2967,702,-0.026612,-0.018395,-0.008217,-0.009835,-1.770251,0.002797,3.515839,4000,7,47,40,True
MvsW_ALL_14-25_mrc2,ALL_M_14-25_mrc2,ALL_W_14-25_mrc2,full_nu8p00,valencia_marathon,ESP,2017,72,4397,480,-0.015006,-0.003448,-0.011558,-0.01091,-1.963774,0.003109,3.508662,4000,78,165,87,True
MvsW_ALL_14-25_mrc2,ALL_M_14-25_mrc2,ALL_W_14-25_mrc2,full_nu8p00,berlin_marathon,GER,2023,184,5546,2864,-0.008329,-0.003573,-0.004755,-0.004206,-0.757146,0.001237,3.399887,4000,137,164,27,True
MvsW_ALL_14-25_mrc2,ALL_M_14-25_mrc2,ALL_W_14-25_mrc2,full_nu8p00,cologne_marathon,GER,2022,189,934,252,0.002351,-0.008604,0.010955,0.012098,2.177729,0.003584,3.375599,4000,206,114,-92,True
MvsW_ALL_14-25_mrc2,ALL_M_14-25_mrc2,ALL_W_14-25_mrc2,full_nu8p00,paris_marathon,FRA,2017,84,10894,2520,0.006558,0.015117,-0.008559,-0.008382,-1.508758,0.002526,3.318334,4000,230,279,49,True
MvsW_ALL_14-25_mrc2,ALL_M_14-25_mrc2,ALL_W_14-25_mrc2,full_nu8p00,prague_marathon,CZE,2023,31,1768,424,-0.018751,-0.00495,-0.013801,-0.012991,-2.338349,0.004004,3.244588,4000,41,145,104,True
MvsW_ALL_14-25_mrc2,ALL_M_14-25_mrc2,ALL_W_14-25_mrc2,full_nu8p00,berlin_marathon,GER,2025,186,3128,1537,0.036472,0.040751,-0.004279,-0.00566,-1.018806,0.001759,3.217467,4000,326,330,4,True
MvsW_ALL_14-25_mrc2,ALL_M_14-25_mrc2,ALL_W_14-25_mrc2,full_nu8p00,chicago_marathon,USA,2024,386,7848,5887,-0.00098,0.002845,-0.003826,-0.004179,-0.752179,0.001341,3.11521,4000,184,220,36,True
MvsW_ALL_14-25_mrc2,ALL_M_14-25_mrc2,ALL_W_14-25_mrc2,full_nu8p00,chicago_marathon,USA,2019,382,8641,6626,-0.017228,-0.011286,-0.005942,-0.004416,-0.79484,0.001454,3.037535,4000,56,82,26,True
MvsW_ALL_14-25_mrc2,ALL_M_14-25_mrc2,ALL_W_14-25_mrc2,full_nu8p00,berlin_marathon,GER,2018,180,5807,2599,0.004129,0.01012,-0.00599,-0.004853,-0.873608,0.001611,3.012762,4000,211,246,35,True
MvsW_ALL_14-25_mrc2,ALL_M_14-25_mrc2,ALL_W_14-25_mrc2,full_nu8p00,london_marathon,GBR,2023,144,8533,5828,-0.002739,0.001377,-0.004116,-0.003282,-0.59081,0.001092,3.004778,4000,176,204,28,True
MvsW_ALL_14-25_mrc2,ALL_M_14-25_mrc2,ALL_W_14-25_mrc2,full_nu8p00,paris_marathon,FRA,2014,81,8126,1442,0.0005,0.005803,-0.005303,-0.008757,-1.576249,0.002989,2.929564,4000,194,249,55,True
MvsW_ALL_14-25_mrc2,ALL_M_14-25_mrc2,ALL_W_14-25_mrc2,full_nu8p00,manchester_marathon,GBR,2021,148,2243,986,0.017004,0.010586,0.006418,0.007924,1.426409,0.002716,2.918186,4000,277,247,-30,True
MvsW_ALL_14-25_mrc2,ALL_M_14-25_mrc2,ALL_W_14-25_mrc2,full_nu8p00,chicago_marathon,USA,2014,377,5269,3876,-0.03545,-0.031064,-0.004387,-0.00706,-1.270757,0.002442,2.890855,4000,1,3,2,True
MvsW_ALL_14-25_mrc2,ALL_M_14-25_mrc2,ALL_W_14-25_mrc2,full_nu8p00,melbourne_marathon,AUS,2021,8,1411,400,0.017333,0.00656,0.010774,0.012233,2.201912,0.004286,2.853846,4000,280,232,-48,True
MvsW_ALL_14-25_mrc2,ALL_M_14-25_mrc2,ALL_W_14-25_mrc2,full_nu8p00,cologne_marathon,GER,2023,190,1125,301,0.022685,0.013609,0.009076,0.009611,1.73,0.003381,2.842793,4000,305,270,-35,True
MvsW_ALL_14-25_mrc2,ALL_M_14-25_mrc2,ALL_W_14-25_mrc2,full_nu8p00,valencia_marathon,ESP,2021,76,5613,745,-0.01211,-0.004728,-0.007382,-0.005917,-1.065063,0.002091,2.829762,4000,103,144,41,True
MvsW_ALL_14-25_mrc2,ALL_M_14-25_mrc2,ALL_W_14-25_mrc2,full_nu8p00,melbourne_marathon,AUS,2017,5,812,304,0.026541,-0.015703,0.042245,0.042825,7.708531,0.015415,2.77823,4000,315,49,-266,True
MvsW_ALL_14-25_mrc2,ALL_M_14-25_mrc2,ALL_W_14-25_mrc2,full_nu8p00,rome_marathon,ITA,2021,246,1867,396,0.015331,0.027348,-0.012018,-0.010497,-1.889486,0.003791,2.768619,4000,269,320,51,True
MvsW_ALL_14-25_mrc2,ALL_M_14-25_mrc2,ALL_W_14-25_mrc2,full_nu8p00,boston_marathon,USA,2025,376,2770,1722,0.009718,0.003953,0.005764,0.004869,0.876492,0.0018,2.70515,4000,247,227,-20,True
MvsW_ALL_14-25_mrc2,ALL_M_14-25_mrc2,ALL_W_14-25_mrc2,full_nu8p00,milan_marathon,ITA,2025,245,2410,466,0.008462,0.014857,-0.006396,-0.007246,-1.304199,0.002727,2.656635,4000,238,282,44,True
MvsW_ALL_14-25_mrc2,ALL_M_14-25_mrc2,ALL_W_14-25_mrc2,full_nu8p00,oslo_marathon,NOR,2024,332,574,164,0.001131,-0.012209,0.01334,0.013046,2.348324,0.004913,2.655194,4000,200,89,-111,True
MvsW_ALL_14-25_mrc2,ALL_M_14-25_mrc2,ALL_W_14-25_mrc2,full_nu8p00,frankfurt_marathon,GER,2017,195,2917,802,-0.01247,-0.006731,-0.005739,-0.005131,-0.923601,0.001937,2.648479,4000,100,132,32,True
MvsW_ALL_14-25_mrc2,ALL_M_14-25_mrc2,ALL_W_14-25_mrc2,full_nu8p00,amsterdam_marathon,NED,2023,308,3038,858,-0.024281,-0.0181,-0.006181,-0.005674,-1.02137,0.002172,2.612141,4000,15,32,17,True
MvsW_ALL_14-25_mrc2,ALL_M_14-25_mrc2,ALL_W_14-25_mrc2,full_nu8p00,berlin_marathon,GER,2016,178,4696,1570,-0.010176,-0.005847,-0.004329,-0.004636,-0.834553,0.001775,2.611375,4000,120,146,26,True
MvsW_ALL_14-25_mrc2,ALL_M_14-25_mrc2,ALL_W_14-25_mrc2,full_nu8p00,nyc_marathon,USA,2015,389,12127,8040,0.017862,0.011803,0.006058,0.004776,0.859741,0.001838,2.599182,4000,285,271,-14,True
MvsW_ALL_14-25_mrc2,ALL_M_14-25_mrc2,ALL_W_14-25_mrc2,full_nu8p00,stockholm_marathon,SWE,2023,363,4685,1621,0.022101,0.016373,0.005728,0.006491,1.168297,0.00253,2.565548,4000,302,281,-21,True
MvsW_ALL_14-25_mrc2,ALL_M_14-25_mrc2,ALL_W_14-25_mrc2,full_nu8p00,melbourne_marathon,AUS,2015,3,994,396,0.019675,-0.019306,0.038981,0.037653,6.777531,0.014685,2.564124,4000,292,38,-254,True
MvsW_ALL_14-25_mrc2,ALL_M_14-25_mrc2,ALL_W_14-25_mrc2,full_nu8p00,paris_marathon,FRA,2015,82,9862,1949,-0.007121,-0.001991,-0.00513,-0.007111,-1.279984,0.002775,2.562379,4000,147,199,52,True
MvsW_ALL_14-25_mrc2,ALL_M_14-25_mrc2,ALL_W_14-25_mrc2,full_nu8p00,oslo_marathon,NOR,2019,329,527,151,0.004645,-0.008811,0.013456,0.014968,2.694165,0.005852,2.557698,4000,217,110,-107,True
MvsW_ALL_14-25_mrc2,ALL_M_14-25_mrc2,ALL_W_14-25_mrc2,full_nu8p00,melbourne_marathon,AUS,2016,4,991,382,0.036851,-0.000593,0.037444,0.037192,6.694596,0.01463,2.542259,4000,327,197,-130,True
MvsW_ALL_14-25_mrc2,ALL_M_14-25_mrc2,ALL_W_14-25_mrc2,full_nu8p00,melbourne_marathon,AUS,2014,2,882,306,0.015928,-0.022467,0.038395,0.035722,6.429911,0.014089,2.535521,4000,270,25,-245,True
MvsW_ALL_14-25_mrc2,ALL_M_14-25_mrc2,ALL_W_14-25_mrc2,full_nu8p00,hamburg_marathon,GER,2019,203,2873,843,-0.026337,-0.019369,-0.006968,-0.005574,-1.003344,0.002204,2.529086,4000,8,20,12,True
MvsW_ALL_14-25_mrc2,ALL_M_14-25_mrc2,ALL_W_14-25_mrc2,full_nu8p00,london_marathon,GBR,2024,145,8276,5875,-0.005961,-0.003125,-0.002836,-0.002745,-0.494155,0.001088,2.522211,4000,156,172,16,False
MvsW_ALL_14-25_mrc2,ALL_M_14-25_mrc2,ALL_W_14-25_mrc2,full_nu8p00,london_marathon,GBR,2015,136,5597,2649,-0.024177,-0.020956,-0.003221,-0.005152,-0.927397,0.002047,2.516791,4000,16,29,13,True
MvsW_ALL_14-25_mrc2,ALL_M_14-25_mrc2,ALL_W_14-25_mrc2,full_nu8p00,nyc_marathon,USA,2014,388,10589,6743,-0.008871,-0.005971,-0.002899,-0.00549,-0.988153,0.002221,2.472011,4000,131,170,39,True
MvsW_ALL_14-25_mrc2,ALL_M_14-25_mrc2,ALL_W_14-25_mrc2,full_nu8p00,nyc_marathon,USA,2019,393,15374,10389,0.014466,0.013061,0.001404,0.002943,0.529818,0.001193,2.466969,4000,265,257,-8,True
MvsW_ALL_14-25_mrc2,ALL_M_14-25_mrc2,ALL_W_14-25_mrc2,full_nu8p00,milan_marathon,ITA,2022,242,2267,394,-0.020244,-0.009316,-0.010928,-0.009571,-1.722691,0.003886,2.462806,4000,35,106,71,True
MvsW_ALL_14-25_mrc2,ALL_M_14-25_mrc2,ALL_W_14-25_mrc2,full_nu8p00,manchester_marathon,GBR,2022,149,2763,1246,-0.019833,-0.013574,-0.006259,-0.004902,-0.882285,0.002004,2.445316,4000,38,61,23,True
MvsW_ALL_14-25_mrc2,ALL_M_14-25_mrc2,ALL_W_14-25_mrc2,full_nu8p00,belfast_marathon,GBR,2014,96,85,21,0.016236,-0.026443,0.042679,0.039349,7.082758,0.016093,2.445128,4000,273,9,-264,True
MvsW_ALL_14-25_mrc2,ALL_M_14-25_mrc2,ALL_W_14-25_mrc2,full_nu8p00,hamburg_marathon,GER,2018,202,2631,766,-0.003888,0.002649,-0.006537,-0.005606,-1.009159,0.0023,2.437512,4000,172,209,37,True
MvsW_ALL_14-25_mrc2,ALL_M_14-25_mrc2,ALL_W_14-25_mrc2,full_nu8p00,amsterdam_marathon,NED,2022,307,2862,711,-0.001133,-0.006022,0.004888,0.006013,1.082382,0.002499,2.406025,4000,182,133,-49,True
MvsW_ALL_14-25_mrc2,ALL_M_14-25_mrc2,ALL_W_14-25_mrc2,full_nu8p00,london_marathon,GBR,2014,135,4952,2311,-0.010865,-0.008,-0.002865,-0.006289,-1.132026,0.002616,2.404068,4000,113,162,49,True
MvsW_ALL_14-25_mrc2,ALL_M_14-25_mrc2,ALL_W_14-25_mrc2,full_nu8p00,berlin_marathon,GER,2021,182,5981,2489,0.017913,0.023174,-0.005261,-0.003746,-0.674211,0.001609,2.327311,4000,286,304,18,True
MvsW_ALL_14-25_mrc2,ALL_M_14-25_mrc2,ALL_W_14-25_mrc2,full_nu8p00,berlin_marathon,GER,2019,181,6219,2689,-0.014937,-0.009559,-0.005377,-0.00386,-0.694838,0.001665,2.318714,4000,79,102,23,True
MvsW_ALL_14-25_mrc2,ALL_M_14-25_mrc2,ALL_W_14-25_mrc2,full_nu8p00,sydney_marathon,AUS,2024,15,3152,1617,0.017185,0.011431,0.005754,0.005476,0.985656,0.002363,2.317218,4000,278,258,-20,True
MvsW_ALL_14-25_mrc2,ALL_M_14-25_mrc2,ALL_W_14-25_mrc2,full_nu8p00,frankfurt_marathon,GER,2019,197,2624,729,-0.014156,-0.008333,-0.005823,-0.004288,-0.771915,0.001903,2.253329,4000,85,113,28,True
MvsW_ALL_14-25_mrc2,ALL_M_14-25_mrc2,ALL_W_14-25_mrc2,full_nu8p00,chicago_marathon,USA,2025,387,6303,4402,0.001747,0.003639,-0.001892,-0.003343,-0.601699,0.001501,2.226334,4000,204,231,27,True
MvsW_ALL_14-25_mrc2,ALL_M_14-25_mrc2,ALL_W_14-25_mrc2,full_nu8p00,prague_marathon,CZE,2018,28,324,70,-0.000187,0.017463,-0.01765,-0.016709,-3.007584,0.007735,2.16019,4000,190,288,98,True
MvsW_ALL_14-25_mrc2,ALL_M_14-25_mrc2,ALL_W_14-25_mrc2,full_nu8p00,tokyo_marathon,JPN,2022,290,176,64,-0.021545,-0.008945,-0.0126,-0.011215,-2.018746,0.005197,2.158099,4000,26,109,83,True
MvsW_ALL_14-25_mrc2,ALL_M_14-25_mrc2,ALL_W_14-25_mrc2,full_nu8p00,hannover_marathon,GER,2023,212,293,73,-0.017695,-0.005934,-0.011761,-0.01088,-1.95836,0.005071,2.145478,4000,49,139,90,True
MvsW_ALL_14-25_mrc2,ALL_M_14-25_mrc2,ALL_W_14-25_mrc2,full_nu8p00,amsterdam_marathon,NED,2025,310,4046,1086,-0.033319,-0.030465,-0.002854,-0.004328,-0.779061,0.002029,2.133261,4000,3,2,-1,True
MvsW_ALL_14-25_mrc2,ALL_M_14-25_mrc2,ALL_W_14-25_mrc2,full_nu8p00,london_marathon,GBR,2018,139,5885,3277,0.063592,0.060766,0.002825,0.003744,0.673985,0.001768,2.118301,4000,334,334,0,True
MvsW_ALL_14-25_mrc2,ALL_M_14-25_mrc2,ALL_W_14-25_mrc2,full_nu8p00,newport_marathon,GBR,2021,166,475,192,-0.015432,-0.002778,-0.012655,-0.011158,-2.008463,0.005268,2.118098,4000,76,163,87,True
MvsW_ALL_14-25_mrc2,ALL_M_14-25_mrc2,ALL_W_14-25_mrc2,full_nu8p00,milton_keynes_marathon,GBR,2019,158,438,185,0.00618,-0.007967,0.014147,0.015549,2.798731,0.007358,2.113224,4000,228,120,-108,True
MvsW_ALL_14-25_mrc2,ALL_M_14-25_mrc2,ALL_W_14-25_mrc2,full_nu8p00,seville_marathon,ESP,2024,70,3671,693,-0.017049,-0.012249,-0.0048,-0.004563,-0.821424,0.002166,2.106461,4000,59,86,27,True
MvsW_ALL_14-25_mrc2,ALL_M_14-25_mrc2,ALL_W_14-25_mrc2,full_nu8p00,stockholm_marathon,SWE,2016,357,1593,478,-0.004607,0.002698,-0.007305,-0.007924,-1.42636,0.003815,2.077368,4000,162,221,59,True
MvsW_ALL_14-25_mrc2,ALL_M_14-25_mrc2,ALL_W_14-25_mrc2,full_nu8p00,chester_marathon,GBR,2025,124,536,208,-0.0091,-0.022534,0.013434,0.012007,2.161214,0.005799,2.070533,4000,129,19,-110,True
MvsW_ALL_14-25_mrc2,ALL_M_14-25_mrc2,ALL_W_14-25_mrc2,full_nu8p00,chicago_marathon,USA,2015,378,6062,4787,-0.010922,-0.008201,-0.002721,-0.004072,-0.732891,0.001976,2.060972,4000,112,137,25,True
MvsW_ALL_14-25_mrc2,ALL_M_14-25_mrc2,ALL_W_14-25_mrc2,full_nu8p00,bostonUK_marathon,GBR,2021,107,309,110,-0.016869,-0.003664,-0.013205,-0.011624,-2.092311,0.005736,2.026656,4000,60,152,92,True
MvsW_ALL_14-25_mrc2,ALL_M_14-25_mrc2,ALL_W_14-25_mrc2,full_nu8p00,vienna_marathon,AUT,2024,22,622,152,-0.008792,0.000368,-0.00916,-0.00907,-1.632552,0.00449,2.019992,4000,133,202,69,True
MvsW_ALL_14-25_mrc2,ALL_M_14-25_mrc2,ALL_W_14-25_mrc2,full_nu8p00,cape_town_marathon,RSA,2024,341,42,26,0.017587,-0.004462,0.022049,0.021677,3.901895,0.010742,2.018021,4000,283,166,-117,True
MvsW_ALL_14-25_mrc2,ALL_M_14-25_mrc2,ALL_W_14-25_mrc2,full_nu8p00,oslo_marathon,NOR,2022,330,386,121,0.009312,0.000182,0.00913,0.010294,1.852873,0.005177,1.988314,4000,242,190,-52,False
MvsW_ALL_14-25_mrc2,ALL_M_14-25_mrc2,ALL_W_14-25_mrc2,full_nu8p00,rotterdam_marathon,NED,2022,322,4738,1204,-0.004058,-0.006656,0.002597,0.003947,0.710538,0.002027,1.947771,4000,166,129,-37,False
MvsW_ALL_14-25_mrc2,ALL_M_14-25_mrc2,ALL_W_14-25_mrc2,full_nu8p00,prague_marathon,CZE,2015,25,310,41,-0.014031,0.000436,-0.014467,-0.016373,-2.947058,0.008461,1.935116,4000,87,213,126,False
MvsW_ALL_14-25_mrc2,ALL_M_14-25_mrc2,ALL_W_14-25_mrc2,full_nu8p00,stockholm_marathon,SWE,2021,361,2923,1024,-0.006694,-0.01023,0.003537,0.005044,0.907831,0.00262,1.925308,4000,153,92,-61,False
MvsW_ALL_14-25_mrc2,ALL_M_14-25_mrc2,ALL_W_14-25_mrc2,full_nu8p00,hannover_marathon,GER,2022,211,434,118,-0.015684,-0.006494,-0.00919,-0.007833,-1.409929,0.004102,1.909512,4000,70,130,60,False
MvsW_ALL_14-25_mrc2,ALL_M_14-25_mrc2,ALL_W_14-25_mrc2,full_nu8p00,valencia_marathon,ESP,2020,75,51,33,-0.021684,-0.007798,-0.013886,-0.012254,-2.205645,0.006558,1.868483,4000,25,119,94,False
MvsW_ALL_14-25_mrc2,ALL_M_14-25_mrc2,ALL_W_14-25_mrc2,full_nu8p00,rome_marathon,ITA,2022,247,2318,504,0.004756,0.012847,-0.008091,-0.006727,-1.21082,0.003684,1.825813,4000,218,256,38,False
MvsW_ALL_14-25_mrc2,ALL_M_14-25_mrc2,ALL_W_14-25_mrc2,full_nu8p00,milton_keynes_marathon,GBR,2016,155,380,155,0.037496,0.021972,0.015524,0.014809,2.665621,0.00823,1.799466,4000,328,309,-19,False
MvsW_ALL_14-25_mrc2,ALL_M_14-25_mrc2,ALL_W_14-25_mrc2,full_nu8p00,valencia_marathon,ESP,2018,73,5832,782,-0.007663,-0.002122,-0.005541,-0.004306,-0.775023,0.002401,1.793582,4000,141,171,30,False
MvsW_ALL_14-25_mrc2,ALL_M_14-25_mrc2,ALL_W_14-25_mrc2,full_nu8p00,nyc_marathon,USA,2017,391,14309,9487,0.016232,0.014512,0.00172,0.002341,0.421469,0.001307,1.790974,4000,272,274,2,False
MvsW_ALL_14-25_mrc2,ALL_M_14-25_mrc2,ALL_W_14-25_mrc2,full_nu8p00,zurich_marathon,SUI,2019,350,553,105,-0.022628,-0.009427,-0.013202,-0.011808,-2.125394,0.006657,1.773799,4000,22,105,83,False
MvsW_ALL_14-25_mrc2,ALL_M_14-25_mrc2,ALL_W_14-25_mrc2,full_nu8p00,yorkshire_marathon,GBR,2022,172,541,237,0.011283,0.003035,0.008248,0.009373,1.687134,0.005354,1.750569,4000,254,210,-44,False
MvsW_ALL_14-25_mrc2,ALL_M_14-25_mrc2,ALL_W_14-25_mrc2,full_nu8p00,malaga_marathon,ESP,2025,61,1679,405,-0.002599,-0.010407,0.007809,0.006143,1.105772,0.003511,1.749922,4000,177,125,-52,False
MvsW_ALL_14-25_mrc2,ALL_M_14-25_mrc2,ALL_W_14-25_mrc2,full_nu8p00,vienna_marathon,AUT,2018,17,426,106,0.023217,0.033115,-0.009897,-0.008978,-1.616085,0.005142,1.745911,4000,308,327,19,False
MvsW_ALL_14-25_mrc2,ALL_M_14-25_mrc2,ALL_W_14-25_mrc2,full_nu8p00,chester_marathon,GBR,2016,116,404,168,-0.012553,-0.023816,0.011263,0.010974,1.975293,0.006317,1.737193,4000,97,8,-89,False
MvsW_ALL_14-25_mrc2,ALL_M_14-25_mrc2,ALL_W_14-25_mrc2,full_nu8p00,hannover_marathon,GER,2018,209,299,84,0.001685,0.012283,-0.010598,-0.009702,-1.746274,0.005609,1.729569,4000,203,255,52,False
MvsW_ALL_14-25_mrc2,ALL_M_14-25_mrc2,ALL_W_14-25_mrc2,full_nu8p00,frankfurt_marathon,GER,2018,196,2817,809,-0.017611,-0.013043,-0.004567,-0.003375,-0.607524,0.001953,1.728164,4000,52,67,15,False
MvsW_ALL_14-25_mrc2,ALL_M_14-25_mrc2,ALL_W_14-25_mrc2,full_nu8p00,florence_marathon,ITA,2024,240,3261,741,-0.017712,-0.02234,0.004628,0.00416,0.748832,0.002428,1.713146,4000,47,16,-31,False
MvsW_ALL_14-25_mrc2,ALL_M_14-25_mrc2,ALL_W_14-25_mrc2,full_nu8p00,cologne_marathon,GER,2019,188,1090,328,0.021463,0.016289,0.005174,0.0067,1.205983,0.003925,1.706911,4000,299,278,-21,False
MvsW_ALL_14-25_mrc2,ALL_M_14-25_mrc2,ALL_W_14-25_mrc2,full_nu8p00,paris_marathon,FRA,2016,83,10264,2272,0.014124,0.017621,-0.003497,-0.004298,-0.773634,0.002524,1.702677,4000,263,296,33,False
MvsW_ALL_14-25_mrc2,ALL_M_14-25_mrc2,ALL_W_14-25_mrc2,full_nu8p00,prague_marathon,CZE,2014,24,239,29,-0.024652,-0.001191,-0.023461,-0.026766,-4.817854,0.015933,1.679905,4000,14,211,197,False
MvsW_ALL_14-25_mrc2,ALL_M_14-25_mrc2,ALL_W_14-25_mrc2,full_nu8p00,oslo_marathon,NOR,2023,331,504,114,0.008626,0.000216,0.00841,0.008975,1.615467,0.005356,1.675718,4000,239,196,-43,False
MvsW_ALL_14-25_mrc2,ALL_M_14-25_mrc2,ALL_W_14-25_mrc2,full_nu8p00,athens_marathon,GRE,2024,222,763,163,0.018811,0.026568,-0.007757,-0.008186,-1.473516,0.00493,1.660487,4000,289,323,34,False
MvsW_ALL_14-25_mrc2,ALL_M_14-25_mrc2,ALL_W_14-25_mrc2,full_nu8p00,amsterdam_marathon,NED,2021,306,1870,412,-0.014143,-0.008466,-0.005677,-0.004175,-0.751566,0.002519,1.657826,4000,86,112,26,False
MvsW_ALL_14-25_mrc2,ALL_M_14-25_mrc2,ALL_W_14-25_mrc2,full_nu8p00,milton_keynes_marathon,GBR,2014,153,329,122,0.024631,0.00717,0.01746,0.01413,2.54344,0.008777,1.609898,4000,311,252,-59,False
MvsW_ALL_14-25_mrc2,ALL_M_14-25_mrc2,ALL_W_14-25_mrc2,full_nu8p00,dublin_marathon,IRL,2015,231,217,86,-0.003918,-0.018051,0.014133,0.012831,2.309626,0.00798,1.607878,4000,171,48,-123,False
MvsW_ALL_14-25_mrc2,ALL_M_14-25_mrc2,ALL_W_14-25_mrc2,full_nu8p00,zurich_marathon,SUI,2024,353,1087,242,-0.018214,-0.011473,-0.006741,-0.006651,-1.197129,0.004137,1.607581,4000,43,95,52,False
MvsW_ALL_14-25_mrc2,ALL_M_14-25_mrc2,ALL_W_14-25_mrc2,full_nu8p00,vienna_marathon,AUT,2025,23,499,136,-0.013144,-0.007776,-0.005368,-0.006218,-1.11916,0.003896,1.595869,4000,93,136,43,False
MvsW_ALL_14-25_mrc2,ALL_M_14-25_mrc2,ALL_W_14-25_mrc2,full_nu8p00,amsterdam_marathon,NED,2016,302,203,63,-0.006831,-0.016373,0.009542,0.00929,1.672147,0.005833,1.592574,4000,151,51,-100,False
MvsW_ALL_14-25_mrc2,ALL_M_14-25_mrc2,ALL_W_14-25_mrc2,full_nu8p00,madrid_marathon,ESP,2023,52,356,43,0.017207,0.030986,-0.013779,-0.012945,-2.330099,0.008133,1.59168,4000,279,326,47,False
MvsW_ALL_14-25_mrc2,ALL_M_14-25_mrc2,ALL_W_14-25_mrc2,full_nu8p00,munich_marathon,GER,2025,221,218,58,-0.015615,-0.004226,-0.011389,-0.01284,-2.311129,0.008075,1.590116,4000,71,177,106,False
MvsW_ALL_14-25_mrc2,ALL_M_14-25_mrc2,ALL_W_14-25_mrc2,full_nu8p00,cologne_marathon,GER,2018,187,1192,335,-0.021284,-0.014857,-0.006427,-0.005262,-0.947225,0.003345,1.573373,4000,29,52,23,False
MvsW_ALL_14-25_mrc2,ALL_M_14-25_mrc2,ALL_W_14-25_mrc2,full_nu8p00,seville_marathon,ESP,2023,69,776,208,-0.011858,-0.005507,-0.006352,-0.005414,-0.974472,0.003475,1.557984,4000,106,142,36,False
MvsW_ALL_14-25_mrc2,ALL_M_14-25_mrc2,ALL_W_14-25_mrc2,full_nu8p00,san_sebastian_marathon,ESP,2025,64,1721,309,-0.009207,-0.01625,0.007043,0.005449,0.980903,0.003539,1.53982,4000,126,64,-62,False
MvsW_ALL_14-25_mrc2,ALL_M_14-25_mrc2,ALL_W_14-25_mrc2,full_nu8p00,madrid_marathon,ESP,2024,53,385,72,0.005026,-0.003639,0.008664,0.008738,1.572834,0.005689,1.535851,4000,221,168,-53,False
MvsW_ALL_14-25_mrc2,ALL_M_14-25_mrc2,ALL_W_14-25_mrc2,full_nu8p00,chester_marathon,GBR,2023,122,700,327,0.010266,0.016642,-0.006376,-0.005855,-1.053935,0.003895,1.503292,4000,250,285,35,False
MvsW_ALL_14-25_mrc2,ALL_M_14-25_mrc2,ALL_W_14-25_mrc2,full_nu8p00,amsterdam_marathon,NED,2018,304,2433,645,-0.008844,-0.0118,0.002956,0.004139,0.744976,0.002754,1.502583,4000,132,79,-53,False
MvsW_ALL_14-25_mrc2,ALL_M_14-25_mrc2,ALL_W_14-25_mrc2,full_nu8p00,frankfurt_marathon,GER,2022,198,2042,586,0.011836,0.009662,0.002174,0.00328,0.590392,0.002186,1.500721,4000,256,243,-13,False
MvsW_ALL_14-25_mrc2,ALL_M_14-25_mrc2,ALL_W_14-25_mrc2,full_nu8p00,tokyo_marathon,JPN,2023,291,4425,2515,0.000556,-0.000799,0.001355,0.00227,0.408689,0.001514,1.499504,4000,196,184,-12,False
MvsW_ALL_14-25_mrc2,ALL_M_14-25_mrc2,ALL_W_14-25_mrc2,full_nu8p00,melbourne_marathon,AUS,2018,6,1184,441,0.031331,0.023553,0.007778,0.008952,1.611301,0.005988,1.494833,4000,321,308,-13,False
MvsW_ALL_14-25_mrc2,ALL_M_14-25_mrc2,ALL_W_14-25_mrc2,full_nu8p00,amsterdam_marathon,NED,2024,309,2928,820,-0.012515,-0.009458,-0.003057,-0.003429,-0.617205,0.002297,1.492811,4000,99,122,23,False
MvsW_ALL_14-25_mrc2,ALL_M_14-25_mrc2,ALL_W_14-25_mrc2,full_nu8p00,lisbon_marathon,POR,2023,336,52,26,0.022754,0.009388,0.013366,0.013887,2.499617,0.009464,1.467368,4000,306,244,-62,False
MvsW_ALL_14-25_mrc2,ALL_M_14-25_mrc2,ALL_W_14-25_mrc2,full_nu8p00,prague_marathon,CZE,2017,27,308,68,-0.003989,0.008035,-0.012024,-0.011783,-2.120897,0.008064,1.461089,4000,167,241,74,False
MvsW_ALL_14-25_mrc2,ALL_M_14-25_mrc2,ALL_W_14-25_mrc2,full_nu8p00,valencia_marathon,ESP,2022,77,7847,1258,-0.017413,-0.014103,-0.00331,-0.002255,-0.405812,0.00157,1.435981,4000,55,58,3,False
MvsW_ALL_14-25_mrc2,ALL_M_14-25_mrc2,ALL_W_14-25_mrc2,full_nu8p00,boston_marathon,USA,2015,367,1324,874,-0.01576,-0.02166,0.0059,0.003948,0.710636,0.002769,1.425671,4000,68,26,-42,False
MvsW_ALL_14-25_mrc2,ALL_M_14-25_mrc2,ALL_W_14-25_mrc2,full_nu8p00,paris_marathon,FRA,2019,86,10917,2610,-0.016506,-0.011669,-0.004837,-0.003457,-0.622213,0.002458,1.406466,4000,63,77,14,False
MvsW_ALL_14-25_mrc2,ALL_M_14-25_mrc2,ALL_W_14-25_mrc2,full_nu8p00,london_marathon,GBR,2016,137,6100,3050,-0.017444,-0.015807,-0.001637,-0.002375,-0.427588,0.001692,1.403697,4000,54,59,5,False
MvsW_ALL_14-25_mrc2,ALL_M_14-25_mrc2,ALL_W_14-25_mrc2,full_nu8p00,hannover_marathon,GER,2024,213,448,150,-0.017183,-0.01245,-0.004733,-0.004626,-0.832633,0.003328,1.390115,4000,57,84,27,False
MvsW_ALL_14-25_mrc2,ALL_M_14-25_mrc2,ALL_W_14-25_mrc2,full_nu8p00,milan_marathon,ITA,2024,244,2963,581,0.008254,0.012164,-0.00391,-0.003787,-0.681651,0.002735,1.384786,4000,237,262,25,False
MvsW_ALL_14-25_mrc2,ALL_M_14-25_mrc2,ALL_W_14-25_mrc2,full_nu8p00,manchester_marathon,GBR,2023,150,2855,1243,-0.01717,-0.013813,-0.003358,-0.002512,-0.452174,0.001828,1.374308,4000,58,63,5,False
MvsW_ALL_14-25_mrc2,ALL_M_14-25_mrc2,ALL_W_14-25_mrc2,full_nu8p00,rotterdam_marathon,NED,2021,321,4640,1165,-0.007594,-0.009015,0.001421,0.002918,0.52516,0.002127,1.371554,4000,143,108,-35,False
MvsW_ALL_14-25_mrc2,ALL_M_14-25_mrc2,ALL_W_14-25_mrc2,full_nu8p00,belfast_marathon,GBR,2016,98,101,42,0.009642,-0.00748,0.017123,0.016407,2.953324,0.011974,1.370221,4000,246,141,-105,False
MvsW_ALL_14-25_mrc2,ALL_M_14-25_mrc2,ALL_W_14-25_mrc2,full_nu8p00,hannover_marathon,GER,2019,210,331,95,-0.011119,-0.002334,-0.008785,-0.007411,-1.334045,0.005432,1.364334,4000,110,169,59,False
MvsW_ALL_14-25_mrc2,ALL_M_14-25_mrc2,ALL_W_14-25_mrc2,full_nu8p00,malaga_marathon,ESP,2022,58,259,75,-0.003924,-0.009891,0.005966,0.007012,1.262147,0.005149,1.361744,4000,170,104,-66,False
MvsW_ALL_14-25_mrc2,ALL_M_14-25_mrc2,ALL_W_14-25_mrc2,full_nu8p00,rome_marathon,ITA,2023,248,3603,909,-0.000939,0.003612,-0.00455,-0.003658,-0.658385,0.002725,1.342074,4000,185,216,31,False
MvsW_ALL_14-25_mrc2,ALL_M_14-25_mrc2,ALL_W_14-25_mrc2,full_nu8p00,hamburg_marathon,GER,2023,206,2915,838,-0.008213,-0.004658,-0.003555,-0.002721,-0.489737,0.002032,1.338729,4000,139,147,8,False
MvsW_ALL_14-25_mrc2,ALL_M_14-25_mrc2,ALL_W_14-25_mrc2,full_nu8p00,prague_marathon,CZE,2019,29,329,75,-0.022286,-0.012109,-0.010177,-0.008777,-1.579772,0.006622,1.325369,4000,24,76,52,False
MvsW_ALL_14-25_mrc2,ALL_M_14-25_mrc2,ALL_W_14-25_mrc2,full_nu8p00,malaga_marathon,ESP,2021,57,184,36,-0.006932,-0.016489,0.009556,0.011016,1.982802,0.008352,1.318925,4000,149,39,-110,False
MvsW_ALL_14-25_mrc2,ALL_M_14-25_mrc2,ALL_W_14-25_mrc2,full_nu8p00,melbourne_marathon,AUS,2025,12,1965,750,-0.004438,-0.001763,-0.002676,-0.004126,-0.742741,0.003222,1.280772,4000,163,198,35,False
MvsW_ALL_14-25_mrc2,ALL_M_14-25_mrc2,ALL_W_14-25_mrc2,full_nu8p00,edinburgh_marathon,GBR,2019,130,484,282,0.012527,0.008453,0.004074,0.005493,0.988829,0.004362,1.259535,4000,259,236,-23,False
MvsW_ALL_14-25_mrc2,ALL_M_14-25_mrc2,ALL_W_14-25_mrc2,full_nu8p00,nyc_marathon,USA,2021,394,8827,6776,0.013924,0.013596,0.000328,0.001814,0.326563,0.001441,1.259244,4000,262,263,1,False
MvsW_ALL_14-25_mrc2,ALL_M_14-25_mrc2,ALL_W_14-25_mrc2,full_nu8p00,copenhagen_marathon,DEN,2017,37,1860,516,-0.001963,0.002469,-0.004432,-0.004159,-0.748615,0.003309,1.256678,4000,180,212,32,False
MvsW_ALL_14-25_mrc2,ALL_M_14-25_mrc2,ALL_W_14-25_mrc2,full_nu8p00,chester_marathon,GBR,2019,119,768,349,0.000273,-0.003643,0.003917,0.005439,0.978951,0.004328,1.256618,4000,192,154,-38,False
MvsW_ALL_14-25_mrc2,ALL_M_14-25_mrc2,ALL_W_14-25_mrc2,full_nu8p00,milton_keynes_marathon,GBR,2023,161,297,143,0.032536,0.025607,0.006929,0.007749,1.394834,0.006232,1.243504,4000,322,317,-5,False
MvsW_ALL_14-25_mrc2,ALL_M_14-25_mrc2,ALL_W_14-25_mrc2,full_nu8p00,boston_marathon,USA,2023,374,2833,1650,-0.00503,-0.006146,0.001116,0.00196,0.352799,0.001577,1.243062,4000,160,135,-25,False
MvsW_ALL_14-25_mrc2,ALL_M_14-25_mrc2,ALL_W_14-25_mrc2,full_nu8p00,dublin_marathon,IRL,2024,238,146,63,-0.010224,-0.019504,0.00928,0.008889,1.599973,0.007187,1.236852,4000,119,27,-92,False
MvsW_ALL_14-25_mrc2,ALL_M_14-25_mrc2,ALL_W_14-25_mrc2,full_nu8p00,melbourne_marathon,AUS,2019,7,1382,495,0.009945,0.005353,0.004592,0.006118,1.10121,0.004971,1.230711,4000,249,222,-27,False
MvsW_ALL_14-25_mrc2,ALL_M_14-25_mrc2,ALL_W_14-25_mrc2,full_nu8p00,amsterdam_marathon,NED,2017,303,2256,527,0.007138,0.003687,0.003451,0.004031,0.725651,0.003285,1.227282,4000,236,219,-17,False
MvsW_ALL_14-25_mrc2,ALL_M_14-25_mrc2,ALL_W_14-25_mrc2,full_nu8p00,melbourne_marathon,AUS,2023,10,1972,603,0.001775,-0.001989,0.003764,0.004271,0.768818,0.003505,1.218764,4000,205,179,-26,False
MvsW_ALL_14-25_mrc2,ALL_M_14-25_mrc2,ALL_W_14-25_mrc2,full_nu8p00,stockholm_marathon,SWE,2017,358,1478,519,-0.006059,-0.001441,-0.004619,-0.004317,-0.777099,0.003546,1.217498,4000,155,183,28,False
MvsW_ALL_14-25_mrc2,ALL_M_14-25_mrc2,ALL_W_14-25_mrc2,full_nu8p00,manchester_marathon,GBR,2019,147,2796,1282,-0.016785,-0.018441,0.001656,0.003029,0.545281,0.002539,1.193179,4000,61,24,-37,False
MvsW_ALL_14-25_mrc2,ALL_M_14-25_mrc2,ALL_W_14-25_mrc2,full_nu8p00,bostonUK_marathon,GBR,2023,109,159,62,-0.020835,-0.008625,-0.012211,-0.011365,-2.045659,0.009608,1.182847,4000,30,118,88,False
MvsW_ALL_14-25_mrc2,ALL_M_14-25_mrc2,ALL_W_14-25_mrc2,full_nu8p00,tokyo_marathon,JPN,2017,287,1287,604,0.004568,0.008436,-0.003868,-0.003789,-0.682029,0.003224,1.175208,4000,216,242,26,False
MvsW_ALL_14-25_mrc2,ALL_M_14-25_mrc2,ALL_W_14-25_mrc2,full_nu8p00,tokyo_marathon,JPN,2019,289,2075,1191,-0.003537,0.000597,-0.004133,-0.002795,-0.503098,0.002383,1.172687,4000,173,192,19,False
MvsW_ALL_14-25_mrc2,ALL_M_14-25_mrc2,ALL_W_14-25_mrc2,full_nu8p00,edinburgh_marathon,GBR,2018,129,596,344,-0.013686,-0.007789,-0.005897,-0.004923,-0.886093,0.004224,1.165517,4000,90,124,34,False
MvsW_ALL_14-25_mrc2,ALL_M_14-25_mrc2,ALL_W_14-25_mrc2,full_nu8p00,dublin_marathon,IRL,2017,233,287,137,0.000532,-0.006511,0.007043,0.007651,1.377163,0.006595,1.16016,4000,195,134,-61,False
MvsW_ALL_14-25_mrc2,ALL_M_14-25_mrc2,ALL_W_14-25_mrc2,full_nu8p00,manchester_marathon,GBR,2025,152,2247,952,0.013028,0.015686,-0.002658,-0.003571,-0.642747,0.003092,1.154985,4000,260,289,29,False
MvsW_ALL_14-25_mrc2,ALL_M_14-25_mrc2,ALL_W_14-25_mrc2,full_nu8p00,sydney_marathon,AUS,2023,14,1962,843,0.048132,0.052191,-0.00406,-0.003497,-0.629474,0.003075,1.13716,4000,333,332,-1,False
MvsW_ALL_14-25_mrc2,ALL_M_14-25_mrc2,ALL_W_14-25_mrc2,full_nu8p00,rome_marathon,ITA,2025,250,5005,1328,0.005289,0.006862,-0.001573,-0.00236,-0.424835,0.002082,1.133529,4000,224,239,15,False
MvsW_ALL_14-25_mrc2,ALL_M_14-25_mrc2,ALL_W_14-25_mrc2,full_nu8p00,eindhoven_marathon,NED,2018,312,518,106,0.019517,0.026411,-0.006894,-0.00572,-1.02958,0.005061,1.130109,4000,291,319,28,False
MvsW_ALL_14-25_mrc2,ALL_M_14-25_mrc2,ALL_W_14-25_mrc2,full_nu8p00,rotterdam_marathon,NED,2024,324,5749,1570,-0.015704,-0.01344,-0.002264,-0.002157,-0.388297,0.00192,1.123333,4000,69,75,6,False
MvsW_ALL_14-25_mrc2,ALL_M_14-25_mrc2,ALL_W_14-25_mrc2,full_nu8p00,belfast_marathon,GBR,2023,104,164,57,0.009737,0.000163,0.009574,0.010396,1.8713,0.009314,1.116185,4000,248,195,-53,False
MvsW_ALL_14-25_mrc2,ALL_M_14-25_mrc2,ALL_W_14-25_mrc2,full_nu8p00,chicago_marathon,USA,2018,381,8624,6616,-0.00395,-0.001344,-0.002606,-0.001441,-0.259368,0.001291,1.116132,4000,169,178,9,False
MvsW_ALL_14-25_mrc2,ALL_M_14-25_mrc2,ALL_W_14-25_mrc2,full_nu8p00,yorkshire_marathon,GBR,2024,174,663,270,-0.009831,-0.004957,-0.004874,-0.005246,-0.944198,0.004714,1.112727,4000,124,161,37,False
MvsW_ALL_14-25_mrc2,ALL_M_14-25_mrc2,ALL_W_14-25_mrc2,full_nu8p00,boston_marathon,USA,2021,372,819,739,0.004193,0.002456,0.001737,0.003243,0.583665,0.002916,1.111965,4000,213,205,-8,False
MvsW_ALL_14-25_mrc2,ALL_M_14-25_mrc2,ALL_W_14-25_mrc2,full_nu8p00,madrid_marathon,ESP,2021,50,184,25,0.001626,0.017231,-0.015605,-0.014089,-2.535991,0.012739,1.105946,4000,202,283,81,False
MvsW_ALL_14-25_mrc2,ALL_M_14-25_mrc2,ALL_W_14-25_mrc2,full_nu8p00,seville_marathon,ESP,2020,67,454,97,-0.020085,-0.012614,-0.007471,-0.005876,-1.057733,0.005338,1.100766,4000,36,68,32,False
MvsW_ALL_14-25_mrc2,ALL_M_14-25_mrc2,ALL_W_14-25_mrc2,full_nu8p00,copenhagen_marathon,DEN,2014,34,1266,313,-0.023194,-0.020409,-0.002785,-0.00606,-1.090815,0.005521,1.097619,4000,21,44,23,False
MvsW_ALL_14-25_mrc2,ALL_M_14-25_mrc2,ALL_W_14-25_mrc2,full_nu8p00,tokyo_marathon,JPN,2025,293,4013,2619,0.019888,0.021037,-0.001149,-0.001895,-0.34104,0.001734,1.092875,4000,293,306,13,False
MvsW_ALL_14-25_mrc2,ALL_M_14-25_mrc2,ALL_W_14-25_mrc2,full_nu8p00,prague_marathon,CZE,2016,26,317,49,0.000954,0.009813,-0.008859,-0.009556,-1.720161,0.008773,1.089338,4000,199,253,54,False
MvsW_ALL_14-25_mrc2,ALL_M_14-25_mrc2,ALL_W_14-25_mrc2,full_nu8p00,venice_marathon,ITA,2024,252,1563,373,0.0272,0.023054,0.004146,0.003755,0.675902,0.003448,1.089062,4000,317,313,-4,False
MvsW_ALL_14-25_mrc2,ALL_M_14-25_mrc2,ALL_W_14-25_mrc2,full_nu8p00,chicago_marathon,USA,2016,379,7379,5594,-0.014635,-0.013237,-0.001398,-0.001669,-0.300354,0.001555,1.073099,4000,82,80,-2,False
MvsW_ALL_14-25_mrc2,ALL_M_14-25_mrc2,ALL_W_14-25_mrc2,full_nu8p00,seville_marathon,ESP,2025,71,3668,724,-0.015547,-0.013735,-0.001813,-0.002538,-0.456757,0.002388,1.062803,4000,74,78,4,False
MvsW_ALL_14-25_mrc2,ALL_M_14-25_mrc2,ALL_W_14-25_mrc2,full_nu8p00,london_marathon,GBR,2019,140,6367,3942,-0.006303,-0.003521,-0.002782,-0.001388,-0.249782,0.001308,1.060783,4000,154,158,4,False
MvsW_ALL_14-25_mrc2,ALL_M_14-25_mrc2,ALL_W_14-25_mrc2,full_nu8p00,cologne_marathon,GER,2025,192,1243,366,-0.018712,-0.016072,-0.00264,-0.004067,-0.732135,0.003874,1.049841,4000,42,65,23,False
MvsW_ALL_14-25_mrc2,ALL_M_14-25_mrc2,ALL_W_14-25_mrc2,full_nu8p00,newport_marathon,GBR,2023,167,352,129,-0.023987,-0.017077,-0.00691,-0.006064,-1.091585,0.00578,1.0492,4000,17,41,24,False
MvsW_ALL_14-25_mrc2,ALL_M_14-25_mrc2,ALL_W_14-25_mrc2,full_nu8p00,munich_marathon,GER,2021,217,680,136,-0.010269,-0.013918,0.003649,0.005155,0.927881,0.004922,1.04738,4000,118,55,-63,False
MvsW_ALL_14-25_mrc2,ALL_M_14-25_mrc2,ALL_W_14-25_mrc2,full_nu8p00,oslo_marathon,NOR,2016,326,457,121,-0.003953,0.002664,-0.006617,-0.006945,-1.250182,0.00665,1.044379,4000,168,218,50,False
MvsW_ALL_14-25_mrc2,ALL_M_14-25_mrc2,ALL_W_14-25_mrc2,full_nu8p00,malaga_marathon,ESP,2018,55,180,54,-0.014172,-0.021085,0.006914,0.008158,1.468394,0.007874,1.035989,4000,84,14,-70,False
MvsW_ALL_14-25_mrc2,ALL_M_14-25_mrc2,ALL_W_14-25_mrc2,full_nu8p00,copenhagen_marathon,DEN,2015,35,1574,444,-0.017889,-0.015495,-0.002394,-0.004224,-0.760371,0.004178,1.01119,4000,45,74,29,False
MvsW_ALL_14-25_mrc2,ALL_M_14-25_mrc2,ALL_W_14-25_mrc2,full_nu8p00,tokyo_marathon,JPN,2016,286,1021,424,0.000857,-0.003803,0.00466,0.003753,0.675583,0.003774,0.99451,4000,197,174,-23,False
MvsW_ALL_14-25_mrc2,ALL_M_14-25_mrc2,ALL_W_14-25_mrc2,full_nu8p00,frankfurt_marathon,GER,2024,200,2221,707,-0.010537,-0.012957,0.002421,0.00203,0.365345,0.002053,0.988501,4000,116,83,-33,False
MvsW_ALL_14-25_mrc2,ALL_M_14-25_mrc2,ALL_W_14-25_mrc2,full_nu8p00,edinburgh_marathon,GBR,2017,128,441,198,0.018108,0.02475,-0.006642,-0.006354,-1.143694,0.006471,0.981927,4000,287,316,29,False
MvsW_ALL_14-25_mrc2,ALL_M_14-25_mrc2,ALL_W_14-25_mrc2,full_nu8p00,newport_marathon,GBR,2018,164,293,158,-0.012081,-0.0176,0.005519,0.006449,1.160846,0.006576,0.980728,4000,104,33,-71,False
MvsW_ALL_14-25_mrc2,ALL_M_14-25_mrc2,ALL_W_14-25_mrc2,full_nu8p00,tokyo_marathon,JPN,2015,285,852,330,-0.021475,-0.019508,-0.001967,-0.004128,-0.743121,0.004239,0.973968,4000,27,43,16,False
MvsW_ALL_14-25_mrc2,ALL_M_14-25_mrc2,ALL_W_14-25_mrc2,full_nu8p00,dublin_marathon,IRL,2014,230,103,46,0.00495,0.011629,-0.006679,-0.009293,-1.672753,0.009576,0.970436,4000,219,275,56,False
MvsW_ALL_14-25_mrc2,ALL_M_14-25_mrc2,ALL_W_14-25_mrc2,full_nu8p00,paris_marathon,FRA,2018,85,10599,2426,0.01637,0.019724,-0.003354,-0.002458,-0.442414,0.002533,0.970268,4000,274,297,23,False
MvsW_ALL_14-25_mrc2,ALL_M_14-25_mrc2,ALL_W_14-25_mrc2,full_nu8p00,valencia_marathon,ESP,2019,74,5856,804,-0.007337,-0.003473,-0.003864,-0.002309,-0.415588,0.002385,0.968097,4000,146,156,10,False
MvsW_ALL_14-25_mrc2,ALL_M_14-25_mrc2,ALL_W_14-25_mrc2,full_nu8p00,zurich_marathon,SUI,2023,352,970,220,-0.004326,0.000837,-0.005163,-0.004329,-0.779168,0.004612,0.938564,4000,164,200,36,False
MvsW_ALL_14-25_mrc2,ALL_M_14-25_mrc2,ALL_W_14-25_mrc2,full_nu8p00,eindhoven_marathon,NED,2023,316,764,153,-0.007034,-0.010576,0.003542,0.004063,0.731284,0.004343,0.935389,4000,148,101,-47,False
MvsW_ALL_14-25_mrc2,ALL_M_14-25_mrc2,ALL_W_14-25_mrc2,full_nu8p00,nyc_marathon,USA,2023,396,14374,10346,0.034988,0.034392,0.000596,0.001059,0.190681,0.00114,0.929087,4000,324,328,4,False
MvsW_ALL_14-25_mrc2,ALL_M_14-25_mrc2,ALL_W_14-25_mrc2,full_nu8p00,eindhoven_marathon,NED,2022,315,667,133,-0.013926,-0.016905,0.002979,0.004113,0.740376,0.004444,0.925547,4000,88,36,-52,False
MvsW_ALL_14-25_mrc2,ALL_M_14-25_mrc2,ALL_W_14-25_mrc2,full_nu8p00,rotterdam_marathon,NED,2019,320,4741,1274,0.022239,0.021779,0.00046,0.001834,0.330151,0.001996,0.919043,4000,304,302,-2,False
MvsW_ALL_14-25_mrc2,ALL_M_14-25_mrc2,ALL_W_14-25_mrc2,full_nu8p00,frankfurt_marathon,GER,2016,194,2935,720,-0.017586,-0.015587,-0.001999,-0.002214,-0.398557,0.00246,0.900064,4000,53,56,3,False
MvsW_ALL_14-25_mrc2,ALL_M_14-25_mrc2,ALL_W_14-25_mrc2,full_nu8p00,hamburg_marathon,GER,2021,204,782,158,0.00258,0.000572,0.002007,0.003532,0.635811,0.004041,0.874197,4000,208,191,-17,False
MvsW_ALL_14-25_mrc2,ALL_M_14-25_mrc2,ALL_W_14-25_mrc2,full_nu8p00,belfast_marathon,GBR,2022,103,156,55,-0.009172,-0.00034,-0.008832,-0.007504,-1.350673,0.008584,0.874103,4000,127,185,58,False
MvsW_ALL_14-25_mrc2,ALL_M_14-25_mrc2,ALL_W_14-25_mrc2,full_nu8p00,hamburg_marathon,GER,2024,207,3162,1002,0.006718,0.004949,0.001769,0.001842,0.331647,0.002111,0.87261,4000,234,228,-6,False
MvsW_ALL_14-25_mrc2,ALL_M_14-25_mrc2,ALL_W_14-25_mrc2,full_nu8p00,paris_marathon,FRA,2021,87,7489,1598,-0.011877,-0.007982,-0.003894,-0.002393,-0.430725,0.002744,0.87191,4000,105,117,12,False
MvsW_ALL_14-25_mrc2,ALL_M_14-25_mrc2,ALL_W_14-25_mrc2,full_nu8p00,oslo_marathon,NOR,2025,333,477,133,0.003598,-0.002725,0.006323,0.004945,0.89014,0.005799,0.852826,4000,209,188,-21,False
MvsW_ALL_14-25_mrc2,ALL_M_14-25_mrc2,ALL_W_14-25_mrc2,full_nu8p00,eindhoven_marathon,NED,2017,311,463,79,-0.0153,-0.008924,-0.006376,-0.00581,-1.045736,0.006833,0.850232,4000,77,116,39,False
MvsW_ALL_14-25_mrc2,ALL_M_14-25_mrc2,ALL_W_14-25_mrc2,full_nu8p00,goldcoast_marathon,AUS,2025,1,1401,604,0.014767,0.01062,0.004148,0.003017,0.543029,0.003613,0.834904,4000,266,260,-6,False
MvsW_ALL_14-25_mrc2,ALL_M_14-25_mrc2,ALL_W_14-25_mrc2,full_nu8p00,seville_marathon,ESP,2019,66,394,84,-0.027572,-0.021401,-0.006171,-0.004848,-0.872552,0.005932,0.817123,4000,5,12,7,False
MvsW_ALL_14-25_mrc2,ALL_M_14-25_mrc2,ALL_W_14-25_mrc2,full_nu8p00,yorkshire_marathon,GBR,2023,173,587,271,-0.015567,-0.01134,-0.004227,-0.003721,-0.669694,0.004603,0.808301,4000,73,90,17,False
MvsW_ALL_14-25_mrc2,ALL_M_14-25_mrc2,ALL_W_14-25_mrc2,full_nu8p00,cologne_marathon,GER,2024,191,1329,361,-0.011391,-0.014422,0.003032,0.002697,0.48553,0.003361,0.802489,4000,108,70,-38,False
MvsW_ALL_14-25_mrc2,ALL_M_14-25_mrc2,ALL_W_14-25_mrc2,full_nu8p00,milton_keynes_marathon,GBR,2022,160,314,149,0.015159,0.020963,-0.005804,-0.004477,-0.805806,0.005633,0.794684,4000,268,300,32,False
MvsW_ALL_14-25_mrc2,ALL_M_14-25_mrc2,ALL_W_14-25_mrc2,full_nu8p00,barcelona_marathon,ESP,2021,45,637,163,-0.016289,-0.011362,-0.004927,-0.003441,-0.619403,0.004339,0.793024,4000,65,81,16,False
MvsW_ALL_14-25_mrc2,ALL_M_14-25_mrc2,ALL_W_14-25_mrc2,full_nu8p00,paris_marathon,FRA,2024,90,7942,2089,-0.016161,-0.013917,-0.002245,-0.002121,-0.381831,0.0027,0.785664,4000,66,71,5,False
MvsW_ALL_14-25_mrc2,ALL_M_14-25_mrc2,ALL_W_14-25_mrc2,full_nu8p00,edinburgh_marathon,GBR,2024,133,518,291,-0.00203,0.001657,-0.003687,-0.00368,-0.662488,0.004744,0.775893,4000,179,208,29,False
MvsW_ALL_14-25_mrc2,ALL_M_14-25_mrc2,ALL_W_14-25_mrc2,full_nu8p00,venice_marathon,ITA,2025,253,1419,418,0.006625,0.008038,-0.001413,-0.002911,-0.524047,0.003766,0.773018,4000,233,251,18,False
MvsW_ALL_14-25_mrc2,ALL_M_14-25_mrc2,ALL_W_14-25_mrc2,full_nu8p00,eindhoven_marathon,NED,2024,317,1155,234,-0.026994,-0.024463,-0.002531,-0.002884,-0.519106,0.003736,0.771992,4000,6,7,1,False
MvsW_ALL_14-25_mrc2,ALL_M_14-25_mrc2,ALL_W_14-25_mrc2,full_nu8p00,vienna_marathon,AUT,2021,19,232,43,0.027393,0.023459,0.003934,0.005459,0.982672,0.007082,0.770815,4000,319,307,-12,False
MvsW_ALL_14-25_mrc2,ALL_M_14-25_mrc2,ALL_W_14-25_mrc2,full_nu8p00,copenhagen_marathon,DEN,2019,39,2353,781,0.014268,0.017655,-0.003387,-0.001974,-0.355372,0.002581,0.764983,4000,264,286,22,False
MvsW_ALL_14-25_mrc2,ALL_M_14-25_mrc2,ALL_W_14-25_mrc2,full_nu8p00,london_marathon,GBR,2025,146,5691,3871,0.022946,0.023091,-0.000145,-0.001058,-0.19051,0.001386,0.763644,4000,307,314,7,False
MvsW_ALL_14-25_mrc2,ALL_M_14-25_mrc2,ALL_W_14-25_mrc2,full_nu8p00,edinburgh_marathon,GBR,2016,127,459,223,-0.007389,-0.012023,0.004634,0.003997,0.719503,0.005275,0.757752,4000,145,97,-48,False
MvsW_ALL_14-25_mrc2,ALL_M_14-25_mrc2,ALL_W_14-25_mrc2,full_nu8p00,san_sebastian_marathon,ESP,2022,62,162,28,-0.005066,0.001422,-0.006488,-0.005423,-0.976064,0.00722,0.751037,4000,159,203,44,False
MvsW_ALL_14-25_mrc2,ALL_M_14-25_mrc2,ALL_W_14-25_mrc2,full_nu8p00,rotterdam_marathon,NED,2018,319,4357,1151,0.019957,0.019059,0.000898,0.001794,0.322972,0.002397,0.74863,4000,294,294,0,False
MvsW_ALL_14-25_mrc2,ALL_M_14-25_mrc2,ALL_W_14-25_mrc2,full_nu8p00,sydney_marathon,AUS,2022,13,773,264,0.022018,0.019416,0.002602,0.003764,0.677548,0.005032,0.74807,4000,301,295,-6,False
MvsW_ALL_14-25_mrc2,ALL_M_14-25_mrc2,ALL_W_14-25_mrc2,full_nu8p00,chester_marathon,GBR,2024,123,702,305,-0.009113,-0.012639,0.003526,0.003192,0.574575,0.004277,0.746334,4000,128,87,-41,False
MvsW_ALL_14-25_mrc2,ALL_M_14-25_mrc2,ALL_W_14-25_mrc2,full_nu8p00,dublin_marathon,IRL,2025,239,151,56,-0.015783,-0.022767,0.006984,0.005486,0.987503,0.007368,0.744589,4000,67,18,-49,False
MvsW_ALL_14-25_mrc2,ALL_M_14-25_mrc2,ALL_W_14-25_mrc2,full_nu8p00,rotterdam_marathon,NED,2023,323,6091,1662,-0.023861,-0.021706,-0.002155,-0.001309,-0.235691,0.001762,0.743258,4000,18,13,-5,False
MvsW_ALL_14-25_mrc2,ALL_M_14-25_mrc2,ALL_W_14-25_mrc2,full_nu8p00,milton_keynes_marathon,GBR,2024,162,366,132,0.019152,0.014551,0.004602,0.004656,0.838069,0.006286,0.740732,4000,290,276,-14,False
MvsW_ALL_14-25_mrc2,ALL_M_14-25_mrc2,ALL_W_14-25_mrc2,full_nu8p00,brighton_marathon,GBR,2022,112,1343,681,0.010342,0.009136,0.001207,0.002557,0.460279,0.003536,0.723207,4000,251,240,-11,False
MvsW_ALL_14-25_mrc2,ALL_M_14-25_mrc2,ALL_W_14-25_mrc2,full_nu8p00,milton_keynes_marathon,GBR,2015,154,284,91,0.00602,0.010677,-0.004657,-0.006559,-1.180574,0.009325,0.703374,4000,227,265,38,False
MvsW_ALL_14-25_mrc2,ALL_M_14-25_mrc2,ALL_W_14-25_mrc2,full_nu8p00,zurich_marathon,SUI,2022,351,957,202,-0.008376,-0.004045,-0.004331,-0.002981,-0.536531,0.004298,0.693452,4000,136,149,13,False
MvsW_ALL_14-25_mrc2,ALL_M_14-25_mrc2,ALL_W_14-25_mrc2,full_nu8p00,malaga_marathon,ESP,2023,59,409,129,-0.002313,-0.004905,0.002592,0.002982,0.536808,0.00434,0.687226,4000,178,150,-28,False
MvsW_ALL_14-25_mrc2,ALL_M_14-25_mrc2,ALL_W_14-25_mrc2,full_nu8p00,newport_marathon,GBR,2024,168,351,126,-0.009092,-0.004956,-0.004136,-0.004062,-0.731182,0.005913,0.68699,4000,130,155,25,False
MvsW_ALL_14-25_mrc2,ALL_M_14-25_mrc2,ALL_W_14-25_mrc2,full_nu8p00,copenhagen_marathon,DEN,2016,36,1673,483,0.025198,0.0221,0.003098,0.002441,0.439385,0.003577,0.682462,4000,312,310,-2,False
MvsW_ALL_14-25_mrc2,ALL_M_14-25_mrc2,ALL_W_14-25_mrc2,full_nu8p00,frankfurt_marathon,GER,2023,199,2571,780,-0.007639,-0.008557,0.000917,0.001396,0.2512,0.00205,0.680787,4000,142,123,-19,False
MvsW_ALL_14-25_mrc2,ALL_M_14-25_mrc2,ALL_W_14-25_mrc2,full_nu8p00,abingdon_marathon,GBR,2024,94,314,119,-0.001712,-0.005667,0.003955,0.003583,0.645013,0.005345,0.670405,4000,181,151,-30,False
MvsW_ALL_14-25_mrc2,ALL_M_14-25_mrc2,ALL_W_14-25_mrc2,full_nu8p00,munich_marathon,GER,2019,216,938,248,0.020439,0.018994,0.001445,0.002971,0.53479,0.004473,0.664153,4000,296,291,-5,False
MvsW_ALL_14-25_mrc2,ALL_M_14-25_mrc2,ALL_W_14-25_mrc2,full_nu8p00,edinburgh_marathon,GBR,2015,126,517,257,-0.00477,-0.010013,0.005244,0.003438,0.618851,0.005186,0.662932,4000,161,127,-34,False
MvsW_ALL_14-25_mrc2,ALL_M_14-25_mrc2,ALL_W_14-25_mrc2,full_nu8p00,munich_marathon,GER,2024,220,986,219,-0.007455,-0.005162,-0.002293,-0.002646,-0.476198,0.004031,0.656224,4000,144,159,15,False
MvsW_ALL_14-25_mrc2,ALL_M_14-25_mrc2,ALL_W_14-25_mrc2,full_nu8p00,tokyo_marathon,JPN,2018,288,1598,808,-0.003365,-0.000724,-0.002641,-0.001815,-0.326737,0.002771,0.655069,4000,174,186,12,False
MvsW_ALL_14-25_mrc2,ALL_M_14-25_mrc2,ALL_W_14-25_mrc2,full_nu8p00,copenhagen_marathon,DEN,2024,42,2635,846,-0.006914,-0.005377,-0.001537,-0.00148,-0.266406,0.002297,0.644295,4000,150,148,-2,False
MvsW_ALL_14-25_mrc2,ALL_M_14-25_mrc2,ALL_W_14-25_mrc2,full_nu8p00,nyc_marathon,USA,2025,398,12316,9011,0.025932,0.023498,0.002434,0.000912,0.164213,0.001451,0.628675,4000,313,318,5,False
MvsW_ALL_14-25_mrc2,ALL_M_14-25_mrc2,ALL_W_14-25_mrc2,full_nu8p00,frankfurt_marathon,GER,2025,201,1960,569,-0.017664,-0.01764,-2.4e-05,-0.001522,-0.273918,0.00244,0.623786,4000,51,50,-1,False
MvsW_ALL_14-25_mrc2,ALL_M_14-25_mrc2,ALL_W_14-25_mrc2,full_nu8p00,manchester_marathon,GBR,2024,151,2579,1098,-0.011712,-0.010146,-0.001566,-0.001459,-0.262704,0.002367,0.616534,4000,107,111,4,False
MvsW_ALL_14-25_mrc2,ALL_M_14-25_mrc2,ALL_W_14-25_mrc2,full_nu8p00,hamburg_marathon,GER,2022,205,2336,680,-0.009383,-0.006508,-0.002875,-0.001539,-0.27709,0.002508,0.613885,4000,125,131,6,False
MvsW_ALL_14-25_mrc2,ALL_M_14-25_mrc2,ALL_W_14-25_mrc2,full_nu8p00,hamburg_marathon,GER,2025,208,2535,772,-0.012246,-0.014668,0.002422,0.001508,0.2715,0.002473,0.609919,4000,101,72,-29,False
MvsW_ALL_14-25_mrc2,ALL_M_14-25_mrc2,ALL_W_14-25_mrc2,full_nu8p00,vienna_marathon,AUT,2023,21,650,202,0.015951,0.014552,0.001399,0.002233,0.401869,0.00371,0.601786,4000,271,273,2,False
MvsW_ALL_14-25_mrc2,ALL_M_14-25_mrc2,ALL_W_14-25_mrc2,full_nu8p00,milton_keynes_marathon,GBR,2021,159,274,83,0.00687,0.004011,0.002859,0.004428,0.796955,0.007474,0.592356,4000,235,214,-21,False
MvsW_ALL_14-25_mrc2,ALL_M_14-25_mrc2,ALL_W_14-25_mrc2,full_nu8p00,madrid_marathon,ESP,2022,51,290,38,0.006611,0.014123,-0.007512,-0.006177,-1.111771,0.01067,0.578883,4000,232,268,36,False
MvsW_ALL_14-25_mrc2,ALL_M_14-25_mrc2,ALL_W_14-25_mrc2,full_nu8p00,eindhoven_marathon,NED,2019,313,592,116,0.021966,0.020727,0.001239,0.002765,0.497683,0.00478,0.578427,4000,300,298,-2,False
MvsW_ALL_14-25_mrc2,ALL_M_14-25_mrc2,ALL_W_14-25_mrc2,full_nu8p00,oslo_marathon,NOR,2017,327,492,128,0.009518,0.013258,-0.00374,-0.003217,-0.579007,0.005574,0.577105,4000,245,267,22,False
MvsW_ALL_14-25_mrc2,ALL_M_14-25_mrc2,ALL_W_14-25_mrc2,full_nu8p00,hannover_marathon,GER,2025,214,415,127,-0.020399,-0.023647,0.003248,0.002398,0.431665,0.004229,0.567115,4000,34,11,-23,False
MvsW_ALL_14-25_mrc2,ALL_M_14-25_mrc2,ALL_W_14-25_mrc2,full_nu8p00,dublin_marathon,IRL,2019,235,150,83,-0.022532,-0.024386,0.001854,0.003389,0.610064,0.00602,0.563033,4000,23,4,-19,False
MvsW_ALL_14-25_mrc2,ALL_M_14-25_mrc2,ALL_W_14-25_mrc2,full_nu8p00,dublin_marathon,IRL,2022,236,144,66,-0.013892,-0.015951,0.002059,0.003164,0.569603,0.005804,0.545255,4000,89,45,-44,False
MvsW_ALL_14-25_mrc2,ALL_M_14-25_mrc2,ALL_W_14-25_mrc2,full_nu8p00,brighton_marathon,GBR,2025,115,912,438,0.010415,0.012191,-0.001776,-0.002626,-0.472672,0.004823,0.544443,4000,252,269,17,False
MvsW_ALL_14-25_mrc2,ALL_M_14-25_mrc2,ALL_W_14-25_mrc2,full_nu8p00,milton_keynes_marathon,GBR,2018,157,398,137,0.108886,0.114082,-0.005197,-0.004253,-0.7656,0.007965,0.53402,4000,337,337,0,False
MvsW_ALL_14-25_mrc2,ALL_M_14-25_mrc2,ALL_W_14-25_mrc2,full_nu8p00,malaga_marathon,ESP,2019,56,266,62,-0.019873,-0.014373,-0.0055,-0.003937,-0.708708,0.007387,0.533001,4000,37,54,17,False
MvsW_ALL_14-25_mrc2,ALL_M_14-25_mrc2,ALL_W_14-25_mrc2,full_nu8p00,amsterdam_marathon,NED,2019,305,2762,672,-0.01072,-0.010567,-0.000153,0.001378,0.248022,0.002588,0.532352,4000,115,88,-27,False
MvsW_ALL_14-25_mrc2,ALL_M_14-25_mrc2,ALL_W_14-25_mrc2,full_nu8p00,copenhagen_marathon,DEN,2022,40,2011,647,0.002532,0.005201,-0.002669,-0.001355,-0.24393,0.002561,0.529214,4000,207,223,16,False
MvsW_ALL_14-25_mrc2,ALL_M_14-25_mrc2,ALL_W_14-25_mrc2,full_nu8p00,eindhoven_marathon,NED,2021,314,419,87,-0.014806,-0.010056,-0.00475,-0.003244,-0.583862,0.006138,0.528457,4000,81,96,15,False
MvsW_ALL_14-25_mrc2,ALL_M_14-25_mrc2,ALL_W_14-25_mrc2,full_nu8p00,madrid_marathon,ESP,2025,54,353,77,0.005438,0.008529,-0.003091,-0.004004,-0.72076,0.008026,0.498906,4000,226,250,24,False
MvsW_ALL_14-25_mrc2,ALL_M_14-25_mrc2,ALL_W_14-25_mrc2,full_nu8p00,boston_marathon,USA,2014,366,1046,734,-0.008746,-0.010211,0.001465,-0.001925,-0.346564,0.003883,0.495842,4000,134,138,4,False
MvsW_ALL_14-25_mrc2,ALL_M_14-25_mrc2,ALL_W_14-25_mrc2,full_nu8p00,melbourne_marathon,AUS,2022,9,1733,539,0.005394,0.008393,-0.002999,-0.001855,-0.333917,0.003815,0.486262,4000,225,237,12,False
MvsW_ALL_14-25_mrc2,ALL_M_14-25_mrc2,ALL_W_14-25_mrc2,full_nu8p00,cape_town_marathon,RSA,2022,339,26,21,0.004499,0.000387,0.004112,0.005237,0.942688,0.010868,0.48188,4000,214,193,-21,False
MvsW_ALL_14-25_mrc2,ALL_M_14-25_mrc2,ALL_W_14-25_mrc2,full_nu8p00,melbourne_marathon,AUS,2024,11,2210,806,0.011927,0.013123,-0.001196,-0.001549,-0.278873,0.003247,0.477202,4000,257,272,15,False
MvsW_ALL_14-25_mrc2,ALL_M_14-25_mrc2,ALL_W_14-25_mrc2,full_nu8p00,bostonUK_marathon,GBR,2024,110,183,65,-0.010131,-0.014237,0.004106,0.004179,0.75223,0.00887,0.47116,4000,122,66,-56,False
MvsW_ALL_14-25_mrc2,ALL_M_14-25_mrc2,ALL_W_14-25_mrc2,full_nu8p00,chester_marathon,GBR,2018,118,739,364,-0.020785,-0.017713,-0.003073,-0.001908,-0.343405,0.004098,0.465509,4000,31,30,-1,False
MvsW_ALL_14-25_mrc2,ALL_M_14-25_mrc2,ALL_W_14-25_mrc2,full_nu8p00,munich_marathon,GER,2023,219,937,231,0.009408,0.008001,0.001407,0.001928,0.347091,0.004191,0.460088,4000,243,238,-5,False
MvsW_ALL_14-25_mrc2,ALL_M_14-25_mrc2,ALL_W_14-25_mrc2,full_nu8p00,newport_marathon,GBR,2025,169,458,150,-0.020469,-0.023813,0.003344,0.002474,0.445233,0.00541,0.457192,4000,33,10,-23,False
MvsW_ALL_14-25_mrc2,ALL_M_14-25_mrc2,ALL_W_14-25_mrc2,full_nu8p00,belfast_marathon,GBR,2017,99,74,27,0.02372,0.029454,-0.005734,-0.005507,-0.991209,0.012169,0.452536,4000,310,325,15,False
MvsW_ALL_14-25_mrc2,ALL_M_14-25_mrc2,ALL_W_14-25_mrc2,full_nu8p00,edinburgh_marathon,GBR,2022,131,852,490,0.006477,0.006177,0.0003,0.001598,0.287638,0.00354,0.451465,4000,229,229,0,False
MvsW_ALL_14-25_mrc2,ALL_M_14-25_mrc2,ALL_W_14-25_mrc2,full_nu8p00,belfast_marathon,GBR,2015,97,151,45,0.017457,0.010348,0.00711,0.005208,0.937378,0.011765,0.442626,4000,281,264,-17,False
MvsW_ALL_14-25_mrc2,ALL_M_14-25_mrc2,ALL_W_14-25_mrc2,full_nu8p00,edinburgh_marathon,GBR,2014,125,418,161,-0.008595,-0.014585,0.005991,0.002745,0.494125,0.006266,0.438115,4000,135,99,-36,False
MvsW_ALL_14-25_mrc2,ALL_M_14-25_mrc2,ALL_W_14-25_mrc2,full_nu8p00,lisbon_marathon,POR,2024,337,59,22,0.018253,0.012251,0.006002,0.005668,1.020254,0.012944,0.437899,4000,288,266,-22,False
MvsW_ALL_14-25_mrc2,ALL_M_14-25_mrc2,ALL_W_14-25_mrc2,full_nu8p00,london_marathon,GBR,2021,142,6631,4163,0.005175,0.006135,-0.00096,0.000551,0.099157,0.001279,0.430688,4000,222,226,4,False
MvsW_ALL_14-25_mrc2,ALL_M_14-25_mrc2,ALL_W_14-25_mrc2,full_nu8p00,eindhoven_marathon,NED,2025,318,795,158,-0.033466,-0.032856,-0.00061,-0.00206,-0.370863,0.004878,0.422383,4000,2,1,-1,False
MvsW_ALL_14-25_mrc2,ALL_M_14-25_mrc2,ALL_W_14-25_mrc2,full_nu8p00,paris_marathon,FRA,2022,88,8194,2023,-0.017784,-0.017482,-0.000302,0.001055,0.189942,0.002575,0.409868,4000,46,31,-15,False
MvsW_ALL_14-25_mrc2,ALL_M_14-25_mrc2,ALL_W_14-25_mrc2,full_nu8p00,belfast_marathon,GBR,2025,106,147,55,-0.007801,-0.003838,-0.003963,-0.004897,-0.881545,0.012166,0.402546,4000,140,173,33,False
MvsW_ALL_14-25_mrc2,ALL_M_14-25_mrc2,ALL_W_14-25_mrc2,full_nu8p00,munich_marathon,GER,2022,218,878,232,-0.005422,-0.002799,-0.002623,-0.001489,-0.268013,0.003755,0.396561,4000,158,167,9,False
MvsW_ALL_14-25_mrc2,ALL_M_14-25_mrc2,ALL_W_14-25_mrc2,full_nu8p00,yorkshire_marathon,GBR,2021,171,404,215,-0.002995,-0.003458,0.000464,0.001965,0.353707,0.004956,0.396464,4000,175,157,-18,False
MvsW_ALL_14-25_mrc2,ALL_M_14-25_mrc2,ALL_W_14-25_mrc2,full_nu8p00,malaga_marathon,ESP,2024,60,1358,324,-0.016304,-0.015592,-0.000712,-0.001238,-0.222808,0.003277,0.377706,4000,64,60,-4,False
MvsW_ALL_14-25_mrc2,ALL_M_14-25_mrc2,ALL_W_14-25_mrc2,full_nu8p00,chester_marathon,GBR,2022,121,573,292,-0.000272,-0.000608,0.000336,0.001479,0.266304,0.003963,0.37328,4000,188,182,-6,False
MvsW_ALL_14-25_mrc2,ALL_M_14-25_mrc2,ALL_W_14-25_mrc2,full_nu8p00,paris_marathon,FRA,2023,89,10006,2579,-0.023236,-0.021366,-0.00187,-0.001,-0.180066,0.002701,0.370368,4000,20,15,-5,False
MvsW_ALL_14-25_mrc2,ALL_M_14-25_mrc2,ALL_W_14-25_mrc2,full_nu8p00,dublin_marathon,IRL,2023,237,155,74,-0.016776,-0.014251,-0.002525,-0.002047,-0.368383,0.005619,0.364192,4000,62,62,0,False
MvsW_ALL_14-25_mrc2,ALL_M_14-25_mrc2,ALL_W_14-25_mrc2,full_nu8p00,valencia_marathon,ESP,2024,79,8396,1476,-0.013079,-0.01299,-9e-05,-0.000577,-0.103784,0.001588,0.363187,4000,94,85,-9,False
MvsW_ALL_14-25_mrc2,ALL_M_14-25_mrc2,ALL_W_14-25_mrc2,full_nu8p00,yorkshire_marathon,GBR,2025,175,488,206,-0.014936,-0.018476,0.00354,0.002066,0.371803,0.005709,0.361802,4000,80,46,-34,False
MvsW_ALL_14-25_mrc2,ALL_M_14-25_mrc2,ALL_W_14-25_mrc2,full_nu8p00,milton_keynes_marathon,GBR,2025,163,360,133,-0.010721,-0.008954,-0.001767,-0.002704,-0.486775,0.007544,0.358467,4000,114,128,14,False
MvsW_ALL_14-25_mrc2,ALL_M_14-25_mrc2,ALL_W_14-25_mrc2,full_nu8p00,belfast_marathon,GBR,2021,102,148,62,-0.004231,0.000154,-0.004385,-0.002874,-0.517356,0.008123,0.35384,4000,165,187,22,False
MvsW_ALL_14-25_mrc2,ALL_M_14-25_mrc2,ALL_W_14-25_mrc2,full_nu8p00,barcelona_marathon,ESP,2023,47,579,151,-0.000426,0.001974,-0.0024,-0.001507,-0.271314,0.00434,0.347338,4000,187,207,20,False
MvsW_ALL_14-25_mrc2,ALL_M_14-25_mrc2,ALL_W_14-25_mrc2,full_nu8p00,chester_marathon,GBR,2017,117,654,299,-0.013222,-0.011105,-0.002117,-0.00155,-0.279047,0.004565,0.339633,4000,91,94,3,False
MvsW_ALL_14-25_mrc2,ALL_M_14-25_mrc2,ALL_W_14-25_mrc2,full_nu8p00,brighton_marathon,GBR,2023,113,1266,627,0.003868,0.005939,-0.002071,-0.001201,-0.216235,0.003604,0.333283,4000,210,230,20,False
MvsW_ALL_14-25_mrc2,ALL_M_14-25_mrc2,ALL_W_14-25_mrc2,full_nu8p00,oslo_marathon,NOR,2018,328,489,140,0.008908,0.008054,0.000854,0.001989,0.35809,0.00612,0.325074,4000,240,234,-6,False
MvsW_ALL_14-25_mrc2,ALL_M_14-25_mrc2,ALL_W_14-25_mrc2,full_nu8p00,vienna_marathon,AUT,2022,20,483,99,0.001203,0.004068,-0.002865,-0.001529,-0.275166,0.004829,0.316582,4000,201,217,16,False
MvsW_ALL_14-25_mrc2,ALL_M_14-25_mrc2,ALL_W_14-25_mrc2,full_nu8p00,valencia_marathon,ESP,2025,80,6917,1310,-0.009886,-0.010968,0.001081,-0.00056,-0.1008,0.001778,0.314972,4000,123,121,-2,False
MvsW_ALL_14-25_mrc2,ALL_M_14-25_mrc2,ALL_W_14-25_mrc2,full_nu8p00,prague_marathon,CZE,2025,33,1851,448,-0.0057,-0.007733,0.002033,0.001098,0.197717,0.003514,0.312564,4000,157,140,-17,False
MvsW_ALL_14-25_mrc2,ALL_M_14-25_mrc2,ALL_W_14-25_mrc2,full_nu8p00,rotterdam_marathon,NED,2025,325,4278,1274,-0.019458,-0.020944,0.001486,0.000615,0.110696,0.002034,0.302287,4000,40,22,-18,False
MvsW_ALL_14-25_mrc2,ALL_M_14-25_mrc2,ALL_W_14-25_mrc2,full_nu8p00,paris_marathon,FRA,2025,91,126,56,-0.01321,-0.016175,0.002964,0.002094,0.376837,0.007224,0.289815,4000,92,57,-35,False
MvsW_ALL_14-25_mrc2,ALL_M_14-25_mrc2,ALL_W_14-25_mrc2,full_nu8p00,copenhagen_marathon,DEN,2025,43,2548,803,-0.021363,-0.021606,0.000243,-0.000713,-0.12835,0.002487,0.286741,4000,28,21,-7,False
MvsW_ALL_14-25_mrc2,ALL_M_14-25_mrc2,ALL_W_14-25_mrc2,full_nu8p00,milton_keynes_marathon,GBR,2017,156,173,51,0.004145,0.007191,-0.003046,-0.002818,-0.507234,0.010212,0.275951,4000,212,235,23,False
MvsW_ALL_14-25_mrc2,ALL_M_14-25_mrc2,ALL_W_14-25_mrc2,full_nu8p00,abingdon_marathon,GBR,2025,95,302,153,-0.012635,-0.012707,7.2e-05,-0.001402,-0.252384,0.005107,0.274576,4000,95,100,5,False
MvsW_ALL_14-25_mrc2,ALL_M_14-25_mrc2,ALL_W_14-25_mrc2,full_nu8p00,edinburgh_marathon,GBR,2023,132,501,285,0.006591,0.00607,0.000521,0.001294,0.232863,0.004735,0.273226,4000,231,233,2,False
MvsW_ALL_14-25_mrc2,ALL_M_14-25_mrc2,ALL_W_14-25_mrc2,full_nu8p00,prague_marathon,CZE,2022,30,272,74,0.020975,0.024339,-0.003364,-0.002043,-0.367665,0.007588,0.269182,4000,298,312,14,False
MvsW_ALL_14-25_mrc2,ALL_M_14-25_mrc2,ALL_W_14-25_mrc2,full_nu8p00,tokyo_marathon,JPN,2024,292,4350,2744,-0.000232,-0.000467,0.000236,0.00044,0.079171,0.001652,0.266269,4000,189,194,5,False
MvsW_ALL_14-25_mrc2,ALL_M_14-25_mrc2,ALL_W_14-25_mrc2,full_nu8p00,abingdon_marathon,GBR,2022,92,281,86,0.000895,0.003699,-0.002805,-0.001689,-0.304086,0.006427,0.262862,4000,198,215,17,False
MvsW_ALL_14-25_mrc2,ALL_M_14-25_mrc2,ALL_W_14-25_mrc2,full_nu8p00,chester_marathon,GBR,2021,120,340,155,-0.001005,-0.00133,0.000325,0.001836,0.330492,0.007022,0.261458,4000,183,175,-8,False
MvsW_ALL_14-25_mrc2,ALL_M_14-25_mrc2,ALL_W_14-25_mrc2,full_nu8p00,bostonUK_marathon,GBR,2025,111,240,81,-0.008324,-0.007143,-0.001182,-0.002052,-0.369415,0.008072,0.254266,4000,138,143,5,False
MvsW_ALL_14-25_mrc2,ALL_M_14-25_mrc2,ALL_W_14-25_mrc2,full_nu8p00,sydney_marathon,AUS,2025,16,5763,2797,0.013907,0.013188,0.000719,-0.000593,-0.106662,0.002396,0.247357,4000,261,277,16,False
MvsW_ALL_14-25_mrc2,ALL_M_14-25_mrc2,ALL_W_14-25_mrc2,full_nu8p00,dublin_marathon,IRL,2016,232,160,84,-0.012185,-0.01394,0.001755,0.00154,0.277128,0.006239,0.246771,4000,102,73,-29,False
MvsW_ALL_14-25_mrc2,ALL_M_14-25_mrc2,ALL_W_14-25_mrc2,full_nu8p00,bostonUK_marathon,GBR,2022,108,208,112,-0.010145,-0.007055,-0.00309,-0.001748,-0.314556,0.007443,0.234789,4000,121,126,5,False
MvsW_ALL_14-25_mrc2,ALL_M_14-25_mrc2,ALL_W_14-25_mrc2,full_nu8p00,seville_marathon,ESP,2018,65,310,60,-0.026305,-0.023714,-0.002591,-0.001766,-0.317812,0.007869,0.224367,4000,9,6,-3,False
MvsW_ALL_14-25_mrc2,ALL_M_14-25_mrc2,ALL_W_14-25_mrc2,full_nu8p00,newport_marathon,GBR,2019,165,352,149,-0.020632,-0.017646,-0.002986,-0.001585,-0.285327,0.007331,0.216223,4000,32,28,-4,False
MvsW_ALL_14-25_mrc2,ALL_M_14-25_mrc2,ALL_W_14-25_mrc2,full_nu8p00,barcelona_marathon,ESP,2024,48,910,252,-0.012541,-0.011644,-0.000896,-0.000708,-0.12744,0.003597,0.196837,4000,98,91,-7,False
MvsW_ALL_14-25_mrc2,ALL_M_14-25_mrc2,ALL_W_14-25_mrc2,full_nu8p00,copenhagen_marathon,DEN,2023,41,2303,697,0.009443,0.009746,-0.000303,0.000494,0.08898,0.002541,0.194551,4000,244,245,1,False
MvsW_ALL_14-25_mrc2,ALL_M_14-25_mrc2,ALL_W_14-25_mrc2,full_nu8p00,prague_marathon,CZE,2024,32,1945,533,0.023416,0.022817,0.000599,0.000656,0.118063,0.003466,0.189231,4000,309,311,2,False
MvsW_ALL_14-25_mrc2,ALL_M_14-25_mrc2,ALL_W_14-25_mrc2,full_nu8p00,vienna_marathon,AUT,2019,18,468,107,6e-06,0.002349,-0.002343,-0.000969,-0.17441,0.005264,0.184075,4000,191,206,15,False
MvsW_ALL_14-25_mrc2,ALL_M_14-25_mrc2,ALL_W_14-25_mrc2,full_nu8p00,chicago_marathon,USA,2017,380,7972,6593,0.017824,0.018155,-0.000331,0.000236,0.042493,0.00153,0.154265,4000,284,292,8,False
MvsW_ALL_14-25_mrc2,ALL_M_14-25_mrc2,ALL_W_14-25_mrc2,full_nu8p00,london_marathon,GBR,2022,143,5951,4015,0.010534,0.011893,-0.001359,-0.000215,-0.038767,0.001399,0.153979,4000,253,254,1,False
MvsW_ALL_14-25_mrc2,ALL_M_14-25_mrc2,ALL_W_14-25_mrc2,full_nu8p00,abingdon_marathon,GBR,2023,93,247,75,-0.012627,-0.01123,-0.001397,-0.000905,-0.162864,0.00635,0.142494,4000,96,93,-3,False
MvsW_ALL_14-25_mrc2,ALL_M_14-25_mrc2,ALL_W_14-25_mrc2,full_nu8p00,stockholm_marathon,SWE,2025,365,4397,1504,0.00892,0.008221,0.000699,-0.000319,-0.057481,0.002357,0.135473,4000,241,248,7,False
MvsW_ALL_14-25_mrc2,ALL_M_14-25_mrc2,ALL_W_14-25_mrc2,full_nu8p00,munich_marathon,GER,2018,215,990,238,0.01132,0.013061,-0.001741,-0.000567,-0.102031,0.004293,0.132047,4000,255,261,6,False
MvsW_ALL_14-25_mrc2,ALL_M_14-25_mrc2,ALL_W_14-25_mrc2,full_nu8p00,athens_marathon,GRE,2025,223,669,136,0.043462,0.041091,0.002371,0.000825,0.148566,0.00632,0.130589,4000,331,331,0,False
MvsW_ALL_14-25_mrc2,ALL_M_14-25_mrc2,ALL_W_14-25_mrc2,full_nu8p00,stockholm_marathon,SWE,2019,360,3164,1542,-0.011341,-0.009582,-0.001758,-0.000334,-0.060058,0.002718,0.122776,4000,109,103,-6,False
MvsW_ALL_14-25_mrc2,ALL_M_14-25_mrc2,ALL_W_14-25_mrc2,full_nu8p00,london_marathon,GBR,2017,138,5746,2919,0.000274,0.000294,-2.1e-05,0.000189,0.034005,0.001559,0.121167,4000,193,201,8,False
MvsW_ALL_14-25_mrc2,ALL_M_14-25_mrc2,ALL_W_14-25_mrc2,full_nu8p00,barcelona_marathon,ESP,2025,49,3444,752,-0.017687,-0.018732,0.001045,0.000258,0.046481,0.002409,0.107204,4000,50,40,-10,False
MvsW_ALL_14-25_mrc2,ALL_M_14-25_mrc2,ALL_W_14-25_mrc2,full_nu8p00,belfast_marathon,GBR,2024,105,139,56,0.004992,0.004132,0.00086,0.000917,0.165059,0.009868,0.09293,4000,220,224,4,False
MvsW_ALL_14-25_mrc2,ALL_M_14-25_mrc2,ALL_W_14-25_mrc2,full_nu8p00,edinburgh_marathon,GBR,2025,134,406,220,0.016378,0.014836,0.001542,0.000543,0.097665,0.006343,0.085538,4000,275,284,9,False
MvsW_ALL_14-25_mrc2,ALL_M_14-25_mrc2,ALL_W_14-25_mrc2,full_nu8p00,barcelona_marathon,ESP,2022,46,397,79,-0.000524,0.000334,-0.000859,0.000463,0.083264,0.005706,0.081064,4000,186,189,3,False
MvsW_ALL_14-25_mrc2,ALL_M_14-25_mrc2,ALL_W_14-25_mrc2,full_nu8p00,zurich_marathon,SUI,2025,354,982,204,-0.025321,-0.025831,0.000509,-0.000361,-0.065033,0.004952,0.072952,4000,11,5,-6,False
MvsW_ALL_14-25_mrc2,ALL_M_14-25_mrc2,ALL_W_14-25_mrc2,full_nu8p00,yorkshire_marathon,GBR,2019,170,671,346,-0.017699,-0.016465,-0.001234,0.000296,0.053299,0.004373,0.067712,4000,48,37,-11,False
MvsW_ALL_14-25_mrc2,ALL_M_14-25_mrc2,ALL_W_14-25_mrc2,full_nu8p00,venice_marathon,ITA,2023,251,1468,329,0.02705,0.027751,-0.000701,-0.000209,-0.037571,0.00343,0.060856,4000,316,324,8,False
MvsW_ALL_14-25_mrc2,ALL_M_14-25_mrc2,ALL_W_14-25_mrc2,full_nu8p00,milan_marathon,ITA,2023,243,2316,420,0.004539,0.005217,-0.000677,0.000192,0.034535,0.003341,0.05742,4000,215,225,10,False
MvsW_ALL_14-25_mrc2,ALL_M_14-25_mrc2,ALL_W_14-25_mrc2,full_nu8p00,dublin_marathon,IRL,2018,234,190,83,-0.017967,-0.016998,-0.000969,0.000223,0.04013,0.005805,0.038406,4000,44,35,-9,False
MvsW_ALL_14-25_mrc2,ALL_M_14-25_mrc2,ALL_W_14-25_mrc2,full_nu8p00,brighton_marathon,GBR,2024,114,1188,540,0.020042,0.020297,-0.000255,-0.000131,-0.023663,0.004014,0.03275,4000,295,301,6,False
MvsW_ALL_14-25_mrc2,ALL_M_14-25_mrc2,ALL_W_14-25_mrc2,full_nu8p00,belfast_marathon,GBR,2018,100,111,47,0.02213,0.022709,-0.000579,0.000365,0.065615,0.011916,0.030591,4000,303,305,2,False
MvsW_ALL_14-25_mrc2,ALL_M_14-25_mrc2,ALL_W_14-25_mrc2,full_nu8p00,seville_marathon,ESP,2022,68,623,158,-0.014343,-0.012807,-0.001536,-0.000138,-0.024819,0.004755,0.028996,4000,83,69,-14,False
MvsW_ALL_14-25_mrc2,ALL_M_14-25_mrc2,ALL_W_14-25_mrc2,full_nu8p00,copenhagen_marathon,DEN,2018,38,1817,532,0.016928,0.017822,-0.000894,5.9e-05,0.010567,0.003377,0.017383,4000,276,290,14,False
