solver,nu,race_id,v
als,inf,15,0.018706239859781357
als,inf,16,-0.019106721538187238
als,inf,21,0.00015244627258106605
als,inf,41,-0.00035776152309358874
als,inf,42,-0.017588763523050457
als,inf,43,-0.037610597233036475
als,inf,48,-0.04626157283846141
als,inf,49,-0.03334844905767926
als,inf,60,-0.008948329793016798
als,inf,61,-0.03343398494339204
als,inf,66,-0.0094339286133005
als,inf,67,-0.019076636929760398
als,inf,68,-0.017662070601081898
als,inf,69,-0.02092805081907891
als,inf,70,-0.03135605134311156
als,inf,71,-0.04386110584222463
als,inf,72,0.02624223709827466
als,inf,73,0.004155094068706105
als,inf,74,0.01221449808281168
als,inf,75,-0.0018322788614341086
als,inf,76,-0.019681883739290838
als,inf,77,-0.0312962182887642
als,inf,78,-0.03559549462234061
als,inf,79,-0.036073708876450804
als,inf,80,-0.04691362608672081
als,inf,82,0.008541955620553467
als,inf,84,-0.001482952892785215
als,inf,85,0.02106424504907876
als,inf,86,0.004629549090867462
als,inf,87,-0.007723558521685556
als,inf,88,-0.013996827042002162
als,inf,89,-0.011142053764979905
als,inf,90,-0.009557563825648424
als,inf,91,-0.02450965502543213
als,inf,131,0.026647617688839532
als,inf,135,0.04268363919645913
als,inf,136,0.017103018651985578
als,inf,137,0.020904159434142453
als,inf,138,0.021629299865333684
als,inf,139,0.06831232377293105
als,inf,140,0.009675559660885392
als,inf,142,0.006485353988011893
als,inf,143,-0.005314680774482807
als,inf,144,-0.008745316526515374
als,inf,145,-0.013706943549797602
als,inf,146,-0.008296154561131707
als,inf,147,0.01932520783896272
als,inf,148,0.029363233257121875
als,inf,149,-0.024825067962833697
als,inf,150,-0.02013280355698249
als,inf,151,-0.04566878636402735
als,inf,176,0.005322726001184715
als,inf,177,0.006523941258229585
als,inf,178,0.01524908326822389
als,inf,179,0.020188704799736088
als,inf,180,0.006374414915843594
als,inf,181,-0.00564937091687035
als,inf,182,0.0089109398420897
als,inf,183,-0.021200406234880675
als,inf,184,-0.03013437536319593
als,inf,185,-0.03526732755886657
als,inf,186,0.006157761068570078
als,inf,193,0.0050896144783702125
als,inf,194,-0.001567163226980482
als,inf,195,0.008701440071218177
als,inf,196,-0.010429255030476814
als,inf,197,-0.004096102150297291
als,inf,198,-0.0017018548725339186
als,inf,199,-0.01274206003120686
als,inf,200,-0.029913419082803275
als,inf,201,-0.04021764699073258
als,inf,202,0.011831727513507868
als,inf,203,-0.003079734095112598
als,inf,205,-0.013477367996052998
als,inf,206,-0.0117007854595817
als,inf,207,-0.014055996820342751
als,inf,208,-0.036898685632798474
als,inf,213,-0.023131044542448822
als,inf,232,0.028288722944120687
als,inf,233,0.02479388947656455
als,inf,234,0.000760792684427997
als,inf,235,-0.015101999927721202
als,inf,236,-0.01435027753976715
als,inf,237,-0.017627257677508012
als,inf,238,-0.03577931610622622
als,inf,239,-0.05124721133604108
als,inf,245,0.01371549793708063
als,inf,285,0.014986215822313102
als,inf,286,0.009480425665549061
als,inf,287,0.01579836180624106
als,inf,288,0.000879675830276956
als,inf,289,0.010440137928763164
als,inf,290,-0.013363486813197777
als,inf,291,-0.011622150952739474
als,inf,292,-0.007655148404332616
als,inf,293,-0.005491540971655988
als,inf,302,0.013237684380450502
als,inf,303,0.038178686235757084
als,inf,304,0.01634748472763378
als,inf,305,0.02909811024318107
als,inf,306,-6.312293622040033e-05
als,inf,307,-0.022405970625156167
als,inf,308,-0.02968793172902264
als,inf,309,-0.03417562883501246
als,inf,310,-0.05590508051730855
als,inf,319,0.029325696090571375
als,inf,320,0.01871703868203247
als,inf,321,0.008321671785532477
als,inf,322,-0.008535382172730359
als,inf,323,-0.03478055332164035
als,inf,324,-0.020725828233998374
als,inf,325,-0.023998923551812264
als,inf,361,0.01882481010940261
als,inf,362,0.023447997563290142
als,inf,363,0.007048051800859742
als,inf,364,0.042218541481402944
als,inf,365,-0.004989940179242791
als,inf,366,0.025850365742658157
als,inf,367,0.018403289993987444
als,inf,368,0.03896930128744668
als,inf,369,0.039179668109534674
als,inf,370,0.04190505103234487
als,inf,371,0.019740388902426367
als,inf,372,0.002930688731543019
als,inf,373,-0.0044675809041765414
als,inf,374,-0.003495973363773673
als,inf,375,0.011170527009410604
als,inf,376,-0.009819720831020555
als,inf,377,0.018768449246315398
als,inf,378,0.016139478034512274
als,inf,379,0.014118321595073566
als,inf,380,0.018581819048271723
als,inf,381,-0.00012718097931567823
als,inf,382,-0.010422493770008898
als,inf,383,0.02028034445871666
als,inf,384,-0.008395510809887938
als,inf,385,-0.025753252235381333
als,inf,386,-0.0023236825699865897
als,inf,387,-0.02668261650197992
als,inf,388,0.05404761969916469
als,inf,389,0.05995803859315735
als,inf,390,0.04224814606253252
als,inf,391,0.04799671137774998
als,inf,392,0.03289930028954548
als,inf,393,0.01536861544226381
als,inf,394,0.015615683449986805
als,inf,395,0.05015238753107184
als,inf,396,0.018944775037508955
als,inf,397,0.020514287471310136
als,inf,398,0.03984817618754174
als,15.0,15,0.016410071082170068
als,15.0,16,-0.02228935524854652
als,15.0,21,0.00296850253373959
als,15.0,41,0.0020772804796300773
als,15.0,42,-0.016482623376170243
als,15.0,43,-0.03670577785053783
als,15.0,48,-0.0391227445948461
als,15.0,49,-0.033330756076035285
als,15.0,60,-0.007932160992018721
als,15.0,61,-0.034240080880175466
als,15.0,66,-0.006320877777445296
als,15.0,67,-0.017704848373738476
als,15.0,68,-0.019578593142084388
als,15.0,69,-0.019720188302439205
als,15.0,70,-0.03022075277883907
als,15.0,71,-0.037120937683428105
als,15.0,72,0.024186964483570963
als,15.0,73,0.01040835260046489
als,15.0,74,0.012932524520525073
als,15.0,75,-0.003349868309968353
als,15.0,76,-0.017555333268931002
als,15.0,77,-0.027805186927700634
als,15.0,78,-0.0331078495007244
als,15.0,79,-0.0328359028408105
als,15.0,80,-0.04343225646940261
als,15.0,82,0.007622326989216679
als,15.0,84,0.000539559880988929
als,15.0,85,0.019661955940315782
als,15.0,86,0.006517259165036589
als,15.0,87,-0.0005916047026117625
als,15.0,88,-0.012926131857361873
als,15.0,89,-0.008489830983820923
als,15.0,90,-0.007355031738030731
als,15.0,91,-0.02115482949561387
als,15.0,131,0.01683506182947339
als,15.0,135,0.03660957921450686
als,15.0,136,0.014216958130591153
als,15.0,137,0.013097777372284698
als,15.0,138,0.02059745933733294
als,15.0,139,0.062334954356239244
als,15.0,140,0.006427707372068637
als,15.0,142,0.004756435279965491
als,15.0,143,-0.006222467569491529
als,15.0,144,-0.011626974497405431
als,15.0,145,-0.015321280318814277
als,15.0,146,-0.01142273946382848
als,15.0,147,0.014211799840203833
als,15.0,148,0.028056713104177025
als,15.0,149,-0.023829759533121855
als,15.0,150,-0.02197838803849514
als,15.0,151,-0.041573835070578685
als,15.0,176,0.003659154181117391
als,15.0,177,0.009668626670435413
als,15.0,178,0.012307050638150522
als,15.0,179,0.01503688459840138
als,15.0,180,0.0069172044424324905
als,15.0,181,-0.008431183788229707
als,15.0,182,0.009102635129788542
als,15.0,183,-0.01930756106812372
als,15.0,184,-0.026702326973521946
als,15.0,185,-0.03343780758986683
als,15.0,186,0.0018959028154452665
als,15.0,193,0.006724596524696042
als,15.0,194,0.0002582722707078082
als,15.0,195,0.009806883300921825
als,15.0,196,-0.0075249269183461885
als,15.0,197,-0.000663713602274416
als,15.0,198,-0.0004308978122923305
als,15.0,199,-0.010663007829366068
als,15.0,200,-0.028570332484271693
als,15.0,201,-0.03723912786316627
als,15.0,202,0.0154649904560746
als,15.0,203,-0.0034806109499282228
als,15.0,205,-0.012052438249502282
als,15.0,206,-0.010604237517793949
als,15.0,207,-0.013468279993726294
als,15.0,208,-0.03527668803233257
als,15.0,213,-0.02135069356185021
als,15.0,232,0.02542714875397507
als,15.0,233,0.021798408075785525
als,15.0,234,0.00022372457676472153
als,15.0,235,-0.012757667463371616
als,15.0,236,-0.013560568503061468
als,15.0,237,-0.01956747509109122
als,15.0,238,-0.03490336983860295
als,15.0,239,-0.0510799799267467
als,15.0,245,0.012548427004473547
als,15.0,285,0.013380955442805355
als,15.0,286,0.0073577267828822
als,15.0,287,0.014062444380003048
als,15.0,288,-0.0014932474553694215
als,15.0,289,0.007102644930271688
als,15.0,290,-0.015587114800498313
als,15.0,291,-0.01572320631911717
als,15.0,292,-0.010335419036969095
als,15.0,293,-0.007158483721847727
als,15.0,302,0.01295695467934369
als,15.0,303,0.03833000208568553
als,15.0,304,0.015861905691200613
als,15.0,305,0.02681506869252828
als,15.0,306,0.0001429581832463327
als,15.0,307,-0.01703262497568977
als,15.0,308,-0.027793769883718948
als,15.0,309,-0.029423062846423056
als,15.0,310,-0.051049062025774895
als,15.0,319,0.02893022864522212
als,15.0,320,0.018492063238710634
als,15.0,321,0.011535575920377577
als,15.0,322,-0.0067430236088878714
als,15.0,323,-0.030084197350638674
als,15.0,324,-0.021035355677690843
als,15.0,325,-0.024500191798625257
als,15.0,361,0.0062213425418088265
als,15.0,362,0.02561892838863127
als,15.0,363,0.007503732094805909
als,15.0,364,0.03924624751407537
als,15.0,365,-0.0055956953249401845
als,15.0,366,0.02976693274263156
als,15.0,367,0.021211092373169517
als,15.0,368,0.04293737890140761
als,15.0,369,0.041024230296832206
als,15.0,370,0.04527507045033177
als,15.0,371,0.02306397134288242
als,15.0,372,0.005723098462190806
als,15.0,373,-0.0018416072399073714
als,15.0,374,-0.0015976861561676392
als,15.0,375,0.007380278651454543
als,15.0,376,-0.007721373075861195
als,15.0,377,0.021264182415015855
als,15.0,378,0.01753787064752703
als,15.0,379,0.016818506291376573
als,15.0,380,0.022444865412644083
als,15.0,381,0.006740015871895472
als,15.0,382,-0.009670420233165144
als,15.0,383,0.01712082871755112
als,15.0,384,-0.011966188802379093
als,15.0,385,-0.024001607908567184
als,15.0,386,-0.010571950377519469
als,15.0,387,-0.02663312024833964
als,15.0,388,0.05487583557682366
als,15.0,389,0.056464142576290045
als,15.0,390,0.040630802636762706
als,15.0,391,0.044065006065550416
als,15.0,392,0.025398981842990335
als,15.0,393,0.01234324390186754
als,15.0,394,0.013324108711879975
als,15.0,395,0.04669168823771614
als,15.0,396,0.017096830800623283
als,15.0,397,0.015909991680838623
als,15.0,398,0.030003384817057662
als,10.0,15,0.015320740641183031
als,10.0,16,-0.021800540217518507
als,10.0,21,0.0036096168518861094
als,10.0,41,0.0019304925347121628
als,10.0,42,-0.01587574386826624
als,10.0,43,-0.036676568175970786
als,10.0,48,-0.03609272147002634
als,10.0,49,-0.03313781278390993
als,10.0,60,-0.007393140406633431
als,10.0,61,-0.034728654513272054
als,10.0,66,-0.004854892371236578
als,10.0,67,-0.01818500124342867
als,10.0,68,-0.019376304456406788
als,10.0,69,-0.019046413688353057
als,10.0,70,-0.02983426551545405
als,10.0,71,-0.03496756828809141
als,10.0,72,0.022746768202549807
als,10.0,73,0.010793607543227609
als,10.0,74,0.012963727356016414
als,10.0,75,-0.004210469481283512
als,10.0,76,-0.017081007740573664
als,10.0,77,-0.026728450676108982
als,10.0,78,-0.03235980212636181
als,10.0,79,-0.03192612005618299
als,10.0,80,-0.042449698761292017
als,10.0,82,0.0070550055756494305
als,10.0,84,0.0014153899500371101
als,10.0,85,0.019245900524125566
als,10.0,86,0.00678745352866161
als,10.0,87,0.0013958761111575698
als,10.0,88,-0.012516409668138504
als,10.0,89,-0.007593170613604718
als,10.0,90,-0.006658317926958096
als,10.0,91,-0.02009401911213476
als,10.0,131,0.015021451200955143
als,10.0,135,0.03555148943282409
als,10.0,136,0.013611822535413032
als,10.0,137,0.011280102441459038
als,10.0,138,0.019563021569423966
als,10.0,139,0.061365807692022316
als,10.0,140,0.005538892356892946
als,10.0,142,0.004854413332798228
als,10.0,143,-0.006534470622412474
als,10.0,144,-0.011274509431450313
als,10.0,145,-0.015149678082965579
als,10.0,146,-0.011746839126316973
als,10.0,147,0.011236558059158118
als,10.0,148,0.028776716385500566
als,10.0,149,-0.02306285108938046
als,10.0,150,-0.02160726150817109
als,10.0,151,-0.04048708748116351
als,10.0,176,0.0033775213570507293
als,10.0,177,0.010176186315246501
als,10.0,178,0.012121574704950322
als,10.0,179,0.014334624265740437
als,10.0,180,0.007000697850258693
als,10.0,181,-0.008469309193267235
als,10.0,182,0.008909309923120766
als,10.0,183,-0.01903532995526443
als,10.0,184,-0.026200202834137026
als,10.0,185,-0.03269868403798813
als,10.0,186,0.001713923233101399
als,10.0,193,0.007570471885886396
als,10.0,194,0.0010289292548922638
als,10.0,195,0.010083324777215356
als,10.0,196,-0.00690547599392138
als,10.0,197,0.00020973417584103053
als,10.0,198,1.6157941636590277e-05
als,10.0,199,-0.010182816611159131
als,10.0,200,-0.027927834574015417
als,10.0,201,-0.03643405662023829
als,10.0,202,0.016828447702604568
als,10.0,203,-0.003989082126952555
als,10.0,205,-0.011455103028976888
als,10.0,206,-0.010151018346058392
als,10.0,207,-0.013297986953851464
als,10.0,208,-0.03449458084404284
als,10.0,213,-0.020712847688936872
als,10.0,232,0.02363626621453882
als,10.0,233,0.019107638915727927
als,10.0,234,-0.00042710060104888446
als,10.0,235,-0.012918204628750632
als,10.0,236,-0.013622802784703954
als,10.0,237,-0.020371344935687014
als,10.0,238,-0.03454331719052789
als,10.0,239,-0.05086491915036264
als,10.0,245,0.01113546319984637
als,10.0,285,0.012680588388139293
als,10.0,286,0.006656709945004123
als,10.0,287,0.01311872100594724
als,10.0,288,-0.0021765376858602116
als,10.0,289,0.007025678223089082
als,10.0,290,-0.016151803291662284
als,10.0,291,-0.016053438829027187
als,10.0,292,-0.010916291254935975
als,10.0,293,-0.008045959975218253
als,10.0,302,0.01251858181346481
als,10.0,303,0.0378862706664923
als,10.0,304,0.014782654782537383
als,10.0,305,0.025141798398558964
als,10.0,306,-0.00022979625647135017
als,10.0,307,-0.01646615455606272
als,10.0,308,-0.026818254802101867
als,10.0,309,-0.027365838812555426
als,10.0,310,-0.049455069097349647
als,10.0,319,0.028452784245020714
als,10.0,320,0.018207099250490466
als,10.0,321,0.012963395214563404
als,10.0,322,-0.005973133727625335
als,10.0,323,-0.02805455476259812
als,10.0,324,-0.020699007798425113
als,10.0,325,-0.02413853735886458
als,10.0,361,0.0028920973003141947
als,10.0,362,0.027137177462700023
als,10.0,363,0.008240013577073019
als,10.0,364,0.039026669018596714
als,10.0,365,-0.005573137283069354
als,10.0,366,0.03037883242033738
als,10.0,367,0.021412917440515152
als,10.0,368,0.04343239493507058
als,10.0,369,0.04089267179812697
als,10.0,370,0.045419804035858276
als,10.0,371,0.023361947606196982
als,10.0,372,0.0058345617003006875
als,10.0,373,-0.0011609800030145316
als,10.0,374,-0.0011588028748352644
als,10.0,375,0.007171252295779898
als,10.0,376,-0.007385472265641981
als,10.0,377,0.02113717273508245
als,10.0,378,0.017367768737376145
als,10.0,379,0.01682865360829499
als,10.0,380,0.022978074382843303
als,10.0,381,0.007593566565010069
als,10.0,382,-0.009730342968039927
als,10.0,383,0.01627312706906169
als,10.0,384,-0.012977583508374812
als,10.0,385,-0.023368438799109256
als,10.0,386,-0.011007464617106737
als,10.0,387,-0.026369994415748402
als,10.0,388,0.054309612393952274
als,10.0,389,0.054642397747237115
als,10.0,390,0.040048761551146464
als,10.0,391,0.0434163495901104
als,10.0,392,0.023570693150220486
als,10.0,393,0.011249228275435862
als,10.0,394,0.012448379589225506
als,10.0,395,0.04558262209967198
als,10.0,396,0.0165280902265647
als,10.0,397,0.015111228112605946
als,10.0,398,0.028392930645327413
als,8.0,15,0.014536959207490461
als,8.0,16,-0.021291623674570742
als,8.0,21,0.0039566240307492805
als,8.0,41,0.0017148745929976002
als,8.0,42,-0.015440345180914737
als,8.0,43,-0.0366049099265333
als,8.0,48,-0.034365527188655653
als,8.0,49,-0.032957439687032755
als,8.0,60,-0.0071025363136693305
als,8.0,61,-0.035169898969616115
als,8.0,66,-0.0038689404754470125
als,8.0,67,-0.018686747772512002
als,8.0,68,-0.019164883846433296
als,8.0,69,-0.018584833046777126
als,8.0,70,-0.02967262794539697
als,8.0,71,-0.03423531726382407
als,8.0,72,0.021690561689833816
als,8.0,73,0.011003697793646886
als,8.0,74,0.012936594775619703
als,8.0,75,-0.004841846091221201
als,8.0,76,-0.01677312107793639
als,8.0,77,-0.026050292774365897
als,8.0,78,-0.03187901349199691
als,8.0,79,-0.031399325231194784
als,8.0,80,-0.04199032101807822
als,8.0,82,0.006670840947047283
als,8.0,84,0.0019945149757571888
als,8.0,85,0.019094744033275556
als,8.0,86,0.006904178602991391
als,8.0,87,0.0024904735619925887
als,8.0,88,-0.012268298399493368
als,8.0,89,-0.007075931952705722
als,8.0,90,-0.006295094988492799
als,8.0,91,-0.019457326602739335
als,8.0,131,0.014146915408140451
als,8.0,135,0.035090475026727824
als,8.0,136,0.0134601130096244
als,8.0,137,0.010489814425934956
als,8.0,138,0.01898166139381001
als,8.0,139,0.060715745978805816
als,8.0,140,0.005019826231264661
als,8.0,142,0.0050002128623915605
als,8.0,143,-0.006631192500690207
als,8.0,144,-0.011110085312441852
als,8.0,145,-0.014928711496711475
als,8.0,146,-0.011871778556666303
als,8.0,147,0.009187583094637257
als,8.0,148,0.029185859262572025
als,8.0,149,-0.02257288824323749
als,8.0,150,-0.02104085238641343
als,8.0,151,-0.039771952991694004
als,8.0,176,0.0033762457276919245
als,8.0,177,0.010490426120836586
als,8.0,178,0.012045563305606377
als,8.0,179,0.013976832668998752
als,8.0,180,0.007038702951134363
als,8.0,181,-0.008392980423564475
als,8.0,182,0.008619441712443152
als,8.0,183,-0.01895388331906581
als,8.0,184,-0.025904972406561217
als,8.0,185,-0.03213820989882781
als,8.0,186,0.0016124893880950372
als,8.0,193,0.008172473527945472
als,8.0,194,0.0015048047202629513
als,8.0,195,0.01019813443575092
als,8.0,196,-0.006506177023684626
als,8.0,197,0.0006789638671885459
als,8.0,198,0.0002952684947035673
als,8.0,199,-0.009960115425158057
als,8.0,200,-0.027504064090224416
als,8.0,201,-0.036024255146952615
als,8.0,202,0.01753175036888953
als,8.0,203,-0.004345213068281398
als,8.0,205,-0.011068929366447341
als,8.0,206,-0.009949312284775828
als,8.0,207,-0.013258915680345915
als,8.0,208,-0.03397959659896406
als,8.0,213,-0.020294380572017608
als,8.0,232,0.02261209710858801
als,8.0,233,0.017763984345346623
als,8.0,234,-0.0008078740824061291
als,8.0,235,-0.013160893236054584
als,8.0,236,-0.013699802330766921
als,8.0,237,-0.020716109448449087
als,8.0,238,-0.03421259683446526
als,8.0,239,-0.050566083531208506
als,8.0,245,0.009897723520111966
als,8.0,285,0.012231737572168559
als,8.0,286,0.006255339460249213
als,8.0,287,0.012545666833006636
als,8.0,288,-0.002603983763525899
als,8.0,289,0.006875702925709105
als,8.0,290,-0.016553380341701163
als,8.0,291,-0.01613790145302524
als,8.0,292,-0.011244085997599568
als,8.0,293,-0.008666963109743605
als,8.0,302,0.012132154262742006
als,8.0,303,0.037398191817101606
als,8.0,304,0.014000432815271944
als,8.0,305,0.023837744616149136
als,8.0,306,-0.0005869383218618626
als,8.0,307,-0.016333798793740355
als,8.0,308,-0.026190402801189266
als,8.0,309,-0.026154571377463524
als,8.0,310,-0.04851886813600364
als,8.0,319,0.028095608124569033
als,8.0,320,0.018014758528923334
als,8.0,321,0.01386909962876554
als,8.0,322,-0.005466652455397904
als,8.0,323,-0.026786558256146363
als,8.0,324,-0.02037876277039722
als,8.0,325,-0.023704218061655704
als,8.0,361,0.0012564282157289876
als,8.0,362,0.028212329123198064
als,8.0,363,0.008855688151897438
als,8.0,364,0.03896631395105251
als,8.0,365,-0.0055596829250935936
als,8.0,366,0.03069800627835765
als,8.0,367,0.021466143417679374
als,8.0,368,0.04364173677518963
als,8.0,369,0.04076283926591873
als,8.0,370,0.04535595631340771
als,8.0,371,0.023500961541369398
als,8.0,372,0.0057279645863103825
als,8.0,373,-0.0007355269208858708
als,8.0,374,-0.000888529345093411
als,8.0,375,0.007164666258653464
als,8.0,376,-0.007199402370430519
als,8.0,377,0.021082321836387957
als,8.0,378,0.017312781265043993
als,8.0,379,0.01682189746879772
als,8.0,380,0.023247707923309355
als,8.0,381,0.008087365399272156
als,8.0,382,-0.009829781217705674
als,8.0,383,0.015790082992543617
als,8.0,384,-0.0133500960239427
als,8.0,385,-0.022952917000774817
als,8.0,386,-0.011144908820299225
als,8.0,387,-0.026098753236860298
als,8.0,388,0.05395682973769893
als,8.0,389,0.05342041623128556
als,8.0,390,0.03979379670059156
als,8.0,391,0.04303608690983926
als,8.0,392,0.022476290399029774
als,8.0,393,0.010774125121887797
als,8.0,394,0.011907110112771218
als,8.0,395,0.04481246861705531
als,8.0,396,0.01607758751611673
als,8.0,397,0.01466248672508383
als,8.0,398,0.027422714087182862
als,6.0,15,0.012897425557070718
als,6.0,16,-0.020426479236271073
als,6.0,21,0.0045140371561292955
als,6.0,41,0.0013767405123132047
als,6.0,42,-0.014735212976674503
als,6.0,43,-0.03641301991501921
als,6.0,48,-0.03205824450427435
als,6.0,49,-0.032570376815359486
als,6.0,60,-0.006815593933529655
als,6.0,61,-0.035868079418806015
als,6.0,66,-0.0024411336034486416
als,6.0,67,-0.019539366929814884
als,6.0,68,-0.018768643417999803
als,6.0,69,-0.01781546532950123
als,6.0,70,-0.02923849740962024
als,6.0,71,-0.033349727326526774
als,6.0,72,0.0194962023990225
als,6.0,73,0.01129205125484711
als,6.0,74,0.012869671629197523
als,6.0,75,-0.0058887399175737275
als,6.0,76,-0.016260462923331612
als,6.0,77,-0.025054496411772417
als,6.0,78,-0.031107153962433413
als,6.0,79,-0.03064934016252986
als,6.0,80,-0.04139310527589125
als,6.0,82,0.006071426152858685
als,6.0,84,0.002799608595169302
als,6.0,85,0.018992201640619658
als,6.0,86,0.007030717724231221
als,6.0,87,0.0038334606604143316
als,6.0,88,-0.011914913295595067
als,6.0,89,-0.006441257747430866
als,6.0,90,-0.005809303836906622
als,6.0,91,-0.018523004737202305
als,6.0,131,0.013237967138871948
als,6.0,135,0.03458511049078668
als,6.0,136,0.013433664096271123
als,6.0,137,0.010146580076286407
als,6.0,138,0.017797436581823315
als,6.0,139,0.05959857933144984
als,6.0,140,0.004361164040117908
als,6.0,142,0.005326630107036835
als,6.0,143,-0.006591578257273714
als,6.0,144,-0.01097684402285881
als,6.0,145,-0.01445269799072831
als,6.0,146,-0.011946820742147668
als,6.0,147,0.006139583599990279
als,6.0,148,0.0297432873022742
als,6.0,149,-0.021609291446716687
als,6.0,150,-0.019874445078082316
als,6.0,151,-0.03942453652512389
als,6.0,176,0.0036281233610071743
als,6.0,177,0.010918304817234341
als,6.0,178,0.011899108814670415
als,6.0,179,0.013527536723168383
als,6.0,180,0.007062433700261779
als,6.0,181,-0.008170487741571085
als,6.0,182,0.007876766805714511
als,6.0,183,-0.018889231939652543
als,6.0,184,-0.025473557983747595
als,6.0,185,-0.03123787119852598
als,6.0,186,0.0014388203453522355
als,6.0,193,0.009067208486626102
als,6.0,194,0.0021350852302290295
als,6.0,195,0.010274392819881812
als,6.0,196,-0.005869520045355347
als,6.0,197,0.001267480446739735
als,6.0,198,0.0006929385264438404
als,6.0,199,-0.00934814464399203
als,6.0,200,-0.02684193604018031
als,6.0,201,-0.035559260788978225
als,6.0,202,0.018324655992102205
als,6.0,203,-0.004897093990865109
als,6.0,205,-0.010534773376596696
als,6.0,206,-0.009779608731163186
als,6.0,207,-0.013303020980085917
als,6.0,208,-0.033215354212401
als,6.0,213,-0.019599578886508158
als,6.0,232,0.02131901379810439
als,6.0,233,0.015940003097927227
als,6.0,234,-0.0013045653573927054
als,6.0,235,-0.013691841904203203
als,6.0,236,-0.013925869465694761
als,6.0,237,-0.02086067786166229
als,6.0,238,-0.033577700640209394
als,6.0,239,-0.0498435407445106
als,6.0,245,0.0077514729339973505
als,6.0,285,0.011566017470692073
als,6.0,286,0.005715770037210507
als,6.0,287,0.011759733822393283
als,6.0,288,-0.0032269295933368253
als,6.0,289,0.006519846663386921
als,6.0,290,-0.017221103822134796
als,6.0,291,-0.016212195149160096
als,6.0,292,-0.01174507676219237
als,6.0,293,-0.00964820322007585
als,6.0,302,0.011422303024750767
als,6.0,303,0.03641864732511982
als,6.0,304,0.01279811824748166
als,6.0,305,0.021723541351314157
als,6.0,306,-0.0017461905781844102
als,6.0,307,-0.016265739043097756
als,6.0,308,-0.025307594014405303
als,6.0,309,-0.024556689045739346
als,6.0,310,-0.047267799284508805
als,6.0,319,0.02754685034346568
als,6.0,320,0.017730351731897062
als,6.0,321,0.015147089472049128
als,6.0,322,-0.004716436727226749
als,6.0,323,-0.02485162315924911
als,6.0,324,-0.019753816804313602
als,6.0,325,-0.022783577976538145
als,6.0,361,-0.0004994768767088648
als,6.0,362,0.029848047999762883
als,6.0,363,0.009921000426747565
als,6.0,364,0.03887044978388125
als,6.0,365,-0.005501512517759424
als,6.0,366,0.031071377703261596
als,6.0,367,0.02148158599685578
als,6.0,368,0.043848291029475704
als,6.0,369,0.0405438560876931
als,6.0,370,0.045249158007481464
als,6.0,371,0.023682703938226607
als,6.0,372,0.005388024472331161
als,6.0,373,-0.00013556446896590305
als,6.0,374,-0.00045728088570114823
als,6.0,375,0.007318827760759345
als,6.0,376,-0.006977170663329245
als,6.0,377,0.02109073507481047
als,6.0,378,0.01728589812685953
als,6.0,379,0.016823945484020053
als,6.0,380,0.02356120348644908
als,6.0,381,0.008801791809320508
als,6.0,382,-0.010050011318569568
als,6.0,383,0.015157594450154348
als,6.0,384,-0.01377386023005679
als,6.0,385,-0.02236087837261807
als,6.0,386,-0.011423349243796135
als,6.0,387,-0.025572921837090572
als,6.0,388,0.0536438993954393
als,6.0,389,0.051437041758850395
als,6.0,390,0.0398655652598674
als,6.0,391,0.042351707066383686
als,6.0,392,0.021087142203930685
als,6.0,393,0.010230041257807953
als,6.0,394,0.010835904532865745
als,6.0,395,0.04364415264944255
als,6.0,396,0.015674426695554876
als,6.0,397,0.013844394001808341
als,6.0,398,0.02636254338245423
als,5.0,15,0.012155981664219214
als,5.0,16,-0.019495956850679147
als,5.0,21,0.004905329061454745
als,5.0,41,0.001145480054629188
als,5.0,42,-0.014262411301685268
als,5.0,43,-0.03623697463912841
als,5.0,48,-0.03050199415134447
als,5.0,49,-0.032003732989783255
als,5.0,60,-0.007253614982339379
als,5.0,61,-0.03631478118649153
als,5.0,66,-0.0009215996266566652
als,5.0,67,-0.02006795013007157
als,5.0,68,-0.01850780927939534
als,5.0,69,-0.01727416022124504
als,5.0,70,-0.029075586000941508
als,5.0,71,-0.0328558593840909
als,5.0,72,0.01827927336804958
als,5.0,73,0.011489067557969305
als,5.0,74,0.012820310888962894
als,5.0,75,-0.006594959261489712
als,5.0,76,-0.01586264401438538
als,5.0,77,-0.02435803525688855
als,5.0,78,-0.030575139647667178
als,5.0,79,-0.03015335916241701
als,5.0,80,-0.041039025904974866
als,5.0,82,0.005607997146589023
als,5.0,84,0.0032037904010046503
als,5.0,85,0.018937053010429458
als,5.0,86,0.007066902096346057
als,5.0,87,0.004586698226735656
als,5.0,88,-0.011734434899368838
als,5.0,89,-0.006148705502615981
als,5.0,90,-0.005543186705947256
als,5.0,91,-0.017915842271875367
als,5.0,131,0.012863887689678001
als,5.0,135,0.034356906328307714
als,5.0,136,0.013352540952125267
als,5.0,137,0.009792669037355059
als,5.0,138,0.01726092405965785
als,5.0,139,0.05861537697115209
als,5.0,140,0.003955085389571513
als,5.0,142,0.00565907240208012
als,5.0,143,-0.006448318071801758
als,5.0,144,-0.01111611998478854
als,5.0,145,-0.014015050481649997
als,5.0,146,-0.011957243296158323
als,5.0,147,0.004099896146222659
als,5.0,148,0.029933944235753226
als,5.0,149,-0.021134140924145825
als,5.0,150,-0.01894820949616867
als,5.0,151,-0.03899346730298798
als,5.0,176,0.003903164113167096
als,5.0,177,0.011157104324932138
als,5.0,178,0.011735285680272487
als,5.0,179,0.013188803685051535
als,5.0,180,0.007057674590482585
als,5.0,181,-0.0078984949350082
als,5.0,182,0.007139998419935943
als,5.0,183,-0.018831965192374053
als,5.0,184,-0.025165817056929624
als,5.0,185,-0.030588579360016785
als,5.0,186,0.0012689084559997102
als,5.0,193,0.0096517694485035
als,5.0,194,0.0025117593446208467
als,5.0,195,0.010265466255394805
als,5.0,196,-0.005386941143697251
als,5.0,197,0.0016018886861052445
als,5.0,198,0.0009469751507289493
als,5.0,199,-0.009269731524857506
als,5.0,200,-0.026399884961954577
als,5.0,201,-0.03534692815668681
als,5.0,202,0.018763813342617074
als,5.0,203,-0.00522066113721258
als,5.0,205,-0.010268606774397894
als,5.0,206,-0.009774518219356133
als,5.0,207,-0.013416063824676864
als,5.0,208,-0.03271082092361898
als,5.0,213,-0.019120601418205426
als,5.0,232,0.020578100301324613
als,5.0,233,0.014709813400620888
als,5.0,234,-0.0016090097058821717
als,5.0,235,-0.014157378263252127
als,5.0,236,-0.014239363323634683
als,5.0,237,-0.020683564050547724
als,5.0,238,-0.033081167458114825
als,5.0,239,-0.04918434695168634
als,5.0,245,0.006144704079506255
als,5.0,285,0.010887331776647864
als,5.0,286,0.00540696224249221
als,5.0,287,0.01140813057996398
als,5.0,288,-0.003621239678761076
als,5.0,289,0.006222013834917296
als,5.0,290,-0.017693704192976153
als,5.0,291,-0.01622192725838712
als,5.0,292,-0.012077237608254595
als,5.0,293,-0.010305903756159147
als,5.0,302,0.010846368494843243
als,5.0,303,0.03554448628177252
als,5.0,304,0.012009818048603318
als,5.0,305,0.019803702859385146
als,5.0,306,-0.002358469956410454
als,5.0,307,-0.016203962605281425
als,5.0,308,-0.02475102186541256
als,5.0,309,-0.023926120863695475
als,5.0,310,-0.04653000274414256
als,5.0,319,0.02714234706237096
als,5.0,320,0.017569501170477002
als,5.0,321,0.015882333294397154
als,5.0,322,-0.004215779292876155
als,5.0,323,-0.023670394612057544
als,5.0,324,-0.01926638063094908
als,5.0,325,-0.022037625368970082
als,5.0,361,-0.001318778178733943
als,5.0,362,0.03094672368710366
als,5.0,363,0.010752893239271852
als,5.0,364,0.03871930418361781
als,5.0,365,-0.005466594115716349
als,5.0,366,0.031286197019211336
als,5.0,367,0.021428447872104572
als,5.0,368,0.04388832242411881
als,5.0,369,0.040274433870107956
als,5.0,370,0.04497115089003605
als,5.0,371,0.023835566569856723
als,5.0,372,0.005090252823801669
als,5.0,373,0.00027135859057000325
als,5.0,374,-0.00022691297134125327
als,5.0,375,0.007548992632276665
als,5.0,376,-0.00684189982241483
als,5.0,377,0.021142516843623192
als,5.0,378,0.017093079020334686
als,5.0,379,0.016802556623834196
als,5.0,380,0.023709148885886273
als,5.0,381,0.009284253884493587
als,5.0,382,-0.010321076770633925
als,5.0,383,0.014757842669972078
als,5.0,384,-0.013969374542783153
als,5.0,385,-0.02193457459142759
als,5.0,386,-0.01140240603127863
als,5.0,387,-0.02490683727988341
als,5.0,388,0.053204032541281726
als,5.0,389,0.050190594698858476
als,5.0,390,0.03976535097444592
als,5.0,391,0.04183831833897715
als,5.0,392,0.02039319073602819
als,5.0,393,0.010113433142068124
als,5.0,394,0.010692040309320354
als,5.0,395,0.042671005980633704
als,5.0,396,0.015539288612047336
als,5.0,397,0.013639094791345953
als,5.0,398,0.02564717858118493
als,4.0,15,0.01126600936101968
als,4.0,16,-0.018566103072248586
als,4.0,21,0.005519424678762677
als,4.0,41,0.0009690665974450139
als,4.0,42,-0.013691518988011676
als,4.0,43,-0.035943696606759556
als,4.0,48,-0.028148047889852437
als,4.0,49,-0.03166284939751699
als,4.0,60,-0.0074751979318751416
als,4.0,61,-0.03659585920006941
als,4.0,66,0.00024183357621851545
als,4.0,67,-0.020751230533561153
als,4.0,68,-0.01822351008064533
als,4.0,69,-0.01655644270917779
als,4.0,70,-0.028859736618598635
als,4.0,71,-0.03223041244373236
als,4.0,72,0.01632936854076485
als,4.0,73,0.011661868754584729
als,4.0,74,0.012782615718347023
als,4.0,75,-0.007504067161844867
als,4.0,76,-0.01533517881343178
als,4.0,77,-0.02355243247546189
als,4.0,78,-0.029760733923647482
als,4.0,79,-0.02949529184945044
als,4.0,80,-0.0405657256871245
als,4.0,82,0.004950599096652301
als,4.0,84,0.0034622948327178954
als,4.0,85,0.018760227836188886
als,4.0,86,0.007047969997022843
als,4.0,87,0.005366770132042098
als,4.0,88,-0.011603613872498914
als,4.0,89,-0.00598694308570767
als,4.0,90,-0.005272245037395307
als,4.0,91,-0.017161408468962865
als,4.0,131,0.01288256191163016
als,4.0,135,0.03458782231124151
als,4.0,136,0.01323074281265341
als,4.0,137,0.009716124718691625
als,4.0,138,0.016696439316953676
als,4.0,139,0.05738560614303532
als,4.0,140,0.003560104922011045
als,4.0,142,0.005915658257298881
als,4.0,143,-0.006043721673056575
als,4.0,144,-0.0112149012380096
als,4.0,145,-0.01337899840253053
als,4.0,146,-0.01187745260337227
als,4.0,147,0.0016836142024216215
als,4.0,148,0.029974386090437944
als,4.0,149,-0.020514023128554656
als,4.0,150,-0.017669038123839676
als,4.0,151,-0.03860827202022602
als,4.0,176,0.004401816281390548
als,4.0,177,0.011311483232128192
als,4.0,178,0.011425208778237949
als,4.0,179,0.012689711152880402
als,4.0,180,0.00698386761218092
als,4.0,181,-0.007609309883412698
als,4.0,182,0.005988736084492301
als,4.0,183,-0.018746271768550697
als,4.0,184,-0.024777592160861693
als,4.0,185,-0.02976519555449871
als,4.0,186,0.001023503577777574
als,4.0,193,0.010334907128446709
als,4.0,194,0.002916830187231685
als,4.0,195,0.01019498525246321
als,4.0,196,-0.004750248024506207
als,4.0,197,0.0018215470830764834
als,4.0,198,0.001278904622233613
als,4.0,199,-0.009264819897903434
als,4.0,200,-0.025822466939884187
als,4.0,201,-0.035205987722794596
als,4.0,202,0.019174450815703903
als,4.0,203,-0.005763125997543625
als,4.0,205,-0.009589272097553257
als,4.0,206,-0.0099091055871702
als,4.0,207,-0.01362957530754612
als,4.0,208,-0.03211415276832206
als,4.0,213,-0.01847588648039908
als,4.0,232,0.019644208759088806
als,4.0,233,0.012569061199800545
als,4.0,234,-0.0021322790657859712
als,4.0,235,-0.015196547411461448
als,4.0,236,-0.014835813556932477
als,4.0,237,-0.01945989095373096
als,4.0,238,-0.0323458890473481
als,4.0,239,-0.04815203140995415
als,4.0,245,0.0040598750304904375
als,4.0,285,0.010541479213694707
als,4.0,286,0.005134457707120351
als,4.0,287,0.010915101415892067
als,4.0,288,-0.004200971588591167
als,4.0,289,0.005589043364074767
als,4.0,290,-0.018358887570303184
als,4.0,291,-0.016235896051127238
als,4.0,292,-0.012521255391403259
als,4.0,293,-0.011097673055650013
als,4.0,302,0.009979581958034674
als,4.0,303,0.034335901059442626
als,4.0,304,0.011127690652128874
als,4.0,305,0.01791446359626922
als,4.0,306,-0.0034698681309776086
als,4.0,307,-0.016084920325787
als,4.0,308,-0.02406605796876218
als,4.0,309,-0.022826591967366895
als,4.0,310,-0.0454631277475304
als,4.0,319,0.026111992901894608
als,4.0,320,0.01731394425380184
als,4.0,321,0.016584310841975293
als,4.0,322,-0.0036648156229890537
als,4.0,323,-0.022510809471885745
als,4.0,324,-0.018636674904950995
als,4.0,325,-0.020916632712753982
als,4.0,361,-0.0019979268307787844
als,4.0,362,0.032336858159159924
als,4.0,363,0.01190558223981529
als,4.0,364,0.038428516373146246
als,4.0,365,-0.005243910275740446
als,4.0,366,0.0314204686600507
als,4.0,367,0.021337263131505007
als,4.0,368,0.04389728387526243
als,4.0,369,0.039981070037511675
als,4.0,370,0.04455830484950433
als,4.0,371,0.024040685210462435
als,4.0,372,0.004735663577472875
als,4.0,373,0.0007880742964620592
als,4.0,374,-3.0093383613158042e-05
als,4.0,375,0.00793911141830045
als,4.0,376,-0.006704930229496273
als,4.0,377,0.02124095492550445
als,4.0,378,0.0169902359873178
als,4.0,379,0.01678762041912787
als,4.0,380,0.02376028748610488
als,4.0,381,0.009911463357104367
als,4.0,382,-0.01054227649483599
als,4.0,383,0.014278143433621713
als,4.0,384,-0.014170681456843928
als,4.0,385,-0.021414823622665956
als,4.0,386,-0.011329466875054877
als,4.0,387,-0.024240720614051813
als,4.0,388,0.05262714850083238
als,4.0,389,0.04867854757481012
als,4.0,390,0.03968676265019158
als,4.0,391,0.04144326489013044
als,4.0,392,0.019594833346180184
als,4.0,393,0.01006384543406665
als,4.0,394,0.01040021853855427
als,4.0,395,0.04172398559598424
als,4.0,396,0.015389688156892118
als,4.0,397,0.013284606146260683
als,4.0,398,0.024934465125052506
als,3.0,15,0.010185269232343388
als,3.0,16,-0.017800121173381495
als,3.0,21,0.006605577434837559
als,3.0,41,0.001087457232967151
als,3.0,42,-0.013112607756996502
als,3.0,43,-0.03538532936692268
als,3.0,48,-0.025367268428025735
als,3.0,49,-0.030926836739455097
als,3.0,60,-0.008591317221141573
als,3.0,61,-0.03538884944904774
als,3.0,66,0.001552426095697085
als,3.0,67,-0.021345481503614223
als,3.0,68,-0.01767558646796895
als,3.0,69,-0.015564230602212351
als,3.0,70,-0.028170394677768267
als,3.0,71,-0.03131867597280546
als,3.0,72,0.014134358552916627
als,3.0,73,0.01192086306514071
als,3.0,74,0.01327468856829479
als,3.0,75,-0.008643255677282467
als,3.0,76,-0.014382298547685394
als,3.0,77,-0.022738644653346036
als,3.0,78,-0.028460438542900236
als,3.0,79,-0.028518303724485317
als,3.0,80,-0.040126793014328116
als,3.0,82,0.0038114262602064754
als,3.0,84,0.0030670096430860947
als,3.0,85,0.018090675937889645
als,3.0,86,0.006778095213727691
als,3.0,87,0.006208166545107201
als,3.0,88,-0.011550113065010758
als,3.0,89,-0.006204068423872852
als,3.0,90,-0.005041580339658571
als,3.0,91,-0.01627977250070775
als,3.0,131,0.014429562348909212
als,3.0,135,0.03583461977415648
als,3.0,136,0.013054762162794336
als,3.0,137,0.010076009663828985
als,3.0,138,0.015893287377407275
als,3.0,139,0.05566424699757882
als,3.0,140,0.0028616260758294247
als,3.0,142,0.005856694425984071
als,3.0,143,-0.005381027960130799
als,3.0,144,-0.011434551947073024
als,3.0,145,-0.012470717051077725
als,3.0,146,-0.011625505044781418
als,3.0,147,-0.0012235411541099044
als,3.0,148,0.03003992219563445
als,3.0,149,-0.019715024585649964
als,3.0,150,-0.01586398209700116
als,3.0,151,-0.03936997948271214
als,3.0,176,0.0050619584429625174
als,3.0,177,0.011098884498450718
als,3.0,178,0.010630104414147983
als,3.0,179,0.01208578574685755
als,3.0,180,0.006784674823508082
als,3.0,181,-0.007331833275071094
als,3.0,182,0.004402051900118373
als,3.0,183,-0.018581559530828514
als,3.0,184,-0.02428053891626983
als,3.0,185,-0.028831469031026305
als,3.0,186,0.0005579656791269285
als,3.0,193,0.011178022080788242
als,3.0,194,0.0034236581075393264
als,3.0,195,0.009958911132916463
als,3.0,196,-0.0037869990567613284
als,3.0,197,0.001897146421547426
als,3.0,198,0.0016404392540785516
als,3.0,199,-0.009394924946164396
als,3.0,200,-0.025020458317978563
als,3.0,201,-0.03512075118945222
als,3.0,202,0.019592618425784556
als,3.0,203,-0.00593742139044515
als,3.0,205,-0.009892180635865238
als,3.0,206,-0.01033932829505107
als,3.0,207,-0.01418026516546924
als,3.0,208,-0.03164031301905538
als,3.0,213,-0.01767274861689615
als,3.0,232,0.018884034131700044
als,3.0,233,0.010466184338650987
als,3.0,234,-0.00262675234185197
als,3.0,235,-0.01653532775497229
als,3.0,236,-0.01546092375461431
als,3.0,237,-0.017484648699045043
als,3.0,238,-0.03097467189560175
als,3.0,239,-0.04648675897067719
als,3.0,245,0.0010251693852875055
als,3.0,285,0.009698218909854363
als,3.0,286,0.004763449423913436
als,3.0,287,0.010149214524704233
als,3.0,288,-0.0052712822460234615
als,3.0,289,0.004675964723454361
als,3.0,290,-0.019298278133119
als,3.0,291,-0.01630181455955674
als,3.0,292,-0.013226516509918037
als,3.0,293,-0.012243648100485557
als,3.0,302,0.008637917099391587
als,3.0,303,0.03286118366214523
als,3.0,304,0.010886335799040848
als,3.0,305,0.016123879385762572
als,3.0,306,-0.004807207588113798
als,3.0,307,-0.015652845535554218
als,3.0,308,-0.02315254374411167
als,3.0,309,-0.021451402231555467
als,3.0,310,-0.04465733820675239
als,3.0,319,0.024778727703101196
als,3.0,320,0.016898433233231452
als,3.0,321,0.016913072257277673
als,3.0,322,-0.003077500789456025
als,3.0,323,-0.02131237329920791
als,3.0,324,-0.017865345547605178
als,3.0,325,-0.019509786213908514
als,3.0,361,-0.0025248668479169504
als,3.0,362,0.03417255513995098
als,3.0,363,0.013667176981955024
als,3.0,364,0.03789245213818682
als,3.0,365,-0.0046639810064907266
als,3.0,366,0.03140427847023286
als,3.0,367,0.020932626315865004
als,3.0,368,0.0437768558659202
als,3.0,369,0.039550152417304495
als,3.0,370,0.043961243807724724
als,3.0,371,0.024340368358004877
als,3.0,372,0.004532687209454105
als,3.0,373,0.0014514742116075773
als,3.0,374,0.00030655599003818644
als,3.0,375,0.008719262337201874
als,3.0,376,-0.006686722539040653
als,3.0,377,0.02138229602565526
als,3.0,378,0.016805373214931415
als,3.0,379,0.01672712169815315
als,3.0,380,0.023903439406857883
als,3.0,381,0.010808153924299558
als,3.0,382,-0.010674881974065646
als,3.0,383,0.013760115913628324
als,3.0,384,-0.014605607604551573
als,3.0,385,-0.02074103217894843
als,3.0,386,-0.011146502795783933
als,3.0,387,-0.02389319372886532
als,3.0,388,0.05176369796100775
als,3.0,389,0.046490150529880675
als,3.0,390,0.039601974111027206
als,3.0,391,0.040743799285942274
als,3.0,392,0.01866944084709448
als,3.0,393,0.010179048985229804
als,3.0,394,0.01005637192869163
als,3.0,395,0.04055077950060098
als,3.0,396,0.015161166966308941
als,3.0,397,0.012699954538322294
als,3.0,398,0.024509518964524045
anderson,inf,15,0.018712621154823025
anderson,inf,16,-0.019101528224910968
anderson,inf,21,0.00014465752330470962
anderson,inf,41,-0.0003659782372246169
anderson,inf,42,-0.01759747545263146
anderson,inf,43,-0.037615887792401624
anderson,inf,48,-0.04627231277243933
anderson,inf,49,-0.033360953215800945
anderson,inf,60,-0.008953870563357936
anderson,inf,61,-0.03344194432998435
anderson,inf,66,-0.009438998745636328
anderson,inf,67,-0.01908077740831074
anderson,inf,68,-0.01766820735261222
anderson,inf,69,-0.02093432740556177
anderson,inf,70,-0.03136489049160306
anderson,inf,71,-0.043869850861000884
anderson,inf,72,0.02623931859037334
anderson,inf,73,0.0041508627975275205
anderson,inf,74,0.012211411669380142
anderson,inf,75,-0.001835555589833555
anderson,inf,76,-0.019688938271088915
anderson,inf,77,-0.03130339005939397
anderson,inf,78,-0.03560351145519988
anderson,inf,79,-0.03608164404296939
anderson,inf,80,-0.046919655213886434
anderson,inf,82,0.008545125629431617
anderson,inf,84,-0.0014788044558486334
anderson,inf,85,0.021065450624312754
anderson,inf,86,0.004627044993292506
anderson,inf,87,-0.007729473989241989
anderson,inf,88,-0.01400311750308613
anderson,inf,89,-0.011149619370319643
anderson,inf,90,-0.009567404527060895
anderson,inf,91,-0.024517384204546355
anderson,inf,131,0.026646242470398544
anderson,inf,135,0.04268648798750856
anderson,inf,136,0.017105971427777127
anderson,inf,137,0.020906981823792838
anderson,inf,138,0.021632204320671908
anderson,inf,139,0.06831508327576259
anderson,inf,140,0.009677815568614367
anderson,inf,142,0.006486840449861472
anderson,inf,143,-0.005312259777478579
anderson,inf,144,-0.008744232417160732
anderson,inf,145,-0.013705767988901534
anderson,inf,146,-0.0082959661494214
anderson,inf,147,0.01932739997793813
anderson,inf,148,0.029363119168856915
anderson,inf,149,-0.024825038464702784
anderson,inf,150,-0.020133923550139602
anderson,inf,151,-0.045668511636782975
anderson,inf,176,0.005327107141048123
anderson,inf,177,0.006530354901196571
anderson,inf,178,0.015254410681561624
anderson,inf,179,0.020192884425687445
anderson,inf,180,0.006378098985153186
anderson,inf,181,-0.0056446688602631405
anderson,inf,182,0.008911801944920812
anderson,inf,183,-0.021197054069528803
anderson,inf,184,-0.03013318609618908
anderson,inf,185,-0.035266978321104536
anderson,inf,186,0.006155605523131543
anderson,inf,193,0.005085563437866746
anderson,inf,194,-0.0015710287660165552
anderson,inf,195,0.008698793606574776
anderson,inf,196,-0.010431204635871764
anderson,inf,197,-0.004101633198631072
anderson,inf,198,-0.001708070040835157
anderson,inf,199,-0.012749638286186624
anderson,inf,200,-0.029922105984449894
anderson,inf,201,-0.04022645597704561
anderson,inf,202,0.011827149790442401
anderson,inf,203,-0.0030833985624547683
anderson,inf,205,-0.013484540175269732
anderson,inf,206,-0.011709355023095442
anderson,inf,207,-0.014058796875406052
anderson,inf,208,-0.0369040228487112
anderson,inf,213,-0.023137311302087644
anderson,inf,232,0.028285132179697654
anderson,inf,233,0.02479138763312495
anderson,inf,234,0.0007587661316056154
anderson,inf,235,-0.015104908794383939
anderson,inf,236,-0.014355364313309171
anderson,inf,237,-0.017633054627139943
anderson,inf,238,-0.03578607911930703
anderson,inf,239,-0.0512527243775531
anderson,inf,245,0.013709536444725855
anderson,inf,285,0.014998723393238232
anderson,inf,286,0.00949256116400321
anderson,inf,287,0.015810646441052626
anderson,inf,288,0.0008916306631695182
anderson,inf,289,0.010449716204119514
anderson,inf,290,-0.013354561432076884
anderson,inf,291,-0.011613747145079107
anderson,inf,292,-0.00764691961133493
anderson,inf,293,-0.005484040743759783
anderson,inf,302,0.013238487445045818
anderson,inf,303,0.03817579171411111
anderson,inf,304,0.016344478072962312
anderson,inf,305,0.02909318474819479
anderson,inf,306,-7.068067766750685e-05
anderson,inf,307,-0.02241364991353152
anderson,inf,308,-0.029691807221731162
anderson,inf,309,-0.034183490395791764
anderson,inf,310,-0.055913293302897675
anderson,inf,319,0.02932242247101569
anderson,inf,320,0.018713453493761155
anderson,inf,321,0.008313468658166949
anderson,inf,322,-0.008543793251341256
anderson,inf,323,-0.0347882352925965
anderson,inf,324,-0.020735418510717543
anderson,inf,325,-0.024007801222209333
anderson,inf,361,0.01881409038790582
anderson,inf,362,0.023435983403952684
anderson,inf,363,0.007035846634757906
anderson,inf,364,0.042207507013289375
anderson,inf,365,-0.005001392280103119
anderson,inf,366,0.025863943419318802
anderson,inf,367,0.018416797630627008
anderson,inf,368,0.03898254111134443
anderson,inf,369,0.039191070954551176
anderson,inf,370,0.04191649705889501
anderson,inf,371,0.01975055525468679
anderson,inf,372,0.002940255714532975
anderson,inf,373,-0.00446068712236905
anderson,inf,374,-0.0034894342460258876
anderson,inf,375,0.011177066168787645
anderson,inf,376,-0.00981432729438836
anderson,inf,377,0.01878234234290659
anderson,inf,378,0.01615339573300541
anderson,inf,379,0.014131116427456
anderson,inf,380,0.01859432620099254
anderson,inf,381,-0.00011692183293694262
anderson,inf,382,-0.010412617481013419
anderson,inf,383,0.02028806852795991
anderson,inf,384,-0.008388010760699628
anderson,inf,385,-0.025746399985265327
anderson,inf,386,-0.002317375142630948
anderson,inf,387,-0.02667756616624841
anderson,inf,388,0.05405820709387202
anderson,inf,389,0.05996822190774073
anderson,inf,390,0.042258866917673256
anderson,inf,391,0.04800638636740802
anderson,inf,392,0.03290769374496129
anderson,inf,393,0.015376090674277422
anderson,inf,394,0.015624514608978398
anderson,inf,395,0.05015943766982847
anderson,inf,396,0.01895215750111782
anderson,inf,397,0.0205212058706312
anderson,inf,398,0.039854969717130734
anderson,15.0,15,0.016408615952052882
anderson,15.0,16,-0.02228954915015114
anderson,15.0,21,0.0029692348886830406
anderson,15.0,41,0.002078452437467043
anderson,15.0,42,-0.01648124231982589
anderson,15.0,43,-0.03670418195743944
anderson,15.0,48,-0.039120389932817565
anderson,15.0,49,-0.03332940611864964
anderson,15.0,60,-0.007930426934106529
anderson,15.0,61,-0.0342392607082917
anderson,15.0,66,-0.006320998171613459
anderson,15.0,67,-0.01770465109185777
anderson,15.0,68,-0.019577453321001657
anderson,15.0,69,-0.019719137836478495
anderson,15.0,70,-0.030220034992711767
anderson,15.0,71,-0.037119860195139985
anderson,15.0,72,0.0241871052570268
anderson,15.0,73,0.010406874932165177
anderson,15.0,74,0.012932990751588347
anderson,15.0,75,-0.003349490564970143
anderson,15.0,76,-0.01755464316171091
anderson,15.0,77,-0.027804196837603285
anderson,15.0,78,-0.033106764695505914
anderson,15.0,79,-0.03283458764890446
anderson,15.0,80,-0.04343078972197112
anderson,15.0,82,0.007617215917201004
anderson,15.0,84,0.0005378705127159432
anderson,15.0,85,0.01965975082501818
anderson,15.0,86,0.006517347043194561
anderson,15.0,87,-0.0005918715990546818
anderson,15.0,88,-0.012924972878063455
anderson,15.0,89,-0.00848868974890815
anderson,15.0,90,-0.0073540603976164414
anderson,15.0,91,-0.021153579521902634
anderson,15.0,131,0.016836408813962467
anderson,15.0,135,0.03660851020508865
anderson,15.0,136,0.01421624139295643
anderson,15.0,137,0.013097339542659795
anderson,15.0,138,0.02059684935643332
anderson,15.0,139,0.062335802164169216
anderson,15.0,140,0.006427744159634714
anderson,15.0,142,0.004757442621668358
anderson,15.0,143,-0.006221124189547194
anderson,15.0,144,-0.01162576058147503
anderson,15.0,145,-0.015319979750811747
anderson,15.0,146,-0.01142155729941841
anderson,15.0,147,0.014211767811775872
anderson,15.0,148,0.028058234704783972
anderson,15.0,149,-0.023829135705104643
anderson,15.0,150,-0.021978533515113672
anderson,15.0,151,-0.04157282342955437
anderson,15.0,176,0.00365654627894375
anderson,15.0,177,0.009667956828576463
anderson,15.0,178,0.01230648365106568
anderson,15.0,179,0.015036658415919031
anderson,15.0,180,0.006916700125061307
anderson,15.0,181,-0.008430833682427103
anderson,15.0,182,0.009103454125256817
anderson,15.0,183,-0.019306097065712756
anderson,15.0,184,-0.02670053188736392
anderson,15.0,185,-0.03343569159415107
anderson,15.0,186,0.001897819762742442
anderson,15.0,193,0.006721800372230843
anderson,15.0,194,0.00025549370074193873
anderson,15.0,195,0.009804757955919589
anderson,15.0,196,-0.007526365510664635
anderson,15.0,197,-0.0006640118346220275
anderson,15.0,198,-0.00043043416720628554
anderson,15.0,199,-0.010661762640475438
anderson,15.0,200,-0.028568844131794235
anderson,15.0,201,-0.03723704593584084
anderson,15.0,202,0.015462395409028187
anderson,15.0,203,-0.003481562916478201
anderson,15.0,205,-0.012052060231201188
anderson,15.0,206,-0.010603123817880452
anderson,15.0,207,-0.013466911675712692
anderson,15.0,208,-0.03527675085840287
anderson,15.0,213,-0.02134920453515096
anderson,15.0,232,0.02542099111442112
anderson,15.0,233,0.021792370781329066
anderson,15.0,234,0.00021841632358995998
anderson,15.0,235,-0.012762378877137668
anderson,15.0,236,-0.013565006227048934
anderson,15.0,237,-0.01957277101746346
anderson,15.0,238,-0.03490878539304679
anderson,15.0,239,-0.051085257015205734
anderson,15.0,245,0.012548453200645194
anderson,15.0,285,0.013366048691054289
anderson,15.0,286,0.0073433964866192305
anderson,15.0,287,0.01404887348839188
anderson,15.0,288,-0.0015054722363649468
anderson,15.0,289,0.007094362207296709
anderson,15.0,290,-0.015594633248350276
anderson,15.0,291,-0.01572773897286468
anderson,15.0,292,-0.01033916816641791
anderson,15.0,293,-0.00716176203523506
anderson,15.0,302,0.01295698629229897
anderson,15.0,303,0.03833081729156756
anderson,15.0,304,0.01586257061738505
anderson,15.0,305,0.026815979043867927
anderson,15.0,306,0.00014475640035050514
anderson,15.0,307,-0.01703125726259462
anderson,15.0,308,-0.027792040905222564
anderson,15.0,309,-0.029421710550655948
anderson,15.0,310,-0.051046489455013284
anderson,15.0,319,0.028930425024321797
anderson,15.0,320,0.018492113166857612
anderson,15.0,321,0.01153710552959012
anderson,15.0,322,-0.00674085884494392
anderson,15.0,323,-0.03008244180813944
anderson,15.0,324,-0.02103316377060866
anderson,15.0,325,-0.02449771405274698
anderson,15.0,361,0.006221901561041709
anderson,15.0,362,0.02562018604791431
anderson,15.0,363,0.007504044690155827
anderson,15.0,364,0.039247656127670984
anderson,15.0,365,-0.005593947069315275
anderson,15.0,366,0.029769272773301613
anderson,15.0,367,0.021213124397670282
anderson,15.0,368,0.042939316574737645
anderson,15.0,369,0.041026165286028725
anderson,15.0,370,0.0452770358881189
anderson,15.0,371,0.023066058694271106
anderson,15.0,372,0.005725581328463402
anderson,15.0,373,-0.001838897769220956
anderson,15.0,374,-0.0015950568382654146
anderson,15.0,375,0.0073831577139739
anderson,15.0,376,-0.007718514104108506
anderson,15.0,377,0.021266191506399818
anderson,15.0,378,0.01754011200542875
anderson,15.0,379,0.016820288612403013
anderson,15.0,380,0.02244685395485456
anderson,15.0,381,0.006741684056395921
anderson,15.0,382,-0.009668599404846217
anderson,15.0,383,0.017123986245054918
anderson,15.0,384,-0.011963560279564904
anderson,15.0,385,-0.02399935607862629
anderson,15.0,386,-0.01056916947930874
anderson,15.0,387,-0.026630886406336172
anderson,15.0,388,0.05487740100998723
anderson,15.0,389,0.056465826576540264
anderson,15.0,390,0.040632828479544594
anderson,15.0,391,0.04406744533002043
anderson,15.0,392,0.02540086247671907
anderson,15.0,393,0.01234560340920571
anderson,15.0,394,0.013327103790682002
anderson,15.0,395,0.04669414647143441
anderson,15.0,396,0.017099261762988902
anderson,15.0,397,0.01591279924440603
anderson,15.0,398,0.03000559614032657
anderson,10.0,15,0.015321332774857428
anderson,10.0,16,-0.021800617631579648
anderson,10.0,21,0.0036089494900105714
anderson,10.0,41,0.0019295759184670273
anderson,10.0,42,-0.01587645051719635
anderson,10.0,43,-0.03667748992113044
anderson,10.0,48,-0.036093977443552534
anderson,10.0,49,-0.0331390038237174
anderson,10.0,60,-0.007393884604904498
anderson,10.0,61,-0.034729963067003135
anderson,10.0,66,-0.004854743294769186
anderson,10.0,67,-0.01818503557712894
anderson,10.0,68,-0.0193767845518192
anderson,10.0,69,-0.019047395726643858
anderson,10.0,70,-0.02983535494107117
anderson,10.0,71,-0.03496888154592934
anderson,10.0,72,0.02274727777034696
anderson,10.0,73,0.01079387691046876
anderson,10.0,74,0.012963657009389042
anderson,10.0,75,-0.004210618573432614
anderson,10.0,76,-0.017081680130665154
anderson,10.0,77,-0.02672925057124937
anderson,10.0,78,-0.0323609241703132
anderson,10.0,79,-0.03192726383925655
anderson,10.0,80,-0.04245072280916449
anderson,10.0,82,0.0070569562149148295
anderson,10.0,84,0.0014169953711336456
anderson,10.0,85,0.01924708847406838
anderson,10.0,86,0.00678767886449123
anderson,10.0,87,0.0013944875771605685
anderson,10.0,88,-0.012517471990086642
anderson,10.0,89,-0.0075939916265926385
anderson,10.0,90,-0.006659179908715975
anderson,10.0,91,-0.020094751444783628
anderson,10.0,131,0.015020098088944049
anderson,10.0,135,0.03555109457972807
anderson,10.0,136,0.013611600275150841
anderson,10.0,137,0.011279868447257223
anderson,10.0,138,0.019562790581328475
anderson,10.0,139,0.06136561968367139
anderson,10.0,140,0.005538570378108795
anderson,10.0,142,0.0048537548949551075
anderson,10.0,143,-0.006535202974932731
anderson,10.0,144,-0.011275477287222151
anderson,10.0,145,-0.015150768145000586
anderson,10.0,146,-0.011748159932920041
anderson,10.0,147,0.011236220998950733
anderson,10.0,148,0.028775921412827962
anderson,10.0,149,-0.02306355791652739
anderson,10.0,150,-0.02160837801251118
anderson,10.0,151,-0.04048818806838738
anderson,10.0,176,0.003378697004555526
anderson,10.0,177,0.010177536003584273
anderson,10.0,178,0.012122836699889972
anderson,10.0,179,0.014335388436063702
anderson,10.0,180,0.007001304002940873
anderson,10.0,181,-0.00846862593694147
anderson,10.0,182,0.008908795778759759
anderson,10.0,183,-0.019035786524622643
anderson,10.0,184,-0.026201211855841275
anderson,10.0,185,-0.0326997395263287
anderson,10.0,186,0.00171301885336723
anderson,10.0,193,0.007571640302322489
anderson,10.0,194,0.00102999127301393
anderson,10.0,195,0.010084368198684126
anderson,10.0,196,-0.006904756327105711
anderson,10.0,197,0.0002099179353802287
anderson,10.0,198,1.591908086423571e-05
anderson,10.0,199,-0.010183500084432709
anderson,10.0,200,-0.027928565199361686
anderson,10.0,201,-0.036435039650710294
anderson,10.0,202,0.016829708924743256
anderson,10.0,203,-0.0039884468333512575
anderson,10.0,205,-0.011455499953583267
anderson,10.0,206,-0.010151665531874054
anderson,10.0,207,-0.013298149797333365
anderson,10.0,208,-0.03449479720014281
anderson,10.0,213,-0.020713440026252843
anderson,10.0,232,0.023636294117465515
anderson,10.0,233,0.019107610291589004
anderson,10.0,234,-0.00042691561384749664
anderson,10.0,235,-0.012918174269784198
anderson,10.0,236,-0.013623119051776636
anderson,10.0,237,-0.020371560546886897
anderson,10.0,238,-0.03454351987902044
anderson,10.0,239,-0.05086505561054162
anderson,10.0,245,0.011134751800802598
anderson,10.0,285,0.01268510775035373
anderson,10.0,286,0.006661020772097212
anderson,10.0,287,0.013122862736204905
anderson,10.0,288,-0.0021726918016939604
anderson,10.0,289,0.007028467601745171
anderson,10.0,290,-0.016149485041162304
anderson,10.0,291,-0.016051916821164598
anderson,10.0,292,-0.010915283544470303
anderson,10.0,293,-0.008045088297983649
anderson,10.0,302,0.012519178228243806
anderson,10.0,303,0.03788642907443386
anderson,10.0,304,0.014782841602125089
anderson,10.0,305,0.02514212238040967
anderson,10.0,306,-0.00022967254267652985
anderson,10.0,307,-0.016466368956740425
anderson,10.0,308,-0.026818834571400073
anderson,10.0,309,-0.02736626147352402
anderson,10.0,310,-0.04945568249870086
anderson,10.0,319,0.028452855654004763
anderson,10.0,320,0.01820768391742986
anderson,10.0,321,0.01296271085722033
anderson,10.0,322,-0.005973522471875356
anderson,10.0,323,-0.028054863599451932
anderson,10.0,324,-0.020698954673104182
anderson,10.0,325,-0.02413893794229529
anderson,10.0,361,0.0028919531598513844
anderson,10.0,362,0.02713668960742428
anderson,10.0,363,0.00823957213408457
anderson,10.0,364,0.03902631115338716
anderson,10.0,365,-0.00557381337262746
anderson,10.0,366,0.030380846292045405
anderson,10.0,367,0.0214149227499675
anderson,10.0,368,0.04343407888278852
anderson,10.0,369,0.04089365557654529
anderson,10.0,370,0.04542057884975914
anderson,10.0,371,0.023362137175318685
anderson,10.0,372,0.0058347071334685155
anderson,10.0,373,-0.0011617545139997448
anderson,10.0,374,-0.0011595898642033896
anderson,10.0,375,0.007170562864856246
anderson,10.0,376,-0.007386180141348399
anderson,10.0,377,0.02113922734456744
anderson,10.0,378,0.01736928675113518
anderson,10.0,379,0.01683012227323087
anderson,10.0,380,0.02297905289629823
anderson,10.0,381,0.007594276760525129
anderson,10.0,382,-0.009730347638003593
anderson,10.0,383,0.016271324035213457
anderson,10.0,384,-0.012981984727555062
anderson,10.0,385,-0.023369246077504274
anderson,10.0,386,-0.01100850295796262
anderson,10.0,387,-0.02637095326854125
anderson,10.0,388,0.0543110230743279
anderson,10.0,389,0.05464360488942962
anderson,10.0,390,0.040049615005731634
anderson,10.0,391,0.04341700830332741
anderson,10.0,392,0.023571076448972682
anderson,10.0,393,0.011249098849859206
anderson,10.0,394,0.01244787332457956
anderson,10.0,395,0.04558212143229581
anderson,10.0,396,0.016527178483883978
anderson,10.0,397,0.015110155183202006
anderson,10.0,398,0.028392140635333
anderson,8.0,15,0.014534042385160994
anderson,8.0,16,-0.021292335736306463
anderson,8.0,21,0.003959615375695169
anderson,8.0,41,0.0017178621933064558
anderson,8.0,42,-0.01543717996552925
anderson,8.0,43,-0.03660222097793058
anderson,8.0,48,-0.034361670366897544
anderson,8.0,49,-0.0329531614287343
anderson,8.0,60,-0.007099844372007633
anderson,8.0,61,-0.035165719050331425
anderson,8.0,66,-0.0038667209848606064
anderson,8.0,67,-0.018685230464598794
anderson,8.0,68,-0.01916209592135458
anderson,8.0,69,-0.018581802232759174
anderson,8.0,70,-0.02966872734293988
anderson,8.0,71,-0.03423080248579214
anderson,8.0,72,0.021690664044125934
anderson,8.0,73,0.011005062450034107
anderson,8.0,74,0.012937508848639066
anderson,8.0,75,-0.004840713983835548
anderson,8.0,76,-0.016770287347322676
anderson,8.0,77,-0.026047207139666514
anderson,8.0,78,-0.03187570257856624
anderson,8.0,79,-0.03139588260131365
anderson,8.0,80,-0.04198712518836223
anderson,8.0,82,0.006667506446871079
anderson,8.0,84,0.001992321215664921
anderson,8.0,85,0.01909372681938617
anderson,8.0,86,0.006904751800113704
anderson,8.0,87,0.0024935208771454317
anderson,8.0,88,-0.012265708851045547
anderson,8.0,89,-0.007072931150492529
anderson,8.0,90,-0.006291606224536791
anderson,8.0,91,-0.01945445625276796
anderson,8.0,131,0.014149114753635334
anderson,8.0,135,0.035089285862980664
anderson,8.0,136,0.013458760135211984
anderson,8.0,137,0.010488378145202534
anderson,8.0,138,0.0189803803501429
anderson,8.0,139,0.060714531600368105
anderson,8.0,140,0.005019297208271993
anderson,8.0,142,0.005000826019703088
anderson,8.0,143,-0.006630764813302169
anderson,8.0,144,-0.011108884867039688
anderson,8.0,145,-0.014927336295385408
anderson,8.0,146,-0.01186987779964509
anderson,8.0,147,0.00918569575283271
anderson,8.0,148,0.029187927205619798
anderson,8.0,149,-0.02257179498279762
anderson,8.0,150,-0.021038331169664897
anderson,8.0,151,-0.03976980838227107
anderson,8.0,176,0.0033736935241553
anderson,8.0,177,0.010487472433528721
anderson,8.0,178,0.012042709036941941
anderson,8.0,179,0.013974576779308284
anderson,8.0,180,0.007036866991668181
anderson,8.0,181,-0.008395036665234537
anderson,8.0,182,0.008619458364610602
anderson,8.0,183,-0.018953818469408378
anderson,8.0,184,-0.02590392861760146
anderson,8.0,185,-0.03213679137579043
anderson,8.0,186,0.0016141490135598757
anderson,8.0,193,0.008173058136401014
anderson,8.0,194,0.0015054138731326512
anderson,8.0,195,0.010198009998147333
anderson,8.0,196,-0.0065059496479875
anderson,8.0,197,0.0006808281565195925
anderson,8.0,198,0.00029754921013965484
anderson,8.0,199,-0.009957113752018654
anderson,8.0,200,-0.027501049235008367
anderson,8.0,201,-0.03602065942713701
anderson,8.0,202,0.017532957218535383
anderson,8.0,203,-0.004344645404203935
anderson,8.0,205,-0.011066160799579387
anderson,8.0,206,-0.009946427331628675
anderson,8.0,207,-0.013257313929713365
anderson,8.0,208,-0.03397742759260726
anderson,8.0,213,-0.020292219754573418
anderson,8.0,232,0.022613368794754014
anderson,8.0,233,0.017764869907343373
anderson,8.0,234,-0.0008075148452986086
anderson,8.0,235,-0.013159614640953029
anderson,8.0,236,-0.013697154955256977
anderson,8.0,237,-0.020712703078027465
anderson,8.0,238,-0.034209347425637866
anderson,8.0,239,-0.05056268275608582
anderson,8.0,245,0.009899539780382605
anderson,8.0,285,0.012222561900142663
anderson,8.0,286,0.006246740409631831
anderson,8.0,287,0.012536930221601905
anderson,8.0,288,-0.0026123668208357744
anderson,8.0,289,0.0068693467876902725
anderson,8.0,290,-0.01655890175702487
anderson,8.0,291,-0.016142466112023433
anderson,8.0,292,-0.011248198578886004
anderson,8.0,293,-0.008671002481488834
anderson,8.0,302,0.01213116391311707
anderson,8.0,303,0.03739935093187966
anderson,8.0,304,0.014001251169378283
anderson,8.0,305,0.02383861548981507
anderson,8.0,306,-0.0005842457340948965
anderson,8.0,307,-0.016330582628379508
anderson,8.0,308,-0.026187998521266423
anderson,8.0,309,-0.026150900976967848
anderson,8.0,310,-0.04851489410345628
anderson,8.0,319,0.028096567221983476
anderson,8.0,320,0.01801539210864546
anderson,8.0,321,0.013873728900806058
anderson,8.0,322,-0.0054621739854732645
anderson,8.0,323,-0.026782999617589915
anderson,8.0,324,-0.02037473707852824
anderson,8.0,325,-0.023700399231309142
anderson,8.0,361,0.0012608969671418814
anderson,8.0,362,0.028217122660467348
anderson,8.0,363,0.00886035371524352
anderson,8.0,364,0.03897006960547611
anderson,8.0,365,-0.005555490665355184
anderson,8.0,366,0.030691589858861855
anderson,8.0,367,0.021459714502070692
anderson,8.0,368,0.043635507094150594
anderson,8.0,369,0.04075750839711801
anderson,8.0,370,0.04535120473400714
anderson,8.0,371,0.023497110295362986
anderson,8.0,372,0.005724781755176627
anderson,8.0,373,-0.0007362903538065201
anderson,8.0,374,-0.0008896379684466128
anderson,8.0,375,0.007163641749352413
anderson,8.0,376,-0.007199999496545505
anderson,8.0,377,0.021075951315378424
anderson,8.0,378,0.017306634599803507
anderson,8.0,379,0.01681614066657259
anderson,8.0,380,0.023242557925970853
anderson,8.0,381,0.008082750794669481
anderson,8.0,382,-0.009833759460145022
anderson,8.0,383,0.015788208290807414
anderson,8.0,384,-0.013352077485425358
anderson,8.0,385,-0.022954149218636342
anderson,8.0,386,-0.011146131680485514
anderson,8.0,387,-0.026099434380735184
anderson,8.0,388,0.05395154067295549
anderson,8.0,389,0.0534151136708273
anderson,8.0,390,0.03978871994877472
anderson,8.0,391,0.04302744633200257
anderson,8.0,392,0.022471031916503074
anderson,8.0,393,0.010771088247411091
anderson,8.0,394,0.011906433275058614
anderson,8.0,395,0.044811340490872896
anderson,8.0,396,0.016078890820302408
anderson,8.0,397,0.014660906625709054
anderson,8.0,398,0.02742112230673455
anderson,6.0,15,0.01290061050893109
anderson,6.0,16,-0.0204172181531937
anderson,6.0,21,0.00452136018896058
anderson,6.0,41,0.0013726753030709874
anderson,6.0,42,-0.014736174509854512
anderson,6.0,43,-0.03641072096346576
anderson,6.0,48,-0.03200126612451843
anderson,6.0,49,-0.032379700636122104
anderson,6.0,60,-0.007144699773925478
anderson,6.0,61,-0.03588799517485494
anderson,6.0,66,-0.0024331397057018645
anderson,6.0,67,-0.019544195626871697
anderson,6.0,68,-0.018770550157101315
anderson,6.0,69,-0.01780623734387406
anderson,6.0,70,-0.029227366301502956
anderson,6.0,71,-0.03333793446941174
anderson,6.0,72,0.019493481138928993
anderson,6.0,73,0.011292975257938384
anderson,6.0,74,0.012874834765108307
anderson,6.0,75,-0.005879524799966585
anderson,6.0,76,-0.016248658887145745
anderson,6.0,77,-0.025047114526344987
anderson,6.0,78,-0.031095017925513904
anderson,6.0,79,-0.030640267759796766
anderson,6.0,80,-0.0413840189618079
anderson,6.0,82,0.006065832410365625
anderson,6.0,84,0.0028012001666862787
anderson,6.0,85,0.018990125769885808
anderson,6.0,86,0.007037772286772209
anderson,6.0,87,0.0038399440836449908
anderson,6.0,88,-0.01190690633918501
anderson,6.0,89,-0.00643735126573761
anderson,6.0,90,-0.005808277072494135
anderson,6.0,91,-0.018524117871068186
anderson,6.0,131,0.013235921475642766
anderson,6.0,135,0.034446251062305665
anderson,6.0,136,0.01341341298451421
anderson,6.0,137,0.010133567622740248
anderson,6.0,138,0.017790977433570256
anderson,6.0,139,0.05959094690680554
anderson,6.0,140,0.004363598521672642
anderson,6.0,142,0.005405176022064098
anderson,6.0,143,-0.0065851744903264765
anderson,6.0,144,-0.01097022159320204
anderson,6.0,145,-0.014445434958314478
anderson,6.0,146,-0.011945382089573676
anderson,6.0,147,0.0061382076934452506
anderson,6.0,148,0.029748827176308324
anderson,6.0,149,-0.02159813809447437
anderson,6.0,150,-0.0198638039863838
anderson,6.0,151,-0.03942263315456351
anderson,6.0,176,0.0036187935280746946
anderson,6.0,177,0.01091895390540656
anderson,6.0,178,0.011901305349355842
anderson,6.0,179,0.013531613377215939
anderson,6.0,180,0.007067755209797906
anderson,6.0,181,-0.008165092189869591
anderson,6.0,182,0.007883009048358147
anderson,6.0,183,-0.01887935094863056
anderson,6.0,184,-0.025464653747925874
anderson,6.0,185,-0.03122662477269483
anderson,6.0,186,0.0014413599279201467
anderson,6.0,193,0.009065734835540937
anderson,6.0,194,0.0021367915582262502
anderson,6.0,195,0.010279375802080064
anderson,6.0,196,-0.005863493315019431
anderson,6.0,197,0.0012738203434917517
anderson,6.0,198,0.0006897836347741442
anderson,6.0,199,-0.009344689323502495
anderson,6.0,200,-0.026833536840479174
anderson,6.0,201,-0.035546716337070156
anderson,6.0,202,0.0183267668967259
anderson,6.0,203,-0.004897769703493594
anderson,6.0,205,-0.01053401246714751
anderson,6.0,206,-0.009775534072314357
anderson,6.0,207,-0.013312395269049647
anderson,6.0,208,-0.03322248866415201
anderson,6.0,213,-0.019591856661624305
anderson,6.0,232,0.021320841974125298
anderson,6.0,233,0.015938135505616617
anderson,6.0,234,-0.0013007167305572203
anderson,6.0,235,-0.013687446918617936
anderson,6.0,236,-0.01392230251297793
anderson,6.0,237,-0.02085573074851231
anderson,6.0,238,-0.033571753079069046
anderson,6.0,239,-0.04983555415102901
anderson,6.0,245,0.007738211375799024
anderson,6.0,285,0.011409102103916574
anderson,6.0,286,0.005704081875520037
anderson,6.0,287,0.011823927618081122
anderson,6.0,288,-0.0032271302336320416
anderson,6.0,289,0.0065240660957733695
anderson,6.0,290,-0.017219134415426902
anderson,6.0,291,-0.01620827490698415
anderson,6.0,292,-0.011740734661261782
anderson,6.0,293,-0.009648646041632812
anderson,6.0,302,0.011422220587176705
anderson,6.0,303,0.03640512536081142
anderson,6.0,304,0.01279515707252911
anderson,6.0,305,0.02170924010791932
anderson,6.0,306,-0.0017599338949987045
anderson,6.0,307,-0.016265569779938156
anderson,6.0,308,-0.025309965130235677
anderson,6.0,309,-0.02481628898616147
anderson,6.0,310,-0.04728024671067447
anderson,6.0,319,0.027548024388597804
anderson,6.0,320,0.017734500532070093
anderson,6.0,321,0.01514385290483476
anderson,6.0,322,-0.004718236940504155
anderson,6.0,323,-0.02484928460488842
anderson,6.0,324,-0.019761291724912342
anderson,6.0,325,-0.022794660272230347
anderson,6.0,361,-0.0005044609155806689
anderson,6.0,362,0.029846437770872303
anderson,6.0,363,0.00992212761532924
anderson,6.0,364,0.03886005943124837
anderson,6.0,365,-0.005530725609944008
anderson,6.0,366,0.031079946633759355
anderson,6.0,367,0.021487193513756157
anderson,6.0,368,0.04385360777716143
anderson,6.0,369,0.04055053896310906
anderson,6.0,370,0.04525675432360825
anderson,6.0,371,0.023690757071597592
anderson,6.0,372,0.005397483538600137
anderson,6.0,373,-0.00012185028592276399
anderson,6.0,374,-0.0004464166869405606
anderson,6.0,375,0.007329879344832139
anderson,6.0,376,-0.006967876366181371
anderson,6.0,377,0.02109816524177546
anderson,6.0,378,0.017291465761705718
anderson,6.0,379,0.016830672491638988
anderson,6.0,380,0.02357241218130925
anderson,6.0,381,0.008810732619910498
anderson,6.0,382,-0.010044282097271573
anderson,6.0,383,0.015165120455270248
anderson,6.0,384,-0.01376112613477248
anderson,6.0,385,-0.02234762939633791
anderson,6.0,386,-0.011415439334761569
anderson,6.0,387,-0.025558657388286086
anderson,6.0,388,0.05364357836096019
anderson,6.0,389,0.0514394982496897
anderson,6.0,390,0.03987030538577202
anderson,6.0,391,0.042277859605086426
anderson,6.0,392,0.021093155913916712
anderson,6.0,393,0.01032652001932682
anderson,6.0,394,0.010959920051716926
anderson,6.0,395,0.043569199784767754
anderson,6.0,396,0.015690398954517796
anderson,6.0,397,0.013934147977878815
anderson,6.0,398,0.02637163495129592
anderson,5.0,15,0.012157556165404603
anderson,5.0,16,-0.01949511562589082
anderson,5.0,21,0.004904646288322161
anderson,5.0,41,0.0011451552110143398
anderson,5.0,42,-0.014263134814695367
anderson,5.0,43,-0.036237731447650516
anderson,5.0,48,-0.030503296006377106
anderson,5.0,49,-0.032005000779286544
anderson,5.0,60,-0.007253871635439248
anderson,5.0,61,-0.03631506855894558
anderson,5.0,66,-0.0009226099915050313
anderson,5.0,67,-0.02006801280971389
anderson,5.0,68,-0.018508336831117887
anderson,5.0,69,-0.01727468403876375
anderson,5.0,70,-0.029076215815079114
anderson,5.0,71,-0.03285675874788575
anderson,5.0,72,0.01827967332223382
anderson,5.0,73,0.011488784581874295
anderson,5.0,74,0.012820244472813587
anderson,5.0,75,-0.006594015531001803
anderson,5.0,76,-0.015863337248047088
anderson,5.0,77,-0.024358777684226854
anderson,5.0,78,-0.030575753523575187
anderson,5.0,79,-0.030153914805717292
anderson,5.0,80,-0.04103919643899201
anderson,5.0,82,0.005606671711483327
anderson,5.0,84,0.0032030917160488967
anderson,5.0,85,0.018937257538734438
anderson,5.0,86,0.007067696688495017
anderson,5.0,87,0.004586183585196843
anderson,5.0,88,-0.011734463798534765
anderson,5.0,89,-0.006149024150306734
anderson,5.0,90,-0.0055447779063005
anderson,5.0,91,-0.017916739167538782
anderson,5.0,131,0.012864005831720425
anderson,5.0,135,0.03435668535105619
anderson,5.0,136,0.013352881170169605
anderson,5.0,137,0.009793126704763943
anderson,5.0,138,0.01726092388573333
anderson,5.0,139,0.05861720408790173
anderson,5.0,140,0.003956592386373431
anderson,5.0,142,0.005659500430157464
anderson,5.0,143,-0.006447457838199844
anderson,5.0,144,-0.011115633841966711
anderson,5.0,145,-0.01401442259014402
anderson,5.0,146,-0.011956805521747896
anderson,5.0,147,0.004100720588702449
anderson,5.0,148,0.029934056956546638
anderson,5.0,149,-0.02113387022808832
anderson,5.0,150,-0.018947800403791345
anderson,5.0,151,-0.038991866753663645
anderson,5.0,176,0.0039019954483338437
anderson,5.0,177,0.0111573484606129
anderson,5.0,178,0.01173377506305469
anderson,5.0,179,0.013189160224640267
anderson,5.0,180,0.007058419035052262
anderson,5.0,181,-0.007898895923307416
anderson,5.0,182,0.00714185973784667
anderson,5.0,183,-0.018829794619737
anderson,5.0,184,-0.02516500215673411
anderson,5.0,185,-0.030588059361050246
anderson,5.0,186,0.001269999234928512
anderson,5.0,193,0.009651409185574132
anderson,5.0,194,0.002511692523258362
anderson,5.0,195,0.010264773273135422
anderson,5.0,196,-0.005387357257511866
anderson,5.0,197,0.00160129862574197
anderson,5.0,198,0.000946660511850487
anderson,5.0,199,-0.009270150496866419
anderson,5.0,200,-0.026400502852259727
anderson,5.0,201,-0.03534735526907284
anderson,5.0,202,0.018763376407907394
anderson,5.0,203,-0.005219979031687503
anderson,5.0,205,-0.010269040531988585
anderson,5.0,206,-0.00977488657420463
anderson,5.0,207,-0.013416182239707143
anderson,5.0,208,-0.03271095479311224
anderson,5.0,213,-0.01912095240310409
anderson,5.0,232,0.020578579356696866
anderson,5.0,233,0.014711291075305633
anderson,5.0,234,-0.001608425806344284
anderson,5.0,235,-0.014156780877809107
anderson,5.0,236,-0.01423909890985394
anderson,5.0,237,-0.020683886119371546
anderson,5.0,238,-0.03308161191241223
anderson,5.0,239,-0.04918488216612432
anderson,5.0,245,0.006145279033664844
anderson,5.0,285,0.010889325253606249
anderson,5.0,286,0.005408538197002885
anderson,5.0,287,0.01140939666486661
anderson,5.0,288,-0.0036198072169273516
anderson,5.0,289,0.006223726711515878
anderson,5.0,290,-0.01769160615043965
anderson,5.0,291,-0.016220267626688257
anderson,5.0,292,-0.012075021528627088
anderson,5.0,293,-0.01030445227669081
anderson,5.0,302,0.010846714185189066
anderson,5.0,303,0.03554488911715353
anderson,5.0,304,0.012010077417791639
anderson,5.0,305,0.019804478966116076
anderson,5.0,306,-0.002358723665828499
anderson,5.0,307,-0.016204517566506524
anderson,5.0,308,-0.024751519149385087
anderson,5.0,309,-0.023927034073275524
anderson,5.0,310,-0.04653038900030684
anderson,5.0,319,0.027143361256043767
anderson,5.0,320,0.01757025895538683
anderson,5.0,321,0.01588121465094778
anderson,5.0,322,-0.004216904592624501
anderson,5.0,323,-0.023671421233830307
anderson,5.0,324,-0.01926751668551332
anderson,5.0,325,-0.022038505368417217
anderson,5.0,361,-0.001319623074069567
anderson,5.0,362,0.03094522069627836
anderson,5.0,363,0.0107515236027452
anderson,5.0,364,0.03871881227836793
anderson,5.0,365,-0.005467409388042352
anderson,5.0,366,0.031283680050919305
anderson,5.0,367,0.021423549924558007
anderson,5.0,368,0.04388680444150303
anderson,5.0,369,0.040273543108353654
anderson,5.0,370,0.04497321937992221
anderson,5.0,371,0.023839387065466622
anderson,5.0,372,0.005093037750624373
anderson,5.0,373,0.00027352207018368493
anderson,5.0,374,-0.00022486280012675808
anderson,5.0,375,0.007550129958889633
anderson,5.0,376,-0.006840464799447507
anderson,5.0,377,0.021134695909718147
anderson,5.0,378,0.017019164721282898
anderson,5.0,379,0.016798946443494906
anderson,5.0,380,0.02370895752433213
anderson,5.0,381,0.009286120297972981
anderson,5.0,382,-0.010273010995536689
anderson,5.0,383,0.014758950605372531
anderson,5.0,384,-0.013966322372411055
anderson,5.0,385,-0.021933304104145873
anderson,5.0,386,-0.01140019465661539
anderson,5.0,387,-0.024905874827525248
anderson,5.0,388,0.053201420159935335
anderson,5.0,389,0.05019194072132933
anderson,5.0,390,0.03976354961388954
anderson,5.0,391,0.04184120163920342
anderson,5.0,392,0.020397604068883697
anderson,5.0,393,0.010114564952147511
anderson,5.0,394,0.010694841048057678
anderson,5.0,395,0.04267320621508275
anderson,5.0,396,0.015541411336777458
anderson,5.0,397,0.013640395630528015
anderson,5.0,398,0.025649288525642563
anderson,4.0,15,0.011264472448125482
anderson,4.0,16,-0.018566819764584297
anderson,4.0,21,0.005519479078126959
anderson,4.0,41,0.0009690285076855381
anderson,4.0,42,-0.01369163319396937
anderson,4.0,43,-0.03594391170573727
anderson,4.0,48,-0.02814822491194083
anderson,4.0,49,-0.03166300156319536
anderson,4.0,60,-0.007474993846345395
anderson,4.0,61,-0.036595699886018566
anderson,4.0,66,0.00024178797177170895
anderson,4.0,67,-0.020749854911436282
anderson,4.0,68,-0.018223155453633757
anderson,4.0,69,-0.016555987001106363
anderson,4.0,70,-0.028859753843319513
anderson,4.0,71,-0.032230463602607146
anderson,4.0,72,0.016330749088743008
anderson,4.0,73,0.011663477214416879
anderson,4.0,74,0.012784224263715864
anderson,4.0,75,-0.007503830268688449
anderson,4.0,76,-0.015335076639682263
anderson,4.0,77,-0.023552397147627982
anderson,4.0,78,-0.029760666677011435
anderson,4.0,79,-0.029495416800340145
anderson,4.0,80,-0.040565737167326366
anderson,4.0,82,0.004949196063342168
anderson,4.0,84,0.0034617349288603933
anderson,4.0,85,0.01875977150163071
anderson,4.0,86,0.007047521302324732
anderson,4.0,87,0.005366508966655208
anderson,4.0,88,-0.011603821877402703
anderson,4.0,89,-0.005987398319210205
anderson,4.0,90,-0.0052723968398421875
anderson,4.0,91,-0.017161902271701068
anderson,4.0,131,0.012882414006054266
anderson,4.0,135,0.03459441973365388
anderson,4.0,136,0.013235507553025038
anderson,4.0,137,0.009719855898382259
anderson,4.0,138,0.016699081064309305
anderson,4.0,139,0.057387881780765856
anderson,4.0,140,0.003562495325639312
anderson,4.0,142,0.005916988230454113
anderson,4.0,143,-0.006042032800985111
anderson,4.0,144,-0.01121414344724648
anderson,4.0,145,-0.013378315668140892
anderson,4.0,146,-0.011876895441537326
anderson,4.0,147,0.0016875439400119562
anderson,4.0,148,0.02997554144576962
anderson,4.0,149,-0.02051209697206544
anderson,4.0,150,-0.017667805051162725
anderson,4.0,151,-0.0386074585766629
anderson,4.0,176,0.00440282123152617
anderson,4.0,177,0.011311518521184099
anderson,4.0,178,0.011425385032082624
anderson,4.0,179,0.012689560912106865
anderson,4.0,180,0.006983412614963307
anderson,4.0,181,-0.007609054061249916
anderson,4.0,182,0.0059884900375781515
anderson,4.0,183,-0.01874659199250422
anderson,4.0,184,-0.024777678737962616
anderson,4.0,185,-0.029765279798064707
anderson,4.0,186,0.0010234821271435592
anderson,4.0,193,0.01033627451436405
anderson,4.0,194,0.0029177303122129394
anderson,4.0,195,0.010195170104608747
anderson,4.0,196,-0.004749667799364962
anderson,4.0,197,0.0018221448985618956
anderson,4.0,198,0.0012788137835096653
anderson,4.0,199,-0.009264686079409487
anderson,4.0,200,-0.025822353461486487
anderson,4.0,201,-0.035206039098198846
anderson,4.0,202,0.019174164058900607
anderson,4.0,203,-0.005762686582374508
anderson,4.0,205,-0.00958921682936046
anderson,4.0,206,-0.009909142569045447
anderson,4.0,207,-0.013629701360974206
anderson,4.0,208,-0.03211407355320596
anderson,4.0,213,-0.018475795986717773
anderson,4.0,232,0.019645328281261334
anderson,4.0,233,0.012570479204555566
anderson,4.0,234,-0.0021310762722208374
anderson,4.0,235,-0.015195076353584339
anderson,4.0,236,-0.014834773976260191
anderson,4.0,237,-0.019458885775882888
anderson,4.0,238,-0.03234474315089723
anderson,4.0,239,-0.048151272145931824
anderson,4.0,245,0.004059059612313274
anderson,4.0,285,0.01053590322046486
anderson,4.0,286,0.0051285318303963025
anderson,4.0,287,0.01090879676827541
anderson,4.0,288,-0.0042083134435282514
anderson,4.0,289,0.005580706951696841
anderson,4.0,290,-0.018362918847057454
anderson,4.0,291,-0.016237725880198645
anderson,4.0,292,-0.012522725890847547
anderson,4.0,293,-0.011097602490015235
anderson,4.0,302,0.009980031911283122
anderson,4.0,303,0.034337548782268454
anderson,4.0,304,0.01112835816907209
anderson,4.0,305,0.017915320071636414
anderson,4.0,306,-0.003470180296338935
anderson,4.0,307,-0.01608569910406261
anderson,4.0,308,-0.024066156966956746
anderson,4.0,309,-0.02282697370869938
anderson,4.0,310,-0.04546390385309027
anderson,4.0,319,0.02611170065191711
anderson,4.0,320,0.01731394867832478
anderson,4.0,321,0.016583946823131357
anderson,4.0,322,-0.0036652652157917773
anderson,4.0,323,-0.022511413613426488
anderson,4.0,324,-0.018637376751460568
anderson,4.0,325,-0.020917108600910887
anderson,4.0,361,-0.001998229215980758
anderson,4.0,362,0.03233671127407341
anderson,4.0,363,0.011905366936982615
anderson,4.0,364,0.038428210721500086
anderson,4.0,365,-0.005244141614462499
anderson,4.0,366,0.03142058421384341
anderson,4.0,367,0.021337130851542235
anderson,4.0,368,0.043897397808366476
anderson,4.0,369,0.03998102746517265
anderson,4.0,370,0.044558274555379376
anderson,4.0,371,0.024040534048242714
anderson,4.0,372,0.0047346080329134805
anderson,4.0,373,0.0007877827555596608
anderson,4.0,374,-3.0498790759625052e-05
anderson,4.0,375,0.007938815259602145
anderson,4.0,376,-0.006705151506180979
anderson,4.0,377,0.02124080044461279
anderson,4.0,378,0.016990309202864255
anderson,4.0,379,0.016787518381986572
anderson,4.0,380,0.023760093572664023
anderson,4.0,381,0.009911157222852289
anderson,4.0,382,-0.010542974954223665
anderson,4.0,383,0.014277899796430536
anderson,4.0,384,-0.014170941977525347
anderson,4.0,385,-0.021415280796339132
anderson,4.0,386,-0.011329673754931862
anderson,4.0,387,-0.02424088265765215
anderson,4.0,388,0.05262771788861567
anderson,4.0,389,0.04867942117854046
anderson,4.0,390,0.03968677118604595
anderson,4.0,391,0.04144310055951234
anderson,4.0,392,0.019594878850530278
anderson,4.0,393,0.010063848783351077
anderson,4.0,394,0.010399921278756049
anderson,4.0,395,0.04172360504214886
anderson,4.0,396,0.015389483018745001
anderson,4.0,397,0.013284252354573886
anderson,4.0,398,0.024934295061453424
anderson,3.0,15,0.01018549761675857
anderson,3.0,16,-0.01780336387973685
anderson,3.0,21,0.006608892424376463
anderson,3.0,41,0.0010878077756506892
anderson,3.0,42,-0.013111560151533906
anderson,3.0,43,-0.03538702867271084
anderson,3.0,48,-0.025369432769338493
anderson,3.0,49,-0.030930301383528824
anderson,3.0,60,-0.008592832849603828
anderson,3.0,61,-0.035392752417706466
anderson,3.0,66,0.0015500859340460756
anderson,3.0,67,-0.021344009536382588
anderson,3.0,68,-0.01767502704581718
anderson,3.0,69,-0.015569457890349676
anderson,3.0,70,-0.028173507812549844
anderson,3.0,71,-0.03132229745974421
anderson,3.0,72,0.014136300445908722
anderson,3.0,73,0.011916895131368323
anderson,3.0,74,0.013265157994553196
anderson,3.0,75,-0.008645239285505759
anderson,3.0,76,-0.014416432549611521
anderson,3.0,77,-0.022741476464221252
anderson,3.0,78,-0.02846447050373513
anderson,3.0,79,-0.02852354038040255
anderson,3.0,80,-0.0401436562749357
anderson,3.0,82,0.003819192830174246
anderson,3.0,84,0.0030718161641953186
anderson,3.0,85,0.018103495527318117
anderson,3.0,86,0.006897874429658754
anderson,3.0,87,0.006206679198250374
anderson,3.0,88,-0.011554975429005765
anderson,3.0,89,-0.006200189204729548
anderson,3.0,90,-0.005044952797743052
anderson,3.0,91,-0.016283621364856515
anderson,3.0,131,0.014424382678298093
anderson,3.0,135,0.03583077027725409
anderson,3.0,136,0.01305190799320219
anderson,3.0,137,0.010070794178498176
anderson,3.0,138,0.015889731046927053
anderson,3.0,139,0.05566039279019361
anderson,3.0,140,0.002859086823334249
anderson,3.0,142,0.005853474849094769
anderson,3.0,143,-0.005383683287880759
anderson,3.0,144,-0.011438474475002158
anderson,3.0,145,-0.012493362732306685
anderson,3.0,146,-0.011629999728270588
anderson,3.0,147,-0.0012232476167634296
anderson,3.0,148,0.030037776777685
anderson,3.0,149,-0.01971971370512989
anderson,3.0,150,-0.015870936190612167
anderson,3.0,151,-0.039372283669654604
anderson,3.0,176,0.005062550871951576
anderson,3.0,177,0.011098986036937963
anderson,3.0,178,0.010628576405451704
anderson,3.0,179,0.012084806760792648
anderson,3.0,180,0.006789153035177127
anderson,3.0,181,-0.007330196239139834
anderson,3.0,182,0.004355829508363216
anderson,3.0,183,-0.018582221822688202
anderson,3.0,184,-0.024281481645361834
anderson,3.0,185,-0.028821819016963058
anderson,3.0,186,0.0005584805813534423
anderson,3.0,193,0.011180241320640386
anderson,3.0,194,0.003423882350306778
anderson,3.0,195,0.009961686463022992
anderson,3.0,196,-0.0037876729076660406
anderson,3.0,197,0.001897133320751777
anderson,3.0,198,0.0016411565608822104
anderson,3.0,199,-0.009391358467874315
anderson,3.0,200,-0.025019707865477685
anderson,3.0,201,-0.03512166880286261
anderson,3.0,202,0.01959284051023538
anderson,3.0,203,-0.005937813820200664
anderson,3.0,205,-0.009894013005555506
anderson,3.0,206,-0.010341316263925777
anderson,3.0,207,-0.01418111848316159
anderson,3.0,208,-0.03164216460660053
anderson,3.0,213,-0.01759269870924038
anderson,3.0,232,0.018883124583123048
anderson,3.0,233,0.010466311568736751
anderson,3.0,234,-0.0026274887445588975
anderson,3.0,235,-0.016534939441356887
anderson,3.0,236,-0.015460460060249625
anderson,3.0,237,-0.017486214373356377
anderson,3.0,238,-0.030976142372442693
anderson,3.0,239,-0.04648868768092234
anderson,3.0,245,0.001031085927681969
anderson,3.0,285,0.009698470189856085
anderson,3.0,286,0.004763378613724494
anderson,3.0,287,0.010148270201240229
anderson,3.0,288,-0.005271999562656927
anderson,3.0,289,0.004674963733118045
anderson,3.0,290,-0.019298520488611973
anderson,3.0,291,-0.016303030580730758
anderson,3.0,292,-0.013211519232686672
anderson,3.0,293,-0.012269977969269189
anderson,3.0,302,0.008633238060420937
anderson,3.0,303,0.03286461093676141
anderson,3.0,304,0.010886313372255034
anderson,3.0,305,0.016124139852551997
anderson,3.0,306,-0.004805925419748673
anderson,3.0,307,-0.015651335111469915
anderson,3.0,308,-0.023155060975099912
anderson,3.0,309,-0.021453414174189167
anderson,3.0,310,-0.04465693580552995
anderson,3.0,319,0.024790029855522307
anderson,3.0,320,0.016965221254134147
anderson,3.0,321,0.01691281515058393
anderson,3.0,322,-0.0030775458446420114
anderson,3.0,323,-0.021312988601746838
anderson,3.0,324,-0.017863382092075736
anderson,3.0,325,-0.019509627096762006
anderson,3.0,361,-0.0025219781636683933
anderson,3.0,362,0.034169206490175366
anderson,3.0,363,0.013665202842374
anderson,3.0,364,0.037892588722697504
anderson,3.0,365,-0.004667326781500694
anderson,3.0,366,0.03138810487280644
anderson,3.0,367,0.020941093051700308
anderson,3.0,368,0.04377451696864012
anderson,3.0,369,0.03954752298018772
anderson,3.0,370,0.04398416589330909
anderson,3.0,371,0.024326952488019585
anderson,3.0,372,0.004532756931502254
anderson,3.0,373,0.0014509090248995447
anderson,3.0,374,0.0003074006393902439
anderson,3.0,375,0.00871963334436178
anderson,3.0,376,-0.006686416588026732
anderson,3.0,377,0.02137896458444022
anderson,3.0,378,0.016804258414816784
anderson,3.0,379,0.016723902547195548
anderson,3.0,380,0.023900263902565746
anderson,3.0,381,0.010808472168057076
anderson,3.0,382,-0.010675540434190707
anderson,3.0,383,0.013759426191469897
anderson,3.0,384,-0.014606576312979035
anderson,3.0,385,-0.020727264172719514
anderson,3.0,386,-0.011145215080796375
anderson,3.0,387,-0.02389240893812489
anderson,3.0,388,0.05175718175905122
anderson,3.0,389,0.04645006628898557
anderson,3.0,390,0.03959862138518049
anderson,3.0,391,0.04074170383284837
anderson,3.0,392,0.018666980420882273
anderson,3.0,393,0.010176691922209458
anderson,3.0,394,0.010055072226526936
anderson,3.0,395,0.040550720999774935
anderson,3.0,396,0.01515987916626482
anderson,3.0,397,0.012699012648038627
anderson,3.0,398,0.024508418665505145
