race_id,series_key,country,year,v_point,n_j,v_boot_med,v_sd,n_boot,lo95,lo90,lo68,hi95,hi90,hi68,temp_field,wbgt_field,wbgt_max,total_gain_m,net_gain_m
1,goldcoast_marathon,AUS,2025,0.0111835164832087,205,0.010651039851469438,0.004737417383211298,100,0.0034749106562520574,0.0039379334756514325,0.006547916140203904,0.02097382042838706,0.019095745734089772,0.015895456070747212,17.605,16.65,21.367,45.5,-4.5
6,melbourne_marathon,AUS,2018,0.012979598882198976,475,0.013059318854644508,0.004975869279573626,100,0.0038283130238650465,0.004560558798171316,0.0077385901051070455,0.02185690308097942,0.020588237826245977,0.017605672513258855,19.584,16.853,21.102,108.3,3.5
7,melbourne_marathon,AUS,2019,-0.013659583438785122,509,-0.013892981001789768,0.004691709175105348,100,-0.021413789562087223,-0.020527232271411323,-0.01848566894456634,-0.0042529829742127484,-0.005717423123010428,-0.00965208037903852,14.092,13.209,18.789,108.3,3.5
8,melbourne_marathon,AUS,2021,0.00963220569297392,560,0.00921448314054471,0.004257318146333616,100,0.002631576195592207,0.0034275704021791446,0.005242756030214145,0.018050326397707556,0.016635696743048656,0.01425442437414451,15.786,15.774,21.971,108.3,3.5
9,melbourne_marathon,AUS,2022,-0.002701741288208867,590,-0.0030392689517629787,0.004049911755533083,100,-0.009981143135521906,-0.009527619364507044,-0.006824914031339782,0.004831389220562327,0.00364379662132534,0.0012493851923697757,10.689,11.294,16.42,108.3,3.5
10,melbourne_marathon,AUS,2023,-0.008219587725746519,622,-0.007997753728297217,0.0036583081617144087,100,-0.014432418348651128,-0.013537278180622888,-0.011826498215173174,-0.00073074223014485,-0.001983158406699102,-0.004830604452867765,12.795,11.518,14.709,108.3,3.5
11,melbourne_marathon,AUS,2024,0.006077036671911645,621,0.005395122957209314,0.003566466952984476,100,-0.0005994402696426384,-0.0003008418779808741,0.001781067933418008,0.012726428711321326,0.01132949523487802,0.008717842729126443,16.16,13.506,18.71,108.3,3.5
12,melbourne_marathon,AUS,2025,-0.011608123672698034,556,-0.011873028694613805,0.0032897315251650986,100,-0.01715247345950813,-0.016609293831158084,-0.015653093905206982,-0.006611811097359957,-0.00678259696719511,-0.008350857525779904,12.314,11.365,15.031,108.3,3.5
13,sydney_marathon,AUS,2022,0.016410372435852402,122,0.015715778535504016,0.005868623699748363,100,0.00693775710192639,0.008066613262094404,0.010340018657028984,0.028100783922134123,0.027065536124526862,0.02270225286204556,16.848,14.019,17.566,258.0,-42.5
14,sydney_marathon,AUS,2023,0.05357937217235686,241,0.05306210707413199,0.004445400606075668,100,0.04577311338019998,0.047103852179656736,0.048375507461222586,0.06243808268556809,0.060839839590360344,0.05703567526164651,22.927,18.266,22.142,258.0,-42.5
15,sydney_marathon,AUS,2024,-0.0017538765969171421,980,-0.0016041432175559027,0.001813492671980332,100,-0.00577576002513404,-0.004743868734278955,-0.003130534092087035,0.002043605531485134,0.0013357444533974938,4.711791888933727e-05,11.761,8.949,12.796,258.0,-42.5
16,sydney_marathon,AUS,2025,0.013884887587962386,3835,0.013963084816496454,0.0016237036259202572,100,0.011163099379155751,0.011446731595010824,0.012135245009155879,0.016915448839570465,0.016422148033129524,0.01565702337815392,12.451,10.926,17.253,258.0,-42.5
17,vienna_marathon,AUT,2018,0.03160770244401579,96,0.0309029010789613,0.006425018437469568,100,0.0185695305116479,0.020339467909521406,0.02589588374623348,0.0420248610569638,0.040368422477075186,0.03871261331659393,21.887,19.289,22.363,90.3,10.5
18,vienna_marathon,AUT,2019,-0.007495220991537807,122,-0.00756782283534063,0.004842380459509533,100,-0.017635455718340146,-0.014571973511996992,-0.01093492047465382,0.001891616557074661,0.0008362918267239241,-0.00222471819251479,12.72,11.519,14.28,90.3,10.5
19,vienna_marathon,AUT,2021,0.030005269696053535,84,0.03001166262433791,0.005127511896526096,100,0.01880160594761112,0.02118011257653669,0.02470610191978891,0.03902096989852932,0.03845708292050304,0.03469644935919238,22.401,21.103,23.908,90.3,10.5
20,vienna_marathon,AUT,2022,0.00595226637065395,154,0.005271167023044324,0.003980715240486615,100,-0.0030255828875270937,-0.002214156527198556,0.0014432408424061433,0.012714826885654826,0.011422204700343455,0.00998528464123057,16.029,14.477,17.038,90.3,10.5
21,vienna_marathon,AUT,2023,0.02232687546148006,192,0.02269709444719224,0.0033903701741729818,100,0.016718469237647984,0.017223776797112192,0.01975079292625988,0.030012427873386944,0.02845375646859584,0.026458690869728227,17.56,16.516,18.741,90.3,10.5
22,vienna_marathon,AUT,2024,-0.0041851667459790465,164,-0.004317835670660505,0.0040312998412345155,100,-0.013238353105453387,-0.011922379501910033,-0.0075516751607266385,0.0037323989561393813,0.0030779925599566014,-9.192741010549252e-05,7.023,5.87,7.301,90.3,10.5
23,vienna_marathon,AUT,2025,-0.010796791825251145,139,-0.010396345631756145,0.005372125717584858,100,-0.019373942787260928,-0.018488638073710963,-0.01567946152939953,-0.0003529197728312087,-0.00106356143765848,-0.00517930527879638,2.99,1.025,2.265,90.3,10.5
24,prague_marathon,CZE,2014,-0.03859855063402383,70,-0.03890242214544937,0.009946335670579919,100,-0.05568581800227956,-0.053166994437055595,-0.04685300341930737,-0.017609007895901505,-0.023679760379238506,-0.027333255747560514,13.814,12.535,13.238,104.4,-0.3
25,prague_marathon,CZE,2015,-0.02410129935259868,88,-0.023972253303334856,0.008094662295131547,100,-0.03621619600350654,-0.03549063013756033,-0.03189770927272387,-0.00589982573674781,-0.009664671500837448,-0.016383910087466723,12.827,12.309,15.633,104.4,-0.3
26,prague_marathon,CZE,2016,0.0023638369327708547,113,0.0013512826375327025,0.007820507539241208,100,-0.011405950662245732,-0.00945744875786976,-0.007146545366993508,0.017136994705298832,0.01519503749686462,0.009359505463598518,16.365,14.102,16.487,104.4,-0.3
27,prague_marathon,CZE,2017,-0.006536248572738226,127,-0.007086937243821208,0.006984323166853907,100,-0.01959223954337925,-0.01658024430923666,-0.013342001315648193,0.007753100114001023,0.004477549561259064,1.955563454951257e-05,13.649,13.709,16.363,104.4,-0.3
28,prague_marathon,CZE,2018,0.005493779384040123,138,0.0062773208917099935,0.00635745184343782,100,-0.006346020752592895,-0.004636170116555547,-0.0006052141260193201,0.01865953742645734,0.01774840108691062,0.011907749694761886,15.431,12.817,16.493,104.4,-0.3
29,prague_marathon,CZE,2019,-0.022902612068126785,145,-0.02214721729912167,0.00604691602935086,100,-0.03523231621730799,-0.03278582090994724,-0.028518959566702556,-0.011952231786641485,-0.014812901642669355,-0.017927285803499806,5.514,4.911,7.802,104.4,-0.3
30,prague_marathon,CZE,2022,0.03325524740131185,128,0.03320303580785125,0.005074482995129781,100,0.023248741968862806,0.025268137105107637,0.027363526641257782,0.04109922259326836,0.039937345040469696,0.038241305290644505,16.381,15.7,17.36,104.4,-0.3
31,prague_marathon,CZE,2023,-0.005016717478704774,221,-0.0042056457545063645,0.004619277356893358,100,-0.013490442746423296,-0.012029082957539652,-0.009339975324647884,0.004205975541845648,0.0030405640503999645,-0.0007486460163056578,11.713,11.189,13.54,104.4,-0.3
32,prague_marathon,CZE,2024,0.02591002210768452,202,0.02527904906429132,0.004214980872118966,100,0.01895745921157202,0.019509962098857726,0.021686428739181578,0.034959840557739444,0.033253345310218126,0.02934363126392458,17.917,17.141,18.564,104.4,-0.3
33,prague_marathon,CZE,2025,-0.0027372850477448,228,-0.0031448283890865777,0.004123297530933477,100,-0.00979832082518765,-0.009045422885337918,-0.006976350044517094,0.0052448095497103,0.004613823466801058,0.0006785201996079425,11.632,10.683,13.472,104.4,-0.3
34,copenhagen_marathon,DEN,2014,-0.029375965377719082,330,-0.03032115593459371,0.004424711608934697,100,-0.03776026213077468,-0.03698866245628171,-0.03463345470343648,-0.021808562762912324,-0.02249568227562309,-0.024550440440469595,16.499,15.684,16.175,74.1,3.0
35,copenhagen_marathon,DEN,2015,-0.018849705260852778,436,-0.018758831003490545,0.003608534742605652,100,-0.02564793477509516,-0.024999194166787603,-0.022952579024603008,-0.012803887676459312,-0.013261744173078054,-0.015696662955772073,11.692,11.225,13.75,74.1,3.0
36,copenhagen_marathon,DEN,2016,0.031433958795868536,524,0.031497716792426425,0.0031778622363292566,100,0.02608567983788951,0.02688221706092471,0.027760207537424288,0.03794576936492016,0.036253370657418967,0.03392660149398597,20.279,18.468,19.555,74.1,3.0
37,copenhagen_marathon,DEN,2017,0.007426205189938306,575,0.007485409888932662,0.0026248614479749905,100,0.0026802258862573505,0.0030487331567323277,0.004452589484103766,0.011585077765923994,0.011205823567116458,0.010141832406418637,16.071,14.222,15.888,74.1,3.0
38,copenhagen_marathon,DEN,2018,0.024890638137114673,614,0.02410871697613557,0.002625458468242908,100,0.019673430257287988,0.02046636083001204,0.022475404455747923,0.029176419080060533,0.028738452176347067,0.02715110085937816,20.425,17.71,18.945,74.1,3.0
39,copenhagen_marathon,DEN,2019,0.01838083423027305,766,0.01783506220733732,0.0027864719892883062,100,0.012746796898970722,0.013949088165995098,0.015309368370058906,0.023091505426218156,0.02237647922847569,0.020832828529770638,16.402,16.7,19.649,74.1,3.0
40,copenhagen_marathon,DEN,2022,0.0008717591684574283,699,0.0007229598219224559,0.002365774520466487,100,-0.0030740598854675544,-0.0026854437127282944,-0.001449400374075348,0.005698472731604651,0.005281041138751532,0.003192232221416913,13.659,12.69,14.18,74.1,3.0
41,copenhagen_marathon,DEN,2023,0.007759694560903918,660,0.0077241586806970144,0.0022844825882330374,100,0.003599569129933581,0.0041114730958779575,0.005078188069893264,0.01215146841800829,0.011183191959346523,0.009845076522783389,18.556,15.594,16.677,74.1,3.0
42,copenhagen_marathon,DEN,2024,-0.010566343283044302,592,-0.010996477016762431,0.002464450595318319,100,-0.016468821978018,-0.015633276783622495,-0.013399089090768613,-0.006711349143365456,-0.0076749689732319845,-0.008827574417031409,12.899,13.166,14.319,74.1,3.0
43,copenhagen_marathon,DEN,2025,-0.021233346720433185,583,-0.02154280547354001,0.002692364715006608,100,-0.026821971015817892,-0.02618668243876588,-0.023899634660821303,-0.01681852636723514,-0.01758284596385753,-0.018957196193434493,10.909,9.46,11.511,74.1,3.0
45,barcelona_marathon,ESP,2021,-0.01779336654269234,172,-0.01828900517067699,0.003748903300117593,100,-0.024158800883701394,-0.02361060599070325,-0.021241058105266046,-0.011121255463881596,-0.012113085715099925,-0.014043116117789984,10.839,8.969,15.38,135.7,0.6
46,barcelona_marathon,ESP,2022,-0.0013664802758080602,79,-0.0024573972308130007,0.00608248178813568,100,-0.011763942315222382,-0.011268994579645773,-0.007834602369557471,0.009763801897410869,0.00879138058556658,0.004465515780919446,19.609,18.584,19.987,135.7,0.6
47,barcelona_marathon,ESP,2023,-0.0003457936419973273,110,0.00020312346152318028,0.004503972008341786,100,-0.009796092664621623,-0.008919887237518293,-0.004191112972674011,0.008119368932601035,0.006901015338732148,0.003961959624358875,14.132,13.575,16.164,135.7,0.6
48,barcelona_marathon,ESP,2024,-0.02202504658417692,134,-0.02238112128048258,0.004255598794652334,100,-0.0313990327541532,-0.028951854527626154,-0.026506110215199816,-0.014712513419488284,-0.01527702550530257,-0.01854891236616058,10.859,9.48,12.847,121.9,-16.9
49,barcelona_marathon,ESP,2025,-0.022270967203451023,482,-0.022355748815639016,0.0023074637758109676,100,-0.026353655391847666,-0.025816897849987176,-0.024752811319684202,-0.017160351470856847,-0.018163298986169807,-0.020125878827796855,9.685,9.76,13.01,121.9,-16.9
50,madrid_marathon,ESP,2021,0.0007682380843935244,33,0.0022085999825379593,0.012333616063664751,100,-0.020250428404386515,-0.017341990221456684,-0.011706519757472033,0.02299394095118091,0.017230761639613762,0.013713942653513734,15.84,15.931,20.759,318.4,-25.9
51,madrid_marathon,ESP,2022,-0.0007807955336057021,53,-0.0009947579791214356,0.009526833413686675,100,-0.016916830076509227,-0.016138627928669606,-0.010766435154852606,0.014346573495463056,0.01268215329764604,0.009259268294153718,9.696,9.078,14.399,318.4,-25.9
52,madrid_marathon,ESP,2023,0.020024291163036403,66,0.01968850951440848,0.007135879181890765,100,0.0066098825993783725,0.00719669131620553,0.013096589607717606,0.03311601656482428,0.03187149383708303,0.026558807597415253,14.093,12.371,18.153,318.4,-25.9
53,madrid_marathon,ESP,2024,0.011192407619650832,66,0.008807277406738135,0.006501298908575607,100,-0.0032288341763389884,-0.00043028089961692106,0.003744135712977114,0.021937321594255894,0.020925128627349958,0.01592102347728299,10.56,9.998,13.257,318.4,-25.9
54,madrid_marathon,ESP,2025,0.013863391091195498,61,0.012574305180993884,0.006884541170774091,100,0.0003075705421665052,0.0031795038853107637,0.006580923724679774,0.025868478838969075,0.024109882079775706,0.020164371117661697,13.018,11.307,16.558,318.4,-25.9
55,malaga_marathon,ESP,2018,-0.011996421816232908,46,-0.011077466740505982,0.008610973690226441,100,-0.02652546487335814,-0.02527149460055363,-0.019852540672187686,0.00451895741008453,0.0036355438993666577,-0.001882956946719415,13.3,12.901,19.087,291.4,-0.1
56,malaga_marathon,ESP,2019,-0.018728788884286807,55,-0.018862834171110177,0.006351979219424371,100,-0.031584942788316174,-0.03062245245864687,-0.026468921738169268,-0.00723516669139278,-0.010476619866111805,-0.012897012282434365,12.077,10.722,17.287,291.4,-0.1
57,malaga_marathon,ESP,2021,-0.01491097088311577,37,-0.01562030687454206,0.006286142628059329,100,-0.02639244383290524,-0.024935728033103382,-0.02078818300627248,-0.002079800234766662,-0.0050985621092498245,-0.00863427905496908,14.346,12.758,17.877,291.4,-0.1
58,malaga_marathon,ESP,2022,-0.0017327917488688394,91,-0.0023163466863182908,0.004685989404494855,100,-0.009938463774776706,-0.008439814062271149,-0.0065516494657208504,0.007091553448684627,0.0057298955787187045,0.002952096299899645,17.222,16.685,20.864,291.4,-0.1
59,malaga_marathon,ESP,2023,0.003941223237844835,158,0.0042624068519762776,0.0038915062081582843,100,-0.003522443403260865,-0.0019303114217403157,-2.0479432323335407e-05,0.011315165716888087,0.010190504439591392,0.00829309709756234,13.839,12.678,20.465,291.4,-0.1
60,malaga_marathon,ESP,2024,-0.019490906721159856,281,-0.019688357259713657,0.003429722814281706,100,-0.025781817149704532,-0.02496332884680825,-0.022391963159604334,-0.013089462822089226,-0.014038747690140019,-0.015561045171103478,11.286,10.12,16.905,291.4,-0.1
61,malaga_marathon,ESP,2025,-0.005096211237743925,334,-0.005530031479751087,0.003384157280427065,100,-0.011173016182970811,-0.009813317008124321,-0.008046426491361464,0.0019028294671501248,0.0012216315828116357,-0.0013468563908744405,15.064,13.876,16.603,291.4,-0.1
62,san_sebastian_marathon,ESP,2022,-0.012621441938381148,23,-0.012780516811999376,0.008668215351441437,100,-0.029424822476143944,-0.028901837620280337,-0.021106322305559772,0.005127986114287611,0.002649854717305243,-0.005510382438722071,11.777,9.697,13.81,90.3,-0.1
64,san_sebastian_marathon,ESP,2025,-0.01516600520491751,220,-0.014288304186563912,0.0045470004676319425,100,-0.0239418281708817,-0.02336965583824123,-0.0183328994212962,-0.005982893984111428,-0.0074199645797524165,-0.010323293821953431,13.432,12.037,14.733,90.3,-0.1
65,seville_marathon,ESP,2018,-0.013735020085242577,69,-0.01384292198092929,0.006710386068219478,100,-0.024392648743260706,-0.023496027792973564,-0.019686702507647664,0.0015582503263943243,-0.001368494114027246,-0.006543153087459183,11.001,10.157,15.192,36.5,-0.1
66,seville_marathon,ESP,2019,-0.027084929473488215,89,-0.027298296639193753,0.00392332222781293,100,-0.03389437840896185,-0.03269583787108848,-0.03136682185642898,-0.018994970464351613,-0.020507517403479534,-0.023048622683059846,9.121,7.798,15.672,36.5,-0.1
67,seville_marathon,ESP,2020,-0.0249782271652966,134,-0.025059060214450896,0.004365936628159059,100,-0.03264217928165713,-0.031582370677568715,-0.029398934351027625,-0.017668057277370287,-0.018175368316807848,-0.020252164926748507,12.164,10.229,17.857,36.5,-0.1
68,seville_marathon,ESP,2022,-0.013642492641919607,254,-0.013800720015826154,0.0031560918741869474,100,-0.018969061335957653,-0.018870066127858902,-0.01719958127588582,-0.007813146850626791,-0.008859362385303533,-0.01051061777057847,12.161,10.254,17.809,36.5,-0.1
69,seville_marathon,ESP,2023,-0.017485990637049365,281,-0.01747872802057314,0.002448763427793931,100,-0.021834937077558358,-0.021513136602277994,-0.020070733423289456,-0.013508489251326652,-0.013973932295522424,-0.015197788059444536,13.939,11.576,17.407,36.5,-0.1
70,seville_marathon,ESP,2024,-0.0200696917540249,549,-0.020300846046269062,0.002138453778987699,100,-0.02385049244279483,-0.02342578312115116,-0.022291888048954257,-0.01596892958748686,-0.016814561773225642,-0.01821577459114578,10.294,9.074,17.737,36.5,-0.1
71,seville_marathon,ESP,2025,-0.020316254659320715,535,-0.02074635268810622,0.0026619988421247315,100,-0.026413535328224547,-0.0251886053349334,-0.0228775347286297,-0.015113726181836786,-0.016539552092814894,-0.018168036718812654,9.904,9.104,16.789,36.5,-0.1
72,valencia_marathon,ESP,2017,-0.018706091398086655,1134,-0.018988096841688375,0.002464009168431859,100,-0.023643673582864965,-0.02299905371401465,-0.021532970268346874,-0.014596524850252755,-0.014860657904038286,-0.016718920634831977,10.625,9.209,18.858,48.5,-4.8
73,valencia_marathon,ESP,2018,-0.009401686564131373,1534,-0.009723134628996759,0.0019118574522078832,100,-0.012804043925250773,-0.012412977846999884,-0.011355408451707027,-0.005466342996214971,-0.0063820381569172704,-0.0077661134961425505,12.603,10.753,17.641,48.5,-4.8
74,valencia_marathon,ESP,2019,-0.0059632276444486765,1657,-0.006279129957156196,0.0016123542260114373,100,-0.00899919415105401,-0.008748816716441168,-0.007850360243503777,-0.003066930111365789,-0.0038722871477386853,-0.004733409839827065,13.976,12.121,14.896,48.5,-4.8
75,valencia_marathon,ESP,2020,-0.02278802560575456,51,-0.022661400240265993,0.004494218004790748,100,-0.03163932359097175,-0.03103653449930476,-0.027610075355518363,-0.015265251026331484,-0.015812656425953222,-0.018272392861562802,9.254,6.165,8.394,48.5,-4.8
76,valencia_marathon,ESP,2021,-0.014012557873258571,1855,-0.014204319199060171,0.0014089079298173044,100,-0.016215966705318892,-0.015990117011585776,-0.015425727121960569,-0.011159765953074732,-0.011707545470163574,-0.012402889579588662,12.96,9.332,12.918,48.5,-4.8
77,valencia_marathon,ESP,2022,-0.02279838496398373,2282,-0.022953491492585174,0.0012113913928264654,100,-0.024670378980634067,-0.024364214631262145,-0.023913156097385906,-0.01977615784927712,-0.02050998960074411,-0.021844350530513253,9.921,8.576,14.95,48.5,-4.8
78,valencia_marathon,ESP,2023,-0.03128657288554319,2454,-0.030987465376568327,0.0012597470483472228,100,-0.033447408959644674,-0.03306892671402282,-0.032447135157266424,-0.028778746570112774,-0.029505158062986113,-0.029983312154839875,8.608,6.304,14.697,48.5,-4.8
79,valencia_marathon,ESP,2024,-0.019640684542967468,2100,-0.01935846748686628,0.0012618614879061957,100,-0.02210097682637932,-0.021753273048440266,-0.020742175444258888,-0.01704624540894227,-0.01735222310722645,-0.018332837013566,12.401,11.844,19.453,48.5,-4.8
80,valencia_marathon,ESP,2025,-0.016797479764652845,1860,-0.016729600772344873,0.0014751821615570444,100,-0.01958202551201386,-0.01921834327478639,-0.018170923773421582,-0.013921427087424122,-0.01442757577237792,-0.015312835139788948,14.349,12.415,19.45,48.5,-4.8
81,paris_marathon,FRA,2014,0.0010443232503368899,1671,0.0008933385543753031,0.0022316446678265997,100,-0.003669723719916552,-0.002537776996676745,-0.0010155723688377177,0.005383279230614204,0.004273591633765782,0.003235507397342911,14.835,13.913,16.66,285.6,2.1
82,paris_marathon,FRA,2015,-0.006712837886828027,2151,-0.006520368287862996,0.0021518385920655542,100,-0.010476668669578752,-0.01004113913445324,-0.008906638833512018,-0.002581194290018394,-0.0032519065025051483,-0.004773750768156681,11.103,10.665,15.892,285.6,2.1
83,paris_marathon,FRA,2016,0.021874900345584355,2275,0.021749840275681318,0.002114688987690011,100,0.01786923938534699,0.018555374256003402,0.019771087684363198,0.025960859576758852,0.02545800914678678,0.02416284696717041,14.318,14.213,18.656,285.6,2.1
84,paris_marathon,FRA,2017,0.014292355288954894,2518,0.014515229852653012,0.0019938634387205853,100,0.01076382192890149,0.01127942707439558,0.0122963459057833,0.017807631669246777,0.017744049060859354,0.01637149927426979,15.256,14.389,21.193,123.8,3.7
85,paris_marathon,FRA,2018,0.029005738522610333,2528,0.028710485053623995,0.0021095380357831687,100,0.025355056718903216,0.02595769600804848,0.026938087488089044,0.03286220563006304,0.032640017974487526,0.031426304412313755,15.958,15.139,18.166,123.8,3.7
86,paris_marathon,FRA,2019,-0.01199214430000331,2637,-0.011699023527470861,0.002195265873692759,100,-0.01634581616434624,-0.015450410682349053,-0.013874305777618551,-0.007924412350311083,-0.008272916781906843,-0.009729897872499048,5.241,4.685,7.794,131.0,7.6
87,paris_marathon,FRA,2021,-0.004200382910669112,1816,-0.003753645330626623,0.0021060116976221763,100,-0.008270358636702009,-0.007900349409861028,-0.006093765593774694,-0.00029036941549069286,-0.000846882042295144,-0.0021296534118258608,9.41,8.907,14.137,125.9,4.0
88,paris_marathon,FRA,2022,-0.013818948336395354,1871,-0.013632070090958959,0.002012685684624163,100,-0.01700423451032716,-0.01670167305738558,-0.015815169610115,-0.009850693420869739,-0.01038551195476049,-0.011236505430680459,4.287,3.097,5.977,125.9,4.0
89,paris_marathon,FRA,2023,-0.018430207065186652,1915,-0.01828424431370905,0.0018961767838416874,100,-0.022095082193536047,-0.021522169404232513,-0.02010114737404655,-0.014422366147985697,-0.015419264627335639,-0.01648350765176409,8.264,7.568,8.863,137.8,10.2
90,paris_marathon,FRA,2024,-0.0022329428247696986,1590,-0.0021713995013173393,0.0023182833363949037,100,-0.005951699063234222,-0.005492491620876222,-0.003936037536083121,0.0024552746039149427,0.0016905221357744018,-6.954219563746676e-05,16.327,15.432,17.737,137.8,10.2
91,paris_marathon,FRA,2025,-0.012521972035757126,51,-0.012665639871177196,0.00711718509724036,100,-0.02764023411201031,-0.024585905772902265,-0.020174277045031705,0.00019959310800354163,-0.0023847610667085558,-0.0061998156291525235,14.27,13.499,15.277,132.9,4.4
92,abingdon_marathon,GBR,2022,0.0037950569283184826,164,0.0032553031398649054,0.004678536363365767,100,-0.005067579689315012,-0.0044159677681874735,-0.0012672174545931897,0.01221102538734928,0.010961334747282597,0.007268196088495362,14.792,14.842,18.362,84.4,-0.2
93,abingdon_marathon,GBR,2023,-0.009052345027934672,156,-0.009587703695304164,0.004319238235397987,100,-0.01680896694617537,-0.016417369468122812,-0.01354213063003079,-0.0014134263984516583,-0.002061964912767545,-0.004297246729425635,10.069,10.063,13.255,84.4,-0.2
94,abingdon_marathon,GBR,2024,-0.010423729819149657,183,-0.00996594768192718,0.004900658497434075,100,-0.018672996305431632,-0.018074854629816,-0.014692247012351835,-0.00028807673876911556,-0.0019044057401168208,-0.004931273292987696,14.141,13.591,16.579,84.4,-0.2
95,abingdon_marathon,GBR,2025,-0.023411338519070693,246,-0.023064354252975067,0.0033297473537328573,100,-0.02874587007184252,-0.028470292275952276,-0.027181408832567748,-0.016246574056389487,-0.018476851012881317,-0.020010731023377262,13.253,12.744,14.438,84.4,-0.2
96,belfast_marathon,GBR,2014,0.010632457419204919,48,0.009119329931307818,0.011761262685090972,100,-0.00838762690173553,-0.0072190580509643885,0.0005499274764385497,0.03895042354822511,0.033628048653026425,0.021592497126672668,10.736,10.111,11.69,146.5,-27.3
97,belfast_marathon,GBR,2015,0.03833703063793037,92,0.03865755559701129,0.009102364702493633,100,0.02270994578216265,0.02433996671910386,0.0292758731341465,0.05885592604213487,0.053013920488208854,0.04762422533785349,11.457,10.684,12.041,146.5,-27.3
98,belfast_marathon,GBR,2016,0.023976301207287234,73,0.023562557155619467,0.007138116560091944,100,0.01135919985463734,0.014243527648829024,0.01735855184868353,0.039465737061481966,0.0386706278121885,0.03156354919187948,10.585,9.372,9.749,146.5,-27.3
99,belfast_marathon,GBR,2017,0.03046213327238116,52,0.02857809092137524,0.009594254612332789,100,0.01155365845176676,0.01449464271784791,0.02273148794990148,0.04768702586285852,0.04534154470450996,0.04060983119419755,11.945,12.034,15.17,146.5,-27.3
100,belfast_marathon,GBR,2018,0.032659886087841074,87,0.034287154110979975,0.00958463459936544,100,0.017405248094573823,0.020001076917101717,0.025339074114660087,0.0548291345409048,0.053143173347235825,0.043049502870475036,12.837,12.938,16.599,146.5,-27.3
102,belfast_marathon,GBR,2021,0.006727320400457218,100,0.007253573496781018,0.006545660676742517,100,-0.0053321791297519655,-0.003692017888544169,0.0005608625350863085,0.020566271697457016,0.018176427353206813,0.014050468366565995,11.856,11.082,12.348,146.5,-27.3
103,belfast_marathon,GBR,2022,-0.004726867838866722,119,-0.004791392476597746,0.005328549822776848,100,-0.013451103547162977,-0.012675486658534846,-0.0093748856241797,0.006837660716365879,0.004318799918404309,0.0007133760383474078,10.713,10.994,14.205,146.5,-27.3
104,belfast_marathon,GBR,2023,0.0058999003811703865,108,0.006400876618026834,0.005747225864441024,100,-0.005255909604850225,-0.003878678359524799,0.0012175123382035713,0.017688489102640672,0.014884476365510216,0.012206237186036419,12.494,12.806,16.26,146.5,-27.3
105,belfast_marathon,GBR,2024,-0.0010880773278794803,95,-0.00014829518334245895,0.007372826598758329,100,-0.015358270330260465,-0.012645117562549754,-0.007897648863149653,0.012689930133071169,0.009768367845433487,0.0068183481279634655,12.472,12.776,14.646,146.5,-27.3
106,belfast_marathon,GBR,2025,-0.001717466128808548,84,-0.002568471048656179,0.009212383743101411,100,-0.0151033175384651,-0.013564879141781297,-0.009292404672440103,0.02224217999814286,0.01775219755357045,0.007727700020862933,10.234,9.005,9.936,146.5,-27.3
107,bostonUK_marathon,GBR,2021,-0.009527964695812172,252,-0.008833499459119359,0.0035214801342762793,100,-0.017306026619783164,-0.015884445594014973,-0.012532798548663399,-0.003664124921033594,-0.003980311458547116,-0.006438601916810913,12.005,12.411,17.209,12.8,-2.7
108,bostonUK_marathon,GBR,2022,-0.002453672145024316,162,-0.0020052216025773367,0.00446540748532224,100,-0.010119738027873124,-0.008537419547014823,-0.006855845801035429,0.005795173301493885,0.00475872478204018,0.0023205964522310875,11.648,11.298,13.666,12.8,-2.7
109,bostonUK_marathon,GBR,2023,-0.014711104887508472,94,-0.014973788866946725,0.005818559355574752,100,-0.02437730327884827,-0.022536884347033638,-0.020362944837440222,-0.00368177516613938,-0.004629040497533402,-0.008534534648884899,10.12,10.767,14.524,12.8,-2.7
110,bostonUK_marathon,GBR,2024,0.0006159889659206191,95,0.001297431513112901,0.00840390368478682,100,-0.01473995525487542,-0.012214899648972,-0.007583512847104716,0.017592470903355587,0.01431388279449397,0.009161211672963219,7.655,7.055,7.762,12.8,-2.7
111,bostonUK_marathon,GBR,2025,-0.008300258412644174,129,-0.008628219545394888,0.006231104761546727,100,-0.02017689623565049,-0.018596797211791298,-0.015256969644194974,0.00230230688770136,0.001565823131834959,-0.0028963576873024034,12.141,11.34,13.49,12.8,-2.7
112,brighton_marathon,GBR,2022,0.013991089553640368,613,0.013245220714881982,0.0027955053541245827,100,0.007767101773837883,0.008825784273015181,0.010215891879938167,0.018980905602399255,0.017022545222218004,0.015807586486390645,9.861,9.206,10.355,140.1,-19.0
113,brighton_marathon,GBR,2023,0.008448346553124986,522,0.008441254982622229,0.002676095140023502,100,0.002623771422394222,0.0039780702457690165,0.0062895234806355374,0.013779833924841592,0.013011797751398293,0.011161740525129539,8.358,7.359,9.358,140.1,-19.0
114,brighton_marathon,GBR,2024,0.020684984115299274,366,0.02062973082038687,0.0036209096018435076,100,0.01349574593454029,0.014500730069608045,0.016716093210020322,0.027977312580914005,0.02575573821066528,0.023544307626588643,13.871,12.57,13.243,140.1,-19.0
115,brighton_marathon,GBR,2025,0.015524036059795271,346,0.015186596897827954,0.004587955145718149,100,0.007495787567375048,0.009385530909550058,0.011742086682349256,0.024486251077696856,0.023115506094211518,0.019932165813541427,13.816,11.908,13.054,140.1,-19.0
116,chester_marathon,GBR,2016,-0.006597818965356536,254,-0.006464556675401481,0.004668407908369375,100,-0.015189680860507274,-0.014336872518819162,-0.01107590027993355,0.002233664160140661,0.0012054015866185795,-0.0016640960515532396,10.845,12.039,16.736,182.5,3.5
117,chester_marathon,GBR,2017,-0.0029188954994464333,431,-0.003552370150254964,0.0032767114603862967,100,-0.00973637973304007,-0.00891727454994918,-0.007237564446356895,0.002698554634497823,0.0019215778722002084,-0.00046965570614095693,13.802,13.652,15.057,182.5,3.5
118,chester_marathon,GBR,2018,-0.008732321800468831,534,-0.008495122737944505,0.0028017470090212523,100,-0.01398487879811069,-0.013031162910829144,-0.010636794700872998,-0.0021005674366078465,-0.0035296357559393325,-0.006118250773411763,8.831,8.784,11.951,182.5,3.5
119,chester_marathon,GBR,2019,0.010615551579805274,526,0.010414276109204354,0.003257411419680283,100,0.005306422631175215,0.006161997965807341,0.007719036235152387,0.017569546369302434,0.016944625191300043,0.013814707403395016,13.848,13.667,14.794,182.5,3.5
120,chester_marathon,GBR,2021,0.0038840166055688213,235,0.00406200708851176,0.00439026971641706,100,-0.004055924791145037,-0.0025940522957184223,-0.0005883320403341103,0.011879482232859243,0.009973191999786133,0.008322387261021937,12.328,11.576,13.86,182.5,3.5
121,chester_marathon,GBR,2022,0.0016291907929329441,457,0.0015125766245930629,0.0027672421718976602,100,-0.0034917307282878673,-0.00283900207966645,-0.001144766169645391,0.006983769791128607,0.00636602985071054,0.004579995675126053,14.439,13.795,14.702,182.5,3.5
122,chester_marathon,GBR,2023,0.009398555704196426,530,0.008992805681036567,0.0026053313705677868,100,0.005275844381725605,0.005567144116012522,0.0067774347888076136,0.013721743930331237,0.013086440301465385,0.011780442114400557,17.291,16.496,20.301,182.5,3.5
123,chester_marathon,GBR,2024,-0.014383367819799306,453,-0.013869603425703883,0.0027766038755827607,100,-0.01919357468216889,-0.01881971980538187,-0.016691225127138377,-0.009232276511523233,-0.009738704198628784,-0.01116282960440661,12.932,12.444,13.119,182.5,3.5
124,chester_marathon,GBR,2025,-0.007877004696907705,303,-0.007333948737498583,0.0038392417860099617,100,-0.015263014077116643,-0.013762436086012936,-0.011579273990986067,-0.00034974793674823917,-0.0024992484321670417,-0.003914959437839358,13.355,11.902,13.416,182.5,3.5
125,edinburgh_marathon,GBR,2014,-0.0022827073663586883,243,-0.0028094400915652934,0.005094670672147611,100,-0.012092218232534504,-0.01035241342667977,-0.006427055529130061,0.007892563253382672,0.0065861843870548414,0.0031965403605380607,12.293,12.784,13.245,73.4,-79.4
126,edinburgh_marathon,GBR,2015,0.010113031947221657,286,0.009667974739092883,0.0036672670759104894,100,0.0025437951835215094,0.004211697458067451,0.005734906607052146,0.017198990255157434,0.015425571911455738,0.013145275703243635,10.213,9.198,9.827,73.4,-79.4
127,edinburgh_marathon,GBR,2016,0.004314850589881278,267,0.004423553179600387,0.00355307071672152,100,-0.001982255231977608,-0.0010770851471661052,0.001021854063503147,0.0119503269664804,0.011067137561140535,0.007368689030876593,12.853,13.661,14.655,73.4,-79.4
128,edinburgh_marathon,GBR,2017,0.037001360940138235,250,0.03713816708694115,0.00500507835283407,100,0.02882444249602797,0.030559193366732483,0.03296935023256307,0.04829850829686837,0.045013858514258084,0.042555019143459924,16.805,16.13,17.929,73.4,-79.4
129,edinburgh_marathon,GBR,2018,0.0007252236158837577,405,0.0003924862016459474,0.0034218625247192185,100,-0.007118179347201399,-0.005275331105103038,-0.0028175508721432975,0.006436832050084586,0.005905434712416486,0.0038491471066289884,13.954,13.803,15.188,73.4,-79.4
130,edinburgh_marathon,GBR,2019,0.022367791581709373,340,0.02249331446213927,0.003627902454075429,100,0.013914609454885173,0.01559903180685562,0.018951708637878994,0.02811193777327734,0.02775036892118689,0.025287568965239038,13.86,13.425,13.586,73.4,-79.4
131,edinburgh_marathon,GBR,2022,0.006269055562327305,566,0.006632021065338972,0.0026286733740874388,100,0.000983886814200063,0.0014645244422859679,0.003938049180921782,0.011575783867985003,0.010522140429184155,0.008639589645769235,11.693,10.224,11.068,73.4,-79.4
132,edinburgh_marathon,GBR,2023,0.0075421156772249726,295,0.007492317110798299,0.0034939326694862246,100,0.00034863733697659935,0.0015517077337356274,0.003932352382790217,0.013533489321260103,0.012584852888470544,0.011031622971508484,12.244,11.257,12.938,73.4,-79.4
133,edinburgh_marathon,GBR,2024,-0.008852026714679898,254,-0.00809555683016018,0.004192780221960187,100,-0.015202941855339424,-0.014505515931254435,-0.01269971211656489,0.0006161877932424982,-0.0011051340973851206,-0.004416872075606635,12.902,13.292,15.558,73.4,-79.4
134,edinburgh_marathon,GBR,2025,0.00731729326685128,225,0.006512114620976853,0.005001326057120314,100,-0.001298896244469474,0.0004348774098503243,0.0024900598588281486,0.019218452228995746,0.015913670528564076,0.012100711650246569,13.363,11.82,12.465,73.4,-79.4
135,london_marathon,GBR,2014,-0.010615674031599354,2455,-0.0107309237269832,0.0020556668195993153,100,-0.01398305980671721,-0.013698403399039627,-0.012895408943225333,-0.007091877346295211,-0.007473631637159041,-0.008644428855930001,12.81,11.266,13.481,83.1,-33.9
136,london_marathon,GBR,2015,-0.02234729563802887,3042,-0.022598115826121687,0.001419176949106459,100,-0.025447987513370417,-0.02526651438412502,-0.02380261989005074,-0.020097260594460112,-0.02044300076678811,-0.021228178288467965,8.734,8.249,9.008,83.1,-33.9
137,london_marathon,GBR,2016,-0.014264223970984868,3781,-0.014428769399518843,0.0011903391475384523,100,-0.0163818794529585,-0.016031405750434557,-0.015430047151786086,-0.01214571931434509,-0.01262649707700887,-0.013055847713519949,7.734,6.218,7.842,83.1,-33.9
138,london_marathon,GBR,2017,0.0011377703746173196,4409,0.0012314469777328363,0.0011355102955250091,100,-0.0011903030435887895,-0.0010806251020013232,7.757902062568822e-05,0.0035504227288418355,0.002848460732832916,0.002168451007884361,12.09,10.496,12.632,83.1,-33.9
139,london_marathon,GBR,2018,0.06257877564551798,5013,0.062497139731123946,0.0012157923871168508,100,0.06035506235334294,0.06057769661802581,0.061060922112510116,0.06490722089283872,0.06426349799433921,0.06359281832835739,20.906,18.97,19.564,83.1,-33.9
140,london_marathon,GBR,2019,-0.002949122132743856,6134,-0.0030781069858431126,0.0008313603580993837,100,-0.004637244520979732,-0.004484709492048318,-0.003719732660984619,-0.0014048511583020801,-0.0016587921384341973,-0.0021789723553748952,11.556,10.446,11.436,83.1,-33.9
141,london_marathon,GBR,2020,0.00038538209629178366,28,-0.00016495073140309312,0.0053359359872066515,100,-0.011362630967539498,-0.01000043542453076,-0.005747998810714718,0.008725210463919855,0.006894690893978458,0.004645418637696133,9.28,8.716,9.433,83.1,-33.9
142,london_marathon,GBR,2021,0.005029693325756451,5926,0.0048860510380690225,0.0008816902040167815,100,0.003000470822556571,0.0031736360085058515,0.003934061997593117,0.006380921201302144,0.0060860111834540286,0.005593656090894137,13.412,12.603,14.45,83.1,-33.9
143,london_marathon,GBR,2022,0.00851895403501679,6566,0.008734335054058406,0.0009243543900142078,100,0.00657507968060709,0.006829382293067644,0.007529933280000167,0.00986236419909377,0.009703345731388677,0.009400286501615,15.086,14.489,16.321,83.1,-33.9
144,london_marathon,GBR,2023,-0.004470443169426755,8135,-0.004588294786015926,0.0008243377982848755,100,-0.006290212818047787,-0.005997361239034687,-0.005324155985646707,-0.0032757752726176826,-0.0033168238711633546,-0.003643096737300942,12.21,12.191,12.609,83.1,-33.9
145,london_marathon,GBR,2024,-0.008563775952256533,8045,-0.008645562635249106,0.0007676074638643101,100,-0.01004789815205445,-0.009759362252545443,-0.009298893231291459,-0.0072050740864496345,-0.007351220987235916,-0.007841439640744291,10.057,8.092,9.502,83.1,-33.9
146,london_marathon,GBR,2025,0.018295317924619914,5531,0.018198034188335772,0.0009167404877212253,100,0.01696117484938456,0.017059807717014545,0.017468276613726266,0.02010056751724992,0.020003460094132213,0.019303818404957235,17.497,17.159,18.2,83.1,-33.9
147,manchester_marathon,GBR,2019,-0.00486124230170204,1457,-0.004947522757795586,0.0019393158966593623,100,-0.008510881222135216,-0.008146975721768647,-0.007040817744190757,-0.001718280040440861,-0.0021879610956863646,-0.0032218905315220324,9.571,9.02,13.298,72.1,-3.1
148,manchester_marathon,GBR,2021,0.01921377953275402,1283,0.019281702451409366,0.0020203077280781453,100,0.015520571345109606,0.01591226141999877,0.017500267282512957,0.023531896756039575,0.0225541287559266,0.021156146215779038,14.676,13.915,14.543,89.9,-2.8
149,manchester_marathon,GBR,2022,-0.019088758041407666,1840,-0.018972212365841387,0.0012833839954269452,100,-0.02167427715553638,-0.021355270024656155,-0.020236570827171032,-0.016988994927217192,-0.017054330061592324,-0.01800764930032318,7.231,6.658,7.896,89.9,-2.8
150,manchester_marathon,GBR,2023,-0.022467775952098326,1342,-0.022191930642163526,0.0015542729834653486,100,-0.025428666679706682,-0.025031237205215332,-0.023772865407225813,-0.019562737036966652,-0.02000823309544953,-0.020900911362372723,10.689,9.811,11.356,89.9,-2.8
151,manchester_marathon,GBR,2024,-0.015131430770370671,1074,-0.014977802691311963,0.002180260657693684,100,-0.019411703240429887,-0.01837647659639434,-0.01727933423840639,-0.0107912711053853,-0.011888355430969267,-0.012871432209215976,10.985,9.845,10.579,89.9,-2.8
152,manchester_marathon,GBR,2025,0.014896311676583826,727,0.015578517357743803,0.003128933266670168,100,0.009166109393935494,0.010433182877111943,0.012171332416478076,0.021282519683185678,0.020378388623222006,0.018572466185387288,16.316,15.205,16.878,84.4,6.5
153,milton_keynes_marathon,GBR,2014,0.024616079941842894,191,0.02555579684130173,0.006013005724779579,100,0.014292585353954798,0.01683969951655889,0.01974076552468602,0.03650644984623516,0.033968863009099105,0.03141659247488931,13.914,13.053,14.911,191.5,-8.3
154,milton_keynes_marathon,GBR,2015,0.013384791448705774,165,0.014176475238717644,0.0062775175399218085,100,0.0016567918567092694,0.003903126998488095,0.008712499838064415,0.027043902964586544,0.023938776478907745,0.020761381991854174,13.043,11.831,14.742,191.5,-8.3
155,milton_keynes_marathon,GBR,2016,0.046885638667216255,223,0.04669658155396063,0.006197901204961584,100,0.03554155555964066,0.03831501910565025,0.04151602231078636,0.059803229964803105,0.056579790774434945,0.052580585863872285,13.889,13.127,14.614,191.5,-8.3
156,milton_keynes_marathon,GBR,2017,0.02380899292849084,109,0.023754683738412122,0.0065772893434297205,100,0.01092737312780704,0.01216594415758057,0.019096078580864925,0.036533380002396636,0.03467534689091677,0.03051168263756627,11.197,11.217,12.341,191.5,-8.3
157,milton_keynes_marathon,GBR,2018,0.11411465799545778,253,0.1157013846808926,0.005411999117877736,100,0.10406231530301455,0.10639399428428811,0.11057120090042687,0.1249339103676176,0.12310021469979564,0.12074296090843857,21.834,19.594,22.081,191.5,-8.3
158,milton_keynes_marathon,GBR,2019,0.01638224497858902,259,0.016804935980516827,0.005296029894835838,100,0.006664000582351274,0.00782790848892119,0.011120931254491399,0.02544778355429242,0.024966393351224674,0.021602646733457923,9.281,8.022,9.843,191.5,-8.3
159,milton_keynes_marathon,GBR,2021,0.01094331187604218,239,0.011696628430594463,0.0038381289535007156,100,0.004081005099430906,0.005455435153720796,0.007472589610542965,0.01891824397787196,0.01785991313459507,0.01499724818994532,15.258,15.399,17.924,191.5,-8.3
160,milton_keynes_marathon,GBR,2022,0.018242354010588768,276,0.018169836074844063,0.0033941288420042044,100,0.012641554875996898,0.01334271965877754,0.014765756407975884,0.025277338710480733,0.024639267157209915,0.021678153008449705,12.699,12.512,14.054,191.5,-8.3
161,milton_keynes_marathon,GBR,2023,0.03539381663277808,219,0.036131471215625904,0.004215779395451762,100,0.02679475518037403,0.029164362946070894,0.031677162539929554,0.042856665802553616,0.04214600596720777,0.03943640874576159,13.207,13.306,14.99,191.5,-8.3
162,milton_keynes_marathon,GBR,2024,0.02491083301736565,258,0.02449286188818478,0.003629938156485359,100,0.017261530759287824,0.019414157889430884,0.0211344854471452,0.031858369774834035,0.03109655440481684,0.028464428262054954,14.056,14.45,15.15,191.5,-8.3
163,milton_keynes_marathon,GBR,2025,0.004928126276449021,216,0.005084898901445589,0.005027419548744967,100,-0.002483732465832258,-0.0022580949415310853,-0.0003891595216168087,0.017160811781346767,0.014010714001132437,0.010158277304320612,10.4,8.922,10.698,191.5,-8.3
164,newport_marathon,GBR,2018,0.004659154828159304,136,0.0058861170286961875,0.006273617676171941,100,-0.006917227737638711,-0.005452137432274779,-0.0005265478382686251,0.017973379390848393,0.016151698692251092,0.010943334578687064,8.062,7.753,9.05,55.4,0.2
165,newport_marathon,GBR,2019,-0.008432225521328773,147,-0.00982292997738951,0.005141535458917863,100,-0.017852969340395125,-0.017602856548748682,-0.014117266895235077,0.0007412038387867093,-3.5486508506609794e-06,-0.004199998773067758,10.188,9.322,10.33,55.4,0.2
166,newport_marathon,GBR,2021,-0.006700785313593985,260,-0.007716290612749088,0.004046274897782095,100,-0.014810319843331839,-0.013028504919872324,-0.010330066922499133,0.0014560590820534831,0.0003325499053696572,-0.004133788173731732,12.864,12.166,13.604,55.4,0.2
167,newport_marathon,GBR,2023,-0.023200525439831324,176,-0.022829030586433735,0.004573718916892446,100,-0.03305127771422959,-0.031381709220033034,-0.0274466475260363,-0.01601263234185341,-0.01649220385367687,-0.018497902714348032,11.589,10.62,11.712,55.4,0.2
168,newport_marathon,GBR,2024,-0.013832908662664858,172,-0.013770592002724985,0.004420119039660915,100,-0.02192422683517468,-0.020867765505776688,-0.018038994230331937,-0.005786385228997214,-0.0060316450707273445,-0.009223459054141559,9.426,8.55,10.963,24.4,-0.1
169,newport_marathon,GBR,2025,-0.026429232676440706,231,-0.02614354974565071,0.0043268955915744855,100,-0.03412659478941555,-0.032761681139278326,-0.03016033036632041,-0.0183377886698864,-0.019654489107195666,-0.0220483220750333,12.168,10.849,11.738,24.4,-0.1
170,yorkshire_marathon,GBR,2019,-0.010270948699171834,450,-0.010136421577880948,0.0029813217534710207,100,-0.01569922783159394,-0.014725462239733405,-0.013156691797033652,-0.004065707714433379,-0.004675453062790937,-0.007677135435088674,9.8,9.101,10.406,126.1,-11.9
171,yorkshire_marathon,GBR,2021,-0.0027855033989759165,295,-0.00236158974927507,0.003304813504432658,100,-0.008389538506149576,-0.008072101563552325,-0.006188267537846462,0.004499909816743785,0.0020160531310148494,0.0003842169499601699,12.722,12.248,14.352,126.1,-11.9
172,yorkshire_marathon,GBR,2022,0.012496601616077699,342,0.01237730021547729,0.0032732828522898253,100,0.006616319761239379,0.007393054788802084,0.00942769244132669,0.018851017682894204,0.017667218895584542,0.015906136370529737,12.161,10.91,13.001,126.1,-11.9
173,yorkshire_marathon,GBR,2023,-0.010689751215860799,368,-0.010881738913986763,0.0030524525154083217,100,-0.016018718135150923,-0.014711006284216722,-0.013215061691923824,-0.003907866070727247,-0.005246407619005225,-0.007346156984808498,7.641,6.601,10.911,126.1,-11.9
174,yorkshire_marathon,GBR,2024,-0.006396585919463321,354,-0.00642581471096677,0.003656992875487171,100,-0.013470688864813205,-0.012101609996054483,-0.00975138273083636,0.0004984723428813806,-7.047540494178992e-05,-0.002669326139711043,12.927,12.211,14.478,126.1,-11.9
175,yorkshire_marathon,GBR,2025,-0.010258773759419512,238,-0.01036840271502987,0.004757811283737863,100,-0.017610045831503954,-0.016982957614231457,-0.01438729336090254,-0.0006239208580823001,-0.0016531696272954653,-0.004796763666638707,13.425,12.46,13.791,126.1,-11.9
176,berlin_marathon,GER,2014,-0.03943020468737299,1671,-0.03929092268439441,0.0017140795758143952,100,-0.04284125913437685,-0.04230960017044217,-0.041143441074954344,-0.03573519284747637,-0.03673257208712972,-0.03766398429222144,14.167,14.204,19.39,50.6,0.9
177,berlin_marathon,GER,2015,-0.03248914228639327,2560,-0.03245809545399696,0.0013083532586814848,100,-0.034912030381043895,-0.034560198081705955,-0.033752407062618145,-0.029783338014825453,-0.030557264192713086,-0.031237118155907802,12.961,12.434,14.239,50.6,0.9
178,berlin_marathon,GER,2016,-0.013771282266424767,3103,-0.013792623869044104,0.0012555430247053806,100,-0.015733885328554045,-0.015511126554115812,-0.014996598367663675,-0.011084672547919094,-0.011635582313588948,-0.012444650268035946,17.458,15.935,19.074,50.6,0.9
179,berlin_marathon,GER,2017,-0.011003236472672345,4184,-0.010841232889919929,0.0010392578288379855,100,-0.012945094665436852,-0.012538842299741303,-0.011987804212098094,-0.008632028477817898,-0.009108893557829144,-0.009972049597841117,14.719,14.716,16.578,50.6,0.9
180,berlin_marathon,GER,2018,0.005906999641756436,5073,0.005656359075412454,0.0008785210843978749,100,0.004364021760155136,0.004578067378049745,0.004997177314402798,0.007543698128440793,0.0074389178676328846,0.0066226786599027565,18.316,16.52,17.785,50.6,0.9
181,berlin_marathon,GER,2019,-0.016066123129203844,5639,-0.016048131174459468,0.000989489432107968,100,-0.018030674845200646,-0.017849601313078493,-0.017048224145160405,-0.014394884884814128,-0.01465429272148929,-0.015209743940390352,14.746,13.655,14.892,50.6,0.9
182,berlin_marathon,GER,2021,0.02286133458956094,3581,0.022728434899002857,0.0011026273317268534,100,0.02074293019713686,0.02127698672576838,0.021621238747510287,0.025016302420066458,0.024583734626860455,0.023663318283170223,20.978,19.769,22.248,50.6,0.9
183,berlin_marathon,GER,2022,-0.008166525658401091,5008,-0.008188360585440481,0.0009807962486880785,100,-0.010111106787451484,-0.009939822076257394,-0.009247744639729764,-0.00634418059980027,-0.006648993209612582,-0.007236588501313725,14.222,13.772,16.56,50.6,0.9
184,berlin_marathon,GER,2023,-0.007948568102182724,5127,-0.008089008831915708,0.0008961769262503362,100,-0.009621355913232472,-0.009204403486469911,-0.008912180968714711,-0.0058718716905896825,-0.006265563373773381,-0.007128014091777819,15.618,14.966,17.15,50.6,0.9
185,berlin_marathon,GER,2024,-0.021032008119164697,4409,-0.020999565755816824,0.0008794508691649814,100,-0.02260666890968038,-0.022288522867370774,-0.021927989888339935,-0.019224110645794514,-0.019679567159910413,-0.02016039731277387,11.793,11.006,12.208,50.6,0.9
186,berlin_marathon,GER,2025,0.04146831536994884,2208,0.04133171450469153,0.001714131467416663,100,0.03871646885290275,0.03888761072377573,0.03992333815193975,0.04530417801635506,0.04476581398271653,0.04307492148675161,25.022,22.578,24.224,50.6,0.9
187,cologne_marathon,GER,2018,-0.02190568373948884,264,-0.022695874730662875,0.0035035805000465004,100,-0.02864483316777254,-0.027648007767232606,-0.02579962293207749,-0.015045972448676217,-0.015637676869802462,-0.019208843171601247,12.637,11.404,13.567,72.2,10.3
188,cologne_marathon,GER,2019,0.014229107102317867,237,0.01434509099546617,0.003997879524881735,100,0.007101748273757643,0.008415454280492358,0.010974706493385182,0.020931169346178516,0.020214502502109804,0.018711956715263087,19.615,18.632,21.816,72.2,10.3
189,cologne_marathon,GER,2022,0.007631193167894401,217,0.0077029636052123596,0.004526562959227993,100,-0.001738254266761359,-0.0005100385647670777,0.0031303807588900097,0.015616884500192281,0.014654290227479954,0.011421171924649918,14.453,14.246,15.961,72.2,10.3
190,cologne_marathon,GER,2023,0.024355782293859568,252,0.023547440823343452,0.00426932461061688,100,0.016422689340079285,0.018021195917390116,0.019861150271121356,0.03346206155009448,0.030711860078584192,0.028153448926580095,19.537,18.591,21.997,72.2,10.3
191,cologne_marathon,GER,2024,-0.006293964080930178,224,-0.005383346771383336,0.0038260967816630314,100,-0.013050031591345608,-0.01211842371327576,-0.009883166840755879,0.0005309036845196237,4.644816874325569e-05,-0.0019005683460139458,11.978,11.462,13.532,72.2,10.3
192,cologne_marathon,GER,2025,-0.010617579559671117,236,-0.009775733933649597,0.00465913652881572,100,-0.018362949941755014,-0.017106017653371053,-0.015128571548332229,-0.00114758253728376,-0.003306446401902368,-0.0054413362135258825,11.975,11.193,12.236,72.2,10.3
193,frankfurt_marathon,GER,2015,-0.03622119138704477,664,-0.03584580516761714,0.00230540336145812,100,-0.04054579133631554,-0.03972540292560832,-0.03854342057610273,-0.031141071092533508,-0.03263134888273675,-0.0341071117149297,12.927,12.451,13.999,77.9,-1.0
194,frankfurt_marathon,GER,2016,-0.02666374440181163,813,-0.026387054743624683,0.002526575318911329,100,-0.031501268310201246,-0.031012596615760647,-0.028983275510342868,-0.022223985700875575,-0.023114742251497056,-0.024261446714200448,9.092,9.718,13.612,77.9,-1.0
195,frankfurt_marathon,GER,2017,-0.01841211355185876,925,-0.018517278395055736,0.001880176246969463,100,-0.02167664158029531,-0.02133973276368213,-0.020628946970531838,-0.01515602453176571,-0.015277601251187403,-0.016272786905460048,11.633,9.577,9.823,77.9,-1.0
196,frankfurt_marathon,GER,2018,-0.02408798487747288,945,-0.02402810165457303,0.0017458965951423855,100,-0.02795345340303694,-0.02684452919558796,-0.026054908825553717,-0.021021863638916678,-0.021273945503015295,-0.02258072986474719,6.504,4.679,5.077,77.9,-1.0
197,frankfurt_marathon,GER,2019,-0.018190145159760904,916,-0.01808904260822346,0.0014396280620038516,100,-0.020927625258378414,-0.02030077297826623,-0.0194159354224154,-0.01564417051609713,-0.01611919265363374,-0.016727278490918117,13.797,13.035,13.587,77.9,-1.0
198,frankfurt_marathon,GER,2022,0.01762094695874991,768,0.01776584580923948,0.0019529814497944804,100,0.014190087142310095,0.01460424630532543,0.015850949710063563,0.021084579153453648,0.02064007242112984,0.019817643607668186,17.101,16.338,19.468,77.9,-1.0
199,frankfurt_marathon,GER,2023,-0.008996122505236265,823,-0.008981713587400422,0.0018080819228305672,100,-0.012581602716640616,-0.01178869433252612,-0.010828774193620444,-0.005986603631864804,-0.006206081495171173,-0.007218184331810614,12.654,12.478,13.202,77.9,-1.0
200,frankfurt_marathon,GER,2024,-0.011835349025460032,682,-0.011904628881624739,0.002104606052489012,100,-0.015459597908030072,-0.014800246484934873,-0.013823292505551105,-0.007332274675216274,-0.007882319639878597,-0.009804014066247072,12.892,12.978,15.099,77.9,-1.0
201,frankfurt_marathon,GER,2025,-0.019829658869879002,565,-0.019494526058539782,0.0024041939022813623,100,-0.023228128203992955,-0.022755922997914305,-0.02156948710003604,-0.014234010186353504,-0.014453219719130463,-0.017067202470334213,8.085,6.566,7.954,77.9,-1.0
202,hamburg_marathon,GER,2018,-0.004742136794488955,735,-0.004819343735540257,0.0026671812187888198,100,-0.009656790947059879,-0.009150501186267595,-0.00735436710135163,0.0008624254025142708,3.407586515362754e-05,-0.0025135803156973737,15.4,14.613,15.684,117.1,0.0
203,hamburg_marathon,GER,2019,-0.028722458066926707,809,-0.02886505243439333,0.0019832741283608143,100,-0.03267759740721616,-0.032079451286767584,-0.031052942771463532,-0.02487844868885746,-0.02551284762752469,-0.027051454617085007,8.453,7.952,8.627,117.1,0.0
204,hamburg_marathon,GER,2021,0.004665144363386067,288,0.004753535409636869,0.0031818608421517853,100,-0.0022580952308151525,-3.571030956336772e-05,0.0018444066957945427,0.009885233113847324,0.009483708046488536,0.007706319483554939,18.665,18.31,19.529,117.1,0.0
205,hamburg_marathon,GER,2022,-0.007204925127119871,790,-0.007475644022305682,0.0020835786640978128,100,-0.011200887222805538,-0.010829955496751437,-0.009324391636066265,-0.0035006396688507706,-0.0041437989116041105,-0.005459845714256083,10.73,9.456,11.088,117.1,0.0
206,hamburg_marathon,GER,2023,-0.007273524185565983,844,-0.006939225830598153,0.0019959951610206035,100,-0.011136905129533437,-0.010492717549305294,-0.009535849488487338,-0.003496781769427256,-0.003932205961260492,-0.005571182026599341,12.532,11.968,15.345,117.1,0.0
207,hamburg_marathon,GER,2024,0.006681703383640214,807,0.00666004432425097,0.001905602486262358,100,0.003254455047906823,0.003559842617883291,0.0046161548000776,0.01030207881357718,0.009704002739512219,0.008775460749550037,17.439,15.195,17.062,117.1,0.0
208,hamburg_marathon,GER,2025,-0.012425384304741535,650,-0.012554959368187249,0.0025264341389790654,100,-0.017074327590211203,-0.016731217196486584,-0.014774630662102847,-0.0077026614223868655,-0.008644013458076144,-0.009823034273700798,13.538,11.101,13.889,117.1,0.0
209,hannover_marathon,GER,2018,0.007821149085403448,99,0.008384196441249497,0.0055355597294673405,100,-0.004282650881011754,-0.0017511125207881734,0.0012963175553957278,0.015909086864901067,0.015618767751915811,0.012940745623765435,16.56,14.226,18.96,27.4,1.5
210,hannover_marathon,GER,2019,-0.008325595835930538,97,-0.007728497098226216,0.00515701248544251,100,-0.017547953704819742,-0.016089211931679826,-0.0136975742850718,0.0016211537349577537,0.00047063984929288246,-0.002475238111129192,13.805,12.484,15.733,27.4,1.5
211,hannover_marathon,GER,2022,-0.015977488583498553,186,-0.01648593462552661,0.0032820786801311575,100,-0.02180363186017342,-0.020839330546247207,-0.019749310137725885,-0.009474456252271468,-0.010625611467711347,-0.012576054006880142,3.025,2.405,6.001,27.4,1.5
212,hannover_marathon,GER,2023,-0.010249015081875965,102,-0.009825361082173897,0.004749983707008019,100,-0.019586981455722807,-0.018131515754610767,-0.015202018371909399,-0.0015224378901739196,-0.0026248823886194234,-0.004957379673984957,8.125,7.779,9.371,28.4,2.0
213,hannover_marathon,GER,2024,-0.023238289936151124,163,-0.023494240268171027,0.003469925747655747,100,-0.03069043010584166,-0.028854038632811642,-0.026799944515553103,-0.01753190106192268,-0.01784844415328509,-0.01998581706995253,13.351,11.464,12.325,28.4,2.0
214,hannover_marathon,GER,2025,-0.022675723240312945,133,-0.022239659610788873,0.004125741889019968,100,-0.02994322766712923,-0.028757445131916356,-0.027169137892113965,-0.01509189574395996,-0.016451736075005257,-0.01930347014140416,6.566,5.097,7.412,28.4,2.0
215,munich_marathon,GER,2018,0.009855508022419662,202,0.009635264300652181,0.004420669746960654,100,0.0029057997021569395,0.0034808453533438978,0.005540769301670309,0.018293921213891454,0.01745156988621736,0.01473261054797,15.906,14.385,18.719,77.9,1.1
216,munich_marathon,GER,2019,0.027211194032217154,188,0.02727414737859006,0.00509214212921812,100,0.017684309914282825,0.018424270898641154,0.021837597043334513,0.03579502617040864,0.035409853861262365,0.031996410313561735,15.719,14.848,20.404,77.9,1.1
217,munich_marathon,GER,2021,-0.00932348359081589,156,-0.008175544481292745,0.003963184481151709,100,-0.016337988396628755,-0.015490105922186078,-0.011922867284509307,-0.001198254822542467,-0.0015186897997535107,-0.00480698438936177,6.144,5.902,10.999,77.9,1.1
218,munich_marathon,GER,2022,0.00044367816942873783,200,0.0006967555329402408,0.0038882151360702224,100,-0.007263864658120911,-0.005748395026287043,-0.0029824080469233187,0.007440655874173431,0.006434903903083422,0.004451136115238965,9.58,9.808,12.753,77.9,1.1
219,munich_marathon,GER,2023,0.02220648335623497,187,0.021483955932995315,0.004263072536996963,100,0.015216099864384526,0.016181020889454726,0.018070386339453046,0.03135502323082503,0.02994013197129104,0.026298555542646106,17.655,14.552,16.957,77.9,1.1
220,munich_marathon,GER,2024,0.0025725106618739585,166,0.0034394863958060393,0.003852562249836106,100,-0.0030858165840982324,-0.0017884962127739238,0.00011187935998802911,0.011076975237167632,0.009542272303653749,0.00760664639164131,13.397,12.218,12.963,77.9,1.1
221,munich_marathon,GER,2025,-0.008382315245658481,58,-0.0074942458402108,0.008789405764903106,100,-0.021677271987391496,-0.02073358621158874,-0.015053066495077882,0.011036685734258103,0.008525823459466016,0.0019235645911828856,11.879,11.978,12.755,77.9,1.1
222,athens_marathon,GRE,2024,0.028975754210856304,94,0.028795486235451112,0.006320256687521621,100,0.016612466996150793,0.01817468630898186,0.024043771398888625,0.041363015082834194,0.039828671441942715,0.03511934855594576,14.691,12.467,14.226,318.5,56.4
223,athens_marathon,GRE,2025,0.04334933021974964,73,0.04267570063509826,0.006577817702902426,100,0.03261850873970909,0.03384769936486598,0.036355776300112067,0.05605130115868989,0.05369574851278004,0.05033068567712844,21.186,20.707,22.345,318.5,56.4
230,dublin_marathon,IRL,2014,0.002449701561423226,74,0.0030297330859442063,0.008266911515508558,100,-0.011858984852935532,-0.008071782344510104,-0.003702092990780109,0.02187301838338767,0.01667466179236814,0.010970444238086385,15.843,15.424,16.015,182.6,-5.2
231,dublin_marathon,IRL,2015,-0.004080414333217805,155,-0.0036688236204737434,0.0051131811129827565,100,-0.012988126267327642,-0.011535618542367006,-0.008372709819387826,0.006554495125243668,0.0050026283943970405,0.001450307564608133,12.993,11.937,13.28,182.6,-5.2
232,dublin_marathon,IRL,2016,-0.006049403728097966,136,-0.0072375049270256425,0.005142119509182135,100,-0.016638487804399263,-0.01591335296406278,-0.012160648452681796,0.002519140980625171,0.0014730809937313,-0.0013141476274740997,11.236,10.828,14.674,182.6,-5.2
233,dublin_marathon,IRL,2017,0.008372654632783957,191,0.00822492804163414,0.005385140336013276,100,-0.000653847607172417,0.00010859427091247382,0.002732346574017689,0.018827406083113767,0.018643417197656265,0.012961886157824018,12.015,10.973,11.716,182.6,-5.2
234,dublin_marathon,IRL,2018,-0.010483533799367326,153,-0.010941814885283424,0.003937769128911137,100,-0.01839720028304266,-0.016711416491734722,-0.014904772010428146,-0.00304221372029824,-0.0044918092346263,-0.006793552077088384,7.076,6.082,8.623,182.6,-5.2
235,dublin_marathon,IRL,2019,-0.016214538964353334,127,-0.016247004849055918,0.004434188385041683,100,-0.024152818072507257,-0.02246171932991234,-0.020100710772505036,-0.007191631278726901,-0.008964589050093444,-0.0118980213026549,6.17,5.94,10.144,182.6,-5.2
236,dublin_marathon,IRL,2022,-0.011531603931645026,108,-0.010732473202085792,0.005156336466027469,100,-0.0194455598241714,-0.01820252512926843,-0.016683554936287728,-0.001555380078799041,-0.003242067936843943,-0.0057091662078557984,13.51,12.468,14.174,182.6,-5.2
237,dublin_marathon,IRL,2023,-0.022406316355097572,124,-0.02255011210619358,0.0044459236158032114,100,-0.03193554491214393,-0.030746909294196326,-0.02631110779149152,-0.01434620278969947,-0.014538965432006005,-0.018003961880038537,9.522,9.304,12.094,182.6,-5.2
238,dublin_marathon,IRL,2024,-0.014243156441937216,104,-0.015124375912889898,0.005626611474377342,100,-0.02389892662535762,-0.02230663135807067,-0.019761427150819365,-0.0028016053228302456,-0.005623540480106637,-0.007526791382160835,7.771,6.44,10.384,182.6,-5.2
239,dublin_marathon,IRL,2025,-0.02456343919223372,103,-0.023886080547344007,0.006410658844669773,100,-0.03705508387681418,-0.03440313830514893,-0.03008872063435403,-0.012516092664641655,-0.01457038110915085,-0.017494147916964017,7.758,6.893,11.595,182.6,-5.2
240,florence_marathon,ITA,2024,-0.0182495112552135,656,-0.018186632693723503,0.0023671946127789716,100,-0.02182872944979465,-0.021554135645600065,-0.020179209882470073,-0.013165490965728154,-0.01412091098776925,-0.01548958298218393,7.717,5.996,11.342,66.0,1.1
241,florence_marathon,ITA,2025,-0.0167740315570514,488,-0.016897477964204863,0.0036480074802213835,100,-0.022042681811554072,-0.021469431653602544,-0.020425599467010905,-0.00974375743188747,-0.010527676642889514,-0.012359397144246302,4.137,2.746,10.99,66.0,1.1
242,milan_marathon,ITA,2022,-0.021400044063801804,430,-0.022033678037846734,0.00344652734399144,100,-0.02766748595728041,-0.02711005783788842,-0.025576111099547588,-0.014655093405900708,-0.016966213361139997,-0.018290567962565986,7.992,7.154,10.8,63.2,-1.0
243,milan_marathon,ITA,2023,0.005518847844805233,481,0.005631143942254661,0.0029878175409913843,100,-0.00047601052981725806,-0.00014250713036064106,0.0016746074148225897,0.010333279773285893,0.009969751466490371,0.007981123041343227,12.652,11.635,17.182,63.2,-1.0
244,milan_marathon,ITA,2024,0.009658385090196897,561,0.010136264984879885,0.002830468485750145,100,0.004151952752631862,0.005231517281151786,0.007193368751290837,0.014638440725566913,0.014039856167577027,0.012671848373465305,16.399,16.302,21.775,63.2,-1.0
245,milan_marathon,ITA,2025,0.01554928254872548,470,0.0155644513709704,0.0027131316818261894,100,0.010068975966349897,0.010746757417451144,0.013064176870509986,0.020578004267358008,0.019821285412170583,0.018051586055601528,15.645,14.206,17.063,63.2,-1.0
246,rome_marathon,ITA,2021,0.021841303901225614,614,0.022008981947364486,0.0030973561611690784,100,0.01684106247183159,0.018255084120825722,0.019569998760220832,0.02800505499104655,0.027160010901035137,0.025732589965913565,24.307,23.17,25.58,92.0,-4.2
247,rome_marathon,ITA,2022,0.008525248171567204,679,0.0086099263430498,0.0029880592189958006,100,0.003121669964710811,0.0034181169733076998,0.005514738997011297,0.014366926583544434,0.013730885499339558,0.011588597856404741,15.756,13.364,18.124,92.0,-4.2
248,rome_marathon,ITA,2023,0.0024584122311458873,897,0.002618834390090089,0.002132590411804069,100,-0.00116800775706295,-0.0003927379614629099,0.0004891847217683346,0.007429296408861509,0.006156091166844857,0.00455383812993774,12.705,12.515,15.644,92.0,-4.2
249,rome_marathon,ITA,2024,0.027487818689907774,900,0.02747678221460891,0.0021215012173275323,100,0.023483643148375716,0.023905589014654706,0.02539900529081163,0.031137941582559506,0.03083195199936116,0.029700496691583925,13.412,13.811,19.673,92.0,-4.2
250,rome_marathon,ITA,2025,0.011330933157391296,1052,0.011494842551972945,0.0022828370951050113,100,0.0063422823029042315,0.007655426961217178,0.009153054635485604,0.015382990710326621,0.014914693863113735,0.013402719762529719,12.881,11.527,13.025,92.0,-4.2
251,venice_marathon,ITA,2023,0.033053244545888615,389,0.03323029333746725,0.003190341269627417,100,0.027736448676082496,0.028420746859626006,0.02984878426274897,0.03974372071634395,0.03849474391204849,0.03573857187010344,17.909,18.76,20.432,30.1,-6.6
252,venice_marathon,ITA,2024,0.023770299175291734,308,0.02297542300490036,0.003145407419209663,100,0.017213897760190347,0.017673014139544356,0.020328011389243204,0.02914520916405733,0.028431029939031065,0.026633153701891683,18.062,18.267,20.908,30.1,-6.6
253,venice_marathon,ITA,2025,0.012642234752996584,325,0.01242075137857604,0.0037547343886224663,100,0.005970230149044129,0.006554343073470397,0.0089093263905373,0.02003573685945577,0.018903314679613533,0.01620327588297324,14.13,14.666,17.072,30.1,-6.6
285,tokyo_marathon,JPN,2015,-0.02582112343980511,567,-0.025868584526856808,0.0029463656081167764,100,-0.031333560126280725,-0.030065033218822607,-0.028562658540337287,-0.02016528632349808,-0.021413124830248532,-0.022820183354780282,6.381,5.603,8.085,59.4,-37.8
286,tokyo_marathon,JPN,2016,-0.004580813541933487,939,-0.004980592593509466,0.002145918570482068,100,-0.008967656728814662,-0.008625104811461354,-0.00714578570527263,-0.0006960555197483055,-0.0011231865605646435,-0.0031055738488557543,10.75,9.323,10.292,59.4,-37.8
287,tokyo_marathon,JPN,2017,0.0027602098547210435,1282,0.002631771043853967,0.0019102051828391077,100,-0.0010483431582192539,-0.0005958525242022297,0.0008233016510394157,0.006451267546714873,0.006168472848958016,0.004194178548539502,9.455,9.253,11.56,55.5,-21.4
288,tokyo_marathon,JPN,2018,-0.004048604301951808,1810,-0.0038572929009916407,0.001798115291318566,100,-0.007358863022288262,-0.006864473422963824,-0.005754795795329098,4.512763290560022e-05,-0.001391374410308457,-0.0023459908486680005,6.087,4.58,6.011,55.5,-21.4
289,tokyo_marathon,JPN,2019,-0.003083146053382932,2616,-0.0031158713271130616,0.0015180827501074217,100,-0.005902749369829964,-0.005523430681621505,-0.004525824425635778,-0.0005173202063642681,-0.0007240400910700907,-0.0016230240250241382,6.213,4.866,6.522,55.5,-21.4
290,tokyo_marathon,JPN,2022,-0.024160283533323973,108,-0.024815740231756638,0.005554919931052683,100,-0.035628749140494964,-0.03388649004183747,-0.030411482828082762,-0.013446511502307133,-0.015666348144050473,-0.01955916726425615,10.166,7.15,8.365,43.2,-28.3
291,tokyo_marathon,JPN,2023,0.0017350564998516588,6014,0.0016101533019639604,0.0011470621263873835,100,-0.00028881099489746207,-3.697990612253619e-05,0.0005014014040592034,0.003976785253584007,0.003513938729133842,0.0029820285876895358,9.944,8.188,9.536,43.2,-28.3
292,tokyo_marathon,JPN,2024,-5.1454230526132294e-05,6181,-0.00010851830092534209,0.0010825934214135995,100,-0.0023817159706953197,-0.0018668640024044156,-0.0012954483786507228,0.0016937154691926736,0.0015157181752450872,0.0009789989789203435,9.364,7.657,10.092,43.2,-28.3
293,tokyo_marathon,JPN,2025,0.021224247552746336,5701,0.02102804946251488,0.001139033044872271,100,0.01900725959430134,0.01921516193207927,0.019752969501756867,0.023250999806521,0.02288547813792451,0.021994382868165217,16.066,14.473,16.82,43.2,-28.3
302,amsterdam_marathon,NED,2016,-0.0036189941391935876,141,-0.0030789401257371642,0.004586988448496787,100,-0.012099845954490047,-0.01076477498200123,-0.007804928168174364,0.005236408624320023,0.004752322008966702,0.0018553071169756386,12.068,11.531,16.729,41.3,0.9
303,amsterdam_marathon,NED,2017,0.010664370511541205,609,0.010736560287213502,0.0032921502269247895,100,0.005502830060887899,0.005926633747707176,0.007055278349200903,0.016439759518196546,0.015899146162138007,0.014336102121056647,15.297,15.222,20.28,41.3,0.9
304,amsterdam_marathon,NED,2018,-0.009604241850344197,670,-0.009145068700123049,0.0023324455059574186,100,-0.013833919577710331,-0.0134338968493526,-0.011594884029977666,-0.004736749795572699,-0.005332969246900053,-0.007208375239094349,12.022,10.92,14.277,41.3,0.9
305,amsterdam_marathon,NED,2019,-0.007280368714778523,797,-0.007319755482925636,0.0020928156431568924,100,-0.010860902171617797,-0.009965139324652891,-0.00905406405731978,-0.0033031979829212478,-0.003384227113838468,-0.00477990684630865,10.78,10.935,14.023,41.3,0.9
306,amsterdam_marathon,NED,2021,-0.015179198466544933,448,-0.015371525596361305,0.0026389268787716125,100,-0.020164267825935455,-0.01976037827586955,-0.018104377742129262,-0.011016289985080568,-0.011623379568750078,-0.012878630873939933,10.584,9.306,11.616,41.3,0.9
307,amsterdam_marathon,NED,2022,-0.002109034744462404,797,-0.0022301389645890592,0.0019949624048911027,100,-0.0055926821559462315,-0.005418373807189471,-0.004298072305008549,0.0011757271950100414,0.0008724106983455935,-0.00012895878113238095,14.703,13.713,16.068,41.3,0.9
308,amsterdam_marathon,NED,2023,-0.028899868773092627,761,-0.0289592648657229,0.0019235882193694093,100,-0.03255300079811915,-0.031988901123535654,-0.030690276979348508,-0.02545253953841123,-0.026117963494870965,-0.026739478198248373,8.617,8.069,9.755,41.3,0.9
309,amsterdam_marathon,NED,2024,-0.01013389610185804,640,-0.010060528264913313,0.002440699199668354,100,-0.014825007339944355,-0.013784856227027662,-0.012753370747410151,-0.005437310544973865,-0.0063037308619305595,-0.008085650651073927,14.5,13.909,15.135,41.3,0.9
310,amsterdam_marathon,NED,2025,-0.03420640832426253,967,-0.03406469956708533,0.0021572866037761346,100,-0.037836492942444844,-0.037390849075996754,-0.03642431629701571,-0.030576209665242906,-0.030795772750974774,-0.03196379516721145,9.056,8.503,13.671,41.3,0.9
311,eindhoven_marathon,NED,2017,-0.032358517611403514,139,-0.031228641262796765,0.0055887810918371205,100,-0.044283396761796046,-0.04256867612744072,-0.03763000749761,-0.022786724002572707,-0.024330012400039323,-0.025990777452063685,13.525,13.494,14.329,30.9,-1.9
312,eindhoven_marathon,NED,2018,0.019771664035540065,161,0.019827858361477838,0.0047472883282934425,100,0.0095181795978635,0.012872775544055881,0.015192128578138946,0.028158287813226827,0.027830597347814272,0.024165684578433988,20.692,18.049,20.09,30.9,-1.9
313,eindhoven_marathon,NED,2019,0.02187462241756015,167,0.02203836821864762,0.005026719177420275,100,0.013415252313010887,0.01366438209217229,0.016359411627323163,0.030911451524530106,0.030031237361630863,0.026794821473223623,19.451,18.789,21.092,30.9,-1.9
314,eindhoven_marathon,NED,2021,-0.014934283655052352,126,-0.015392933409865743,0.004287184586492051,100,-0.02179085771661412,-0.021221950965326638,-0.018870069367790912,-0.005786776786641825,-0.008492556323809778,-0.010953184240012851,10.498,11.91,15.871,30.9,-1.9
315,eindhoven_marathon,NED,2022,-0.01811374656626258,198,-0.01787742897242022,0.004060060029044002,100,-0.024520124343359186,-0.02400453871676415,-0.02153865417582685,-0.00983383950675858,-0.010804362036696628,-0.01320658921638563,12.196,11.715,15.282,30.9,-1.9
316,eindhoven_marathon,NED,2023,-0.014406697658150724,214,-0.014586988984495328,0.003859703845859616,100,-0.021781098492704362,-0.021362656557818535,-0.018164993226284554,-0.007811139932515846,-0.00867694314412282,-0.010505853930544467,16.849,17.101,18.614,30.9,-1.9
317,eindhoven_marathon,NED,2024,-0.0359303197717154,278,-0.03656359680173401,0.004295503283331118,100,-0.04346316039125807,-0.041807071577633304,-0.039842484179270055,-0.0271627115016942,-0.02883276529389375,-0.031512581512931945,10.719,9.557,10.766,30.9,-1.9
318,eindhoven_marathon,NED,2025,-0.037271333874289575,161,-0.03757122746267108,0.005100001696401377,100,-0.04801880697754376,-0.04465202337612827,-0.04163900966922681,-0.028406852629370365,-0.02989248579819473,-0.03186235979328901,14.375,13.312,14.402,30.9,-1.9
319,rotterdam_marathon,NED,2018,0.01594571149507243,1385,0.016406340831806004,0.0021004288672738882,100,0.011381438321248886,0.012726181208815397,0.013990592631267654,0.019699349395209474,0.019533274538228812,0.018170513414262263,15.882,16.536,19.578,56.1,-3.3
320,rotterdam_marathon,NED,2019,0.024401714849888248,1497,0.024369206951111624,0.002136651765125301,100,0.020740108552536468,0.02091749215283131,0.02224599188093355,0.028919273347564813,0.02815784766057245,0.02633423788935419,16.222,15.704,17.499,56.1,-3.3
321,rotterdam_marathon,NED,2021,-0.004457177551896702,1578,-0.004571113335643324,0.0018610622147298458,100,-0.007860806020183637,-0.0073880687418320535,-0.006415839852199045,-0.0009231786691235259,-0.0014611789421005497,-0.0027025412632929527,9.364,9.066,12.261,56.1,-3.3
322,rotterdam_marathon,NED,2022,-0.002688339833150727,1606,-0.002869038842978719,0.0017193258720120239,100,-0.005977880542058095,-0.005441000374538434,-0.00464940252531356,3.845186460496492e-06,-0.00010804236005869394,-0.0012872036887425764,8.892,8.055,9.937,56.1,-3.3
323,rotterdam_marathon,NED,2023,-0.02597996668472581,1757,-0.026342765038426932,0.0016718373769792892,100,-0.02946585741488208,-0.029143015881305186,-0.02792647175213738,-0.023145416822482476,-0.023759204588496674,-0.024512593276592668,8.398,7.839,8.913,56.1,-3.3
324,rotterdam_marathon,NED,2024,-0.014778994851136734,1566,-0.014936485633509362,0.001887582676754315,100,-0.018381527526470362,-0.017802361985374746,-0.01670268661433626,-0.011308872476283266,-0.011833729785684068,-0.013155804268892433,12.328,10.819,12.21,56.1,-3.3
325,rotterdam_marathon,NED,2025,-0.012728251914025587,1199,-0.01293526184705409,0.0021683687929235644,100,-0.01778715253976271,-0.017346305450766618,-0.014915795477476158,-0.008940475388658652,-0.009772634227580013,-0.011109486664078608,14.328,13.854,14.498,56.1,-3.3
326,oslo_marathon,NOR,2016,0.003413316407262418,144,0.004338167628964759,0.005626355161005914,100,-0.00483420299410526,-0.004313127854132725,-0.0017022527172592863,0.015426209584579024,0.013880435264259961,0.010051753762485544,16.133,14.866,17.241,315.8,0.4
327,oslo_marathon,NOR,2017,0.015401491404711157,149,0.014934428579853491,0.00650099836341081,100,0.004160881934423155,0.004749238591785154,0.0076533986166079605,0.027145052332481167,0.02593012320491561,0.02127086664323078,14.624,14.065,16.106,315.8,0.4
328,oslo_marathon,NOR,2018,0.011862252295358838,143,0.012461000485150218,0.004968367396381905,100,0.004321940413870428,0.004601848308111024,0.0075885201562271585,0.021328200557608205,0.020743975677944587,0.017225257867426833,13.552,12.232,14.439,315.8,0.4
329,oslo_marathon,NOR,2019,0.001710112156933119,184,0.0008487822387484353,0.004623573641335934,100,-0.007587682428177628,-0.006762293760992466,-0.003296458035211778,0.009227840757945867,0.007849588334936887,0.005622729630643936,16.667,15.683,20.471,315.8,0.4
330,oslo_marathon,NOR,2022,0.009803697169949013,153,0.009954429176577894,0.004867631458899664,100,0.0008427702104518063,0.0027776271258801214,0.004504950230125149,0.0177966205099891,0.016832569096589183,0.014389715012761815,14.866,12.652,14.034,315.8,0.4
331,oslo_marathon,NOR,2023,0.009542273440030835,160,0.00934543049816107,0.004560407756586983,100,0.0009095172918461351,0.001104165484517501,0.004513227498093172,0.018366184049948137,0.017251023015008405,0.013071162569021398,14.745,14.805,15.584,315.8,0.4
332,oslo_marathon,NOR,2024,-0.005188238571559076,152,-0.004529067245153758,0.0047058319401635275,100,-0.013050982467667338,-0.012078083687667409,-0.009397009409437293,0.0037455758827263865,0.0027330766490656407,0.0010437023478019043,14.003,14.003,15.33,315.8,0.4
333,oslo_marathon,NOR,2025,-0.00039503686203266886,129,-0.0006432536703182001,0.006036970900247119,100,-0.012289522345155379,-0.01022942356300844,-0.006402914081191292,0.008430805319845793,0.00793352467133661,0.005792714163756268,16.197,16.054,17.368,315.8,0.4
350,zurich_marathon,SUI,2019,-0.024928391580033987,153,-0.0252316894031223,0.005677120557337832,100,-0.03550226311293846,-0.03330820925016101,-0.030945850195592102,-0.012547717290811448,-0.017387460493915464,-0.01965059879755708,5.053,5.236,8.92,57.9,4.1
351,zurich_marathon,SUI,2022,-0.008130936851916654,226,-0.008132863193034356,0.003502262335647279,100,-0.014868638777624872,-0.013747460756277342,-0.011212056119167847,-0.0019388987328210817,-0.0027109592635111133,-0.004814818333085235,4.992,5.669,9.298,57.9,4.1
352,zurich_marathon,SUI,2023,-0.008206126573251593,169,-0.008867773864144439,0.004297289631495374,100,-0.01692869113693443,-0.015496204526146235,-0.013167141113979373,1.9378437281358546e-05,-0.0012950895912808194,-0.00477923189927,12.96,13.414,18.909,57.9,4.1
353,zurich_marathon,SUI,2024,-0.016926344066188703,177,-0.017775831004722104,0.0037126628242515154,100,-0.023489573520618836,-0.021994130680226452,-0.020607483250952855,-0.0096133727289947,-0.010965991789258079,-0.014118160338362964,4.434,4.511,4.926,57.9,4.1
354,zurich_marathon,SUI,2025,-0.021843369520153366,179,-0.02184927524086966,0.003740136288496477,100,-0.029221061140370534,-0.02816612523595283,-0.024823524707100166,-0.014997584723236297,-0.015386053991566884,-0.018072461745090463,13.798,13.016,15.758,57.9,4.1
355,stockholm_marathon,SWE,2014,-0.01706780767983021,502,-0.017432540927886514,0.004049259055229499,100,-0.02471771064238821,-0.024460219045642165,-0.021384715570752836,-0.009464626361071815,-0.010408864649881699,-0.013294032215556585,13.755,14.337,15.027,436.9,-1.0
356,stockholm_marathon,SWE,2015,-0.02359570480502239,569,-0.02346485108473012,0.003301873490298845,100,-0.030401995628786812,-0.02932174279479593,-0.027084179911675922,-0.017895307094059818,-0.018906257326450092,-0.02074353493622996,10.353,10.229,10.707,436.9,-1.0
357,stockholm_marathon,SWE,2016,0.001989067255553395,605,0.0012979623195528978,0.003204787382384116,100,-0.005738800699415825,-0.0035788999803939444,-0.0015536608329475743,0.007422818323036694,0.0057657668730170695,0.004381628293464736,16.092,13.706,13.854,436.9,-1.0
358,stockholm_marathon,SWE,2017,0.0031524057402693706,651,0.003007616776636482,0.003067492341604879,100,-0.0036454968974781858,-0.0024257773795455773,-0.0002880844063975613,0.007449634242194762,0.007260312576339735,0.005482327856400225,14.26,12.499,12.745,436.9,-1.0
359,stockholm_marathon,SWE,2018,0.0558611096399437,551,0.05577451040375109,0.0028112337805762614,100,0.05033785534214359,0.05079456341112678,0.05354101778859908,0.06019319040734497,0.05954565856827908,0.05849346356640413,23.915,21.872,22.325,436.9,-1.0
360,stockholm_marathon,SWE,2019,-0.0054334809048938865,1483,-0.005609310732176595,0.0022409625067514715,100,-0.009977287019706767,-0.009587041360517615,-0.007804035380547163,-0.002354588660379708,-0.002568637597972996,-0.003733615119509613,13.277,11.745,15.041,436.9,-1.0
361,stockholm_marathon,SWE,2021,0.0012412954132376558,1387,0.000597280904786503,0.0018800774544265638,100,-0.0031417095730048024,-0.002502376510834561,-0.001033482910780521,0.003979481268127882,0.003672285983348747,0.002502686733478938,13.28,12.708,13.153,436.9,-1.0
362,stockholm_marathon,SWE,2022,0.03941977817743486,1614,0.0390977579390549,0.002035368163899381,100,0.03553443712799339,0.036056759025268205,0.03699336777742686,0.04284046967300037,0.04247759089755024,0.04096160679013018,18.288,16.908,17.177,436.9,-1.0
363,stockholm_marathon,SWE,2023,0.026641530551943987,1584,0.026213584745042637,0.002078050363414963,100,0.02238396516393425,0.023359160173065645,0.02456066839604895,0.030661903991457583,0.02962553834019677,0.028589955746930067,17.522,14.563,15.508,170.8,0.1
364,stockholm_marathon,SWE,2024,0.0868429252853654,1511,0.0867373012417242,0.0022323914839756922,100,0.08205089664125129,0.08315259070389021,0.08428547235237971,0.09089614302418854,0.09019161839680087,0.08859795268128602,22.863,20.999,21.534,170.8,0.1
365,stockholm_marathon,SWE,2025,0.024745058423334326,1332,0.024414528591811417,0.002350027876967784,100,0.02040736073097431,0.020783524516972077,0.022149749312792066,0.02910788992152523,0.028311619914609384,0.026791092368979006,16.658,13.71,14.036,171.0,-0.7
366,boston_marathon,USA,2014,-0.030072469915584196,810,-0.029885840714865126,0.002500804599972381,100,-0.034965807001222905,-0.03432522704856539,-0.03288662559694575,-0.02549792754175239,-0.026327851844722142,-0.027434497429493058,15.894,11.731,14.182,198.7,-131.4
367,boston_marathon,USA,2015,-0.040789668050305955,1223,-0.040950297719916234,0.002194039366153667,100,-0.0462534757433302,-0.04459953864010225,-0.043191598458037564,-0.03761141489193318,-0.0380394237798084,-0.03899140747789349,7.812,6.697,8.085,198.7,-131.4
368,boston_marathon,USA,2016,0.009768806629628993,1343,0.009459125506882146,0.0018648983341767993,100,0.00574467957278034,0.006489156928653418,0.007508724599539265,0.013351977647002982,0.01230810719316238,0.011149432970642281,18.85,15.043,15.348,198.7,-131.4
369,boston_marathon,USA,2017,0.02635360556919484,1910,0.02604879486517167,0.0016285953351091935,100,0.023174683791310234,0.02356648738278119,0.02447828000437028,0.0288033571408013,0.028533657825251944,0.02782583535240011,21.943,16.924,18.748,198.7,-131.4
370,boston_marathon,USA,2018,0.027629271129707186,2309,0.027426738702329194,0.0015203444254486428,100,0.024514118734354256,0.025394121275446956,0.025901694520201118,0.030261348341565318,0.029905485259041725,0.028932968320111083,6.328,6.067,11.211,198.7,-131.4
371,boston_marathon,USA,2019,0.021159482857339845,3059,0.021059503248989794,0.0013158261849338425,100,0.017950972010201953,0.01858745335414416,0.01966032376367496,0.022946929880062916,0.02280445870567971,0.022264735950285254,16.199,15.457,16.426,198.7,-131.4
372,boston_marathon,USA,2021,0.0006495207444136702,1192,0.0006435428187133579,0.0018116045673468527,100,-0.0026572103979234677,-0.002233381057419201,-0.0013092381100288674,0.0036096738475728447,0.0033336044233747016,0.0023417496554680047,19.467,19.233,20.621,198.7,-131.4
373,boston_marathon,USA,2022,-0.00015893069601370657,4480,-0.00033271870977113344,0.0010228684743597615,100,-0.0024065964512385587,-0.0017201376480399434,-0.0012762308963554393,0.0015319475240580778,0.001392311063333277,0.0007804159115961584,11.195,8.902,9.912,198.7,-131.4
374,boston_marathon,USA,2023,-0.011338082720573114,3703,-0.011464102955037414,0.0012170124098925038,100,-0.013706903506698998,-0.013246516966572553,-0.012761633032451128,-0.009038388402574279,-0.00915238767560238,-0.01034083636836522,11.95,12.472,13.596,198.7,-131.4
375,boston_marathon,USA,2024,0.04006702866271761,3413,0.0401296827770523,0.0013490812603680108,100,0.03761581951563751,0.03822564181170132,0.03893860902993559,0.04318954028066027,0.0425537794981512,0.04136810390288483,18.926,16.303,16.698,198.7,-131.4
376,boston_marathon,USA,2025,-0.002561580624538165,3744,-0.00265097748584861,0.0012674414043600888,100,-0.005096089480365325,-0.004957021363269421,-0.00399426123112998,-0.00020970082095772875,-0.0005627761995271593,-0.0014264083709640543,13.095,10.256,11.679,198.7,-131.4
377,chicago_marathon,USA,2014,-0.046480046763339694,2394,-0.04669967687700936,0.001883923604925608,100,-0.049931557056165594,-0.04949849284914487,-0.04869737402560246,-0.042744910473278636,-0.04371460072734397,-0.04463868263969065,10.39,9.58,13.933,36.0,2.3
378,chicago_marathon,USA,2015,-0.020203908860010694,2956,-0.02046222618271358,0.0016871197805879928,100,-0.023248716556438342,-0.022840739207484986,-0.022026730446752393,-0.01729627375375296,-0.01764960587683982,-0.01847596113515131,16.317,14.234,20.557,36.0,2.3
379,chicago_marathon,USA,2016,-0.02307003059582359,4012,-0.02337099291780203,0.0012116440155197352,100,-0.025116916918107576,-0.02488906458871378,-0.02449520664224426,-0.02066221661628575,-0.0214326815600283,-0.022156465416941593,13.516,12.416,14.996,36.0,2.3
380,chicago_marathon,USA,2017,0.011570113217408542,5174,0.011312328646580235,0.0012316537679294274,100,0.009142062335472503,0.009330736878090575,0.010047337777760254,0.014152407044859117,0.013257962863739235,0.012541805350212059,17.958,16.897,21.947,36.0,2.3
381,chicago_marathon,USA,2018,-0.008225007799147255,6476,-0.008402993235241638,0.001022629027734835,100,-0.010097834867835796,-0.00997445692692264,-0.009432285090103147,-0.006372372871768014,-0.006864882175817967,-0.007478295753701378,14.438,14.152,14.947,36.0,2.3
382,chicago_marathon,USA,2019,-0.020241865198602285,6889,-0.020404162407376032,0.0010009344723465525,100,-0.02229682703737485,-0.022102332155294578,-0.02142753853211766,-0.01837573244922212,-0.018992832130087088,-0.019501922004893785,7.853,6.059,9.093,36.0,2.3
383,chicago_marathon,USA,2021,0.030991368133625047,2886,0.030828334013954115,0.0014695806101518987,100,0.02816679460027056,0.028383991349193772,0.028935854824407303,0.03326135150119678,0.03294161697779998,0.03208450032572473,22.386,21.479,23.012,36.0,2.3
384,chicago_marathon,USA,2022,-0.007643242267566713,5990,-0.00781551697604272,0.0008576259392490468,100,-0.009295013417029863,-0.009030548646021447,-0.008627251577895156,-0.005927295882036491,-0.006292957465629707,-0.007065094920889422,12.109,9.619,16.053,36.0,2.3
385,chicago_marathon,USA,2023,-0.01958903571901427,6749,-0.01965548421143791,0.0008775981462323212,100,-0.02138312000687441,-0.020878666917543875,-0.02063167603524467,-0.018041823015372212,-0.01823291974363822,-0.018721530805900197,10.142,8.437,10.818,36.0,2.3
386,chicago_marathon,USA,2024,-0.006782592920802577,4549,-0.0069484716416868125,0.001035809578489175,100,-0.008878689477175216,-0.008581288096664365,-0.00796544383133661,-0.005003472115359881,-0.005449169681736174,-0.0061145955900101115,14.998,13.969,15.886,36.0,2.3
387,chicago_marathon,USA,2025,-0.0025279992030896037,2991,-0.00259985876914336,0.0016101904249602019,100,-0.005712536410308926,-0.005092945220228349,-0.004249276020398165,0.00036494088453824887,-0.00013001285973514371,-0.0008176433358965677,14.269,13.681,17.536,36.0,2.3
388,nyc_marathon,USA,2014,-0.014412410409015336,5305,-0.014526515743764942,0.0015317784932985603,100,-0.01733956476376192,-0.017013478771813254,-0.01607057176601351,-0.011648287255452383,-0.012114841083733197,-0.013055881134329464,7.363,5.342,6.959,242.3,-7.5
389,nyc_marathon,USA,2015,0.010573446677276277,6511,0.010623445030065097,0.001194105540786114,100,0.008510943262785379,0.008775204678462259,0.009308471419531304,0.013330203848290504,0.012839831208140057,0.01162760982672607,14.26,12.531,16.496,242.3,-7.5
390,nyc_marathon,USA,2016,0.0144209969781295,7905,0.01432004671814132,0.0009996874280732895,100,0.012425764438858655,0.012757630572435352,0.013256186153245841,0.016362114585715078,0.015961940835405503,0.0150721131914877,12.937,10.299,10.861,242.3,-7.5
391,nyc_marathon,USA,2017,0.01589798848504409,8844,0.015568506822415687,0.0010287225346172436,100,0.013906392151355512,0.014079485675432744,0.014765083619232545,0.01765956771717942,0.017572845904989077,0.016695699610618515,13.675,13.052,14.598,242.3,-7.5
392,nyc_marathon,USA,2018,0.02112742291489035,9749,0.020962231893919235,0.0008669539154931749,100,0.019378224957941396,0.01955474671144123,0.020076599958553397,0.022904586373549248,0.02235615718803691,0.021554434660948564,11.936,11.447,12.803,242.3,-7.5
393,nyc_marathon,USA,2019,0.016380662337471208,10467,0.01618377991533808,0.000985200351373884,100,0.014426042231191996,0.014672626110108007,0.015089307072301076,0.01814563819206317,0.017822940023685833,0.01715742696596866,9.356,8.087,10.096,242.3,-7.5
394,nyc_marathon,USA,2021,0.016515503082853406,6555,0.016264033172573564,0.0010449151280749944,100,0.01422964730225509,0.014339749015642759,0.015421566321502508,0.018229977575498185,0.01785314994900811,0.01722286659914636,8.636,8.445,11.536,242.3,-7.5
395,nyc_marathon,USA,2022,0.08021973667892492,9287,0.08012201216122301,0.0009003177488076092,100,0.07834168721560354,0.07863873091317455,0.07909890840415972,0.08176926777339057,0.08156695420945738,0.08093627358389245,21.292,20.439,21.637,242.3,-7.5
396,nyc_marathon,USA,2023,0.035070549437415124,8557,0.034835908103265936,0.0010435725999352378,100,0.03281313458775829,0.03301878001380761,0.0338098856854746,0.036777685327026535,0.03644527244072517,0.03586382108177665,14.502,14.055,15.975,242.3,-7.5
397,nyc_marathon,USA,2024,0.017278574451150247,7728,0.017138047572061766,0.001178554738489134,100,0.015249550672203462,0.01533939773140316,0.016112567180844754,0.019911149276003962,0.01898606757137558,0.01816186539162318,9.384,8.314,10.493,242.3,-7.5
398,nyc_marathon,USA,2025,0.026449598206766983,7187,0.026310065558700108,0.001234285971375063,100,0.024198615394045414,0.024645106802121067,0.02505816609332606,0.029371009293104804,0.028449176602919166,0.027432882162060773,11.717,11.441,13.305,242.3,-7.5
