race_id,competition_id,series_key,country,year,course_id,temp_field,wbgt_field,wbgt_max,total_gain_m,net_gain_m
224,2994848015,HK_marathon,HKG,2018,,,,,,
225,3838380702,HK_marathon,HKG,2019,,,,,,
228,3736919065,HK_marathon,HKG,2024,,,,,,
229,2952046372,HK_marathon,HKG,2025,,,,,,
92,1777922628,abingdon_marathon,GBR,2022,1.0,14.792,14.842,18.362,84.4,-0.2
93,3346546159,abingdon_marathon,GBR,2023,1.0,10.069,10.063,13.255,84.4,-0.2
94,1921981043,abingdon_marathon,GBR,2024,1.0,14.141,13.591,16.579,84.4,-0.2
95,2363542723,abingdon_marathon,GBR,2025,1.0,13.253,12.744,14.438,84.4,-0.2
302,680430982,amsterdam_marathon,NED,2016,1.0,12.068,11.531,16.729,41.3,0.9
303,2834852523,amsterdam_marathon,NED,2017,1.0,15.297,15.222,20.28,41.3,0.9
304,1252737849,amsterdam_marathon,NED,2018,1.0,12.022,10.92,14.277,41.3,0.9
305,3828059282,amsterdam_marathon,NED,2019,1.0,10.78,10.935,14.023,41.3,0.9
306,2369528365,amsterdam_marathon,NED,2021,1.0,10.584,9.306,11.616,41.3,0.9
307,2335857687,amsterdam_marathon,NED,2022,1.0,14.703,13.713,16.068,41.3,0.9
308,189578042,amsterdam_marathon,NED,2023,1.0,8.617,8.069,9.755,41.3,0.9
309,837634668,amsterdam_marathon,NED,2024,1.0,14.5,13.909,15.135,41.3,0.9
310,3481443548,amsterdam_marathon,NED,2025,1.0,9.056,8.503,13.671,41.3,0.9
222,4216120418,athens_marathon,GRE,2024,1.0,14.691,12.467,14.226,318.5,56.4
223,30860015,athens_marathon,GRE,2025,1.0,21.186,20.707,22.345,318.5,56.4
45,1503545471,barcelona_marathon,ESP,2021,1.0,10.839,8.969,15.38,135.7,0.6
46,1237978925,barcelona_marathon,ESP,2022,1.0,19.609,18.584,19.987,135.7,0.6
47,3887402584,barcelona_marathon,ESP,2023,1.0,14.132,13.575,16.164,135.7,0.6
48,3491215129,barcelona_marathon,ESP,2024,2.0,10.859,9.48,12.847,121.9,-16.9
49,452334971,barcelona_marathon,ESP,2025,2.0,9.685,9.76,13.01,121.9,-16.9
96,521474854,belfast_marathon,GBR,2014,1.0,10.736,10.111,11.69,146.5,-27.3
97,2979388557,belfast_marathon,GBR,2015,1.0,11.457,10.684,12.041,146.5,-27.3
98,3555905406,belfast_marathon,GBR,2016,1.0,10.585,9.372,9.749,146.5,-27.3
99,1401170003,belfast_marathon,GBR,2017,1.0,11.945,12.034,15.17,146.5,-27.3
100,1947636292,belfast_marathon,GBR,2018,1.0,12.837,12.938,16.599,146.5,-27.3
102,863358528,belfast_marathon,GBR,2021,1.0,11.856,11.082,12.348,146.5,-27.3
103,1238049322,belfast_marathon,GBR,2022,1.0,10.713,10.994,14.205,146.5,-27.3
104,2547587821,belfast_marathon,GBR,2023,1.0,12.494,12.806,16.26,146.5,-27.3
105,920496084,belfast_marathon,GBR,2024,1.0,12.472,12.776,14.646,146.5,-27.3
106,2556258431,belfast_marathon,GBR,2025,1.0,10.234,9.005,9.936,146.5,-27.3
176,3443598704,berlin_marathon,GER,2014,1.0,14.167,14.204,19.39,50.6,0.9
177,2869113161,berlin_marathon,GER,2015,1.0,12.961,12.434,14.239,50.6,0.9
178,2491970486,berlin_marathon,GER,2016,1.0,17.458,15.935,19.074,50.6,0.9
179,973650973,berlin_marathon,GER,2017,1.0,14.719,14.716,16.578,50.6,0.9
180,2873224197,berlin_marathon,GER,2018,1.0,18.316,16.52,17.785,50.6,0.9
181,640959295,berlin_marathon,GER,2019,1.0,14.746,13.655,14.892,50.6,0.9
182,533525659,berlin_marathon,GER,2021,1.0,20.978,19.769,22.248,50.6,0.9
183,926720551,berlin_marathon,GER,2022,1.0,14.222,13.772,16.56,50.6,0.9
184,2579262860,berlin_marathon,GER,2023,1.0,15.618,14.966,17.15,50.6,0.9
185,4092757441,berlin_marathon,GER,2024,1.0,11.793,11.006,12.208,50.6,0.9
186,4057070641,berlin_marathon,GER,2025,1.0,25.022,22.578,24.224,50.6,0.9
107,3838960869,bostonUK_marathon,GBR,2021,1.0,12.005,12.411,17.209,12.8,-2.7
108,3328156821,bostonUK_marathon,GBR,2022,1.0,11.648,11.298,13.666,12.8,-2.7
109,3076957423,bostonUK_marathon,GBR,2023,1.0,10.12,10.767,14.524,12.8,-2.7
110,261278564,bostonUK_marathon,GBR,2024,1.0,7.655,7.055,7.762,12.8,-2.7
111,3742053714,bostonUK_marathon,GBR,2025,1.0,12.141,11.34,13.49,12.8,-2.7
366,529839864,boston_marathon,USA,2014,1.0,15.894,11.731,14.182,198.7,-131.4
367,2970909011,boston_marathon,USA,2015,1.0,7.812,6.697,8.085,198.7,-131.4
368,4035316273,boston_marathon,USA,2016,1.0,18.85,15.043,15.348,198.7,-131.4
369,2529435144,boston_marathon,USA,2017,1.0,21.943,16.924,18.748,198.7,-131.4
370,3577203158,boston_marathon,USA,2018,1.0,6.328,6.067,11.211,198.7,-131.4
371,1430335227,boston_marathon,USA,2019,1.0,16.199,15.457,16.426,198.7,-131.4
372,813491576,boston_marathon,USA,2021,1.0,19.467,19.233,20.621,198.7,-131.4
373,1395841952,boston_marathon,USA,2022,1.0,11.195,8.902,9.912,198.7,-131.4
374,896585625,boston_marathon,USA,2023,1.0,11.95,12.472,13.596,198.7,-131.4
375,2156390405,boston_marathon,USA,2024,1.0,18.926,16.303,16.698,198.7,-131.4
376,2410142178,boston_marathon,USA,2025,1.0,13.095,10.256,11.679,198.7,-131.4
112,2703233590,brighton_marathon,GBR,2022,1.0,9.861,9.206,10.355,140.1,-19.0
113,3656354406,brighton_marathon,GBR,2023,1.0,8.358,7.359,9.358,140.1,-19.0
114,142196787,brighton_marathon,GBR,2024,1.0,13.871,12.57,13.243,140.1,-19.0
115,2801340312,brighton_marathon,GBR,2025,1.0,13.816,11.908,13.054,140.1,-19.0
339,1382956143,cape_town_marathon,RSA,2022,1.0,19.351,18.52,24.051,193.7,-0.2
340,3524844354,cape_town_marathon,RSA,2023,1.0,18.807,16.956,21.806,193.7,-0.2
341,3904449044,cape_town_marathon,RSA,2024,1.0,16.776,14.442,17.847,193.7,-0.2
116,1684466769,chester_marathon,GBR,2016,1.0,10.845,12.039,16.736,182.5,3.5
117,1219738919,chester_marathon,GBR,2017,1.0,13.802,13.652,15.057,182.5,3.5
118,3280122219,chester_marathon,GBR,2018,1.0,8.831,8.784,11.951,182.5,3.5
119,1828880064,chester_marathon,GBR,2019,1.0,13.848,13.667,14.794,182.5,3.5
120,3251913722,chester_marathon,GBR,2021,1.0,12.328,11.576,13.86,182.5,3.5
121,3352444352,chester_marathon,GBR,2022,1.0,14.439,13.795,14.702,182.5,3.5
122,3943132342,chester_marathon,GBR,2023,1.0,17.291,16.496,20.301,182.5,3.5
123,3099899966,chester_marathon,GBR,2024,1.0,12.932,12.444,13.119,182.5,3.5
124,951213843,chester_marathon,GBR,2025,1.0,13.355,11.902,13.416,182.5,3.5
377,921594309,chicago_marathon,USA,2014,1.0,10.39,9.58,13.933,36.0,2.3
378,3063451368,chicago_marathon,USA,2015,1.0,16.317,14.234,20.557,36.0,2.3
379,4093586871,chicago_marathon,USA,2016,1.0,13.516,12.416,14.996,36.0,2.3
380,1568662044,chicago_marathon,USA,2017,1.0,17.958,16.897,21.947,36.0,2.3
381,3595497040,chicago_marathon,USA,2018,1.0,14.438,14.152,14.947,36.0,2.3
382,3717926794,chicago_marathon,USA,2019,1.0,7.853,6.059,9.093,36.0,2.3
383,39275322,chicago_marathon,USA,2021,1.0,22.386,21.479,23.012,36.0,2.3
384,1347157030,chicago_marathon,USA,2022,1.0,12.109,9.619,16.053,36.0,2.3
385,4274729869,chicago_marathon,USA,2023,1.0,10.142,8.437,10.818,36.0,2.3
386,140364148,chicago_marathon,USA,2024,1.0,14.998,13.969,15.886,36.0,2.3
387,2799503071,chicago_marathon,USA,2025,1.0,14.269,13.681,17.536,36.0,2.3
187,485645462,cologne_marathon,GER,2018,1.0,12.637,11.404,13.567,72.2,10.3
188,388480332,cologne_marathon,GER,2019,1.0,19.615,18.632,21.816,72.2,10.3
189,413323325,cologne_marathon,GER,2022,1.0,14.453,14.246,15.961,72.2,10.3
190,2564044560,cologne_marathon,GER,2023,1.0,19.537,18.591,21.997,72.2,10.3
191,1739871683,cologne_marathon,GER,2024,1.0,11.978,11.462,13.532,72.2,10.3
192,3888296686,cologne_marathon,GER,2025,1.0,11.975,11.193,12.236,72.2,10.3
34,2702370315,copenhagen_marathon,DEN,2014,1.0,16.499,15.684,16.175,74.1,3.0
35,367687156,copenhagen_marathon,DEN,2015,1.0,11.692,11.225,13.75,74.1,3.0
36,2005755399,copenhagen_marathon,DEN,2016,1.0,20.279,18.468,19.555,74.1,3.0
37,4160454954,copenhagen_marathon,DEN,2017,1.0,16.071,14.222,15.888,74.1,3.0
38,1722994994,copenhagen_marathon,DEN,2018,1.0,20.425,17.71,18.945,74.1,3.0
39,1248297028,copenhagen_marathon,DEN,2019,1.0,16.402,16.7,19.649,74.1,3.0
40,1534026076,copenhagen_marathon,DEN,2022,1.0,13.659,12.69,14.18,74.1,3.0
41,4126125815,copenhagen_marathon,DEN,2023,1.0,18.556,15.594,16.677,74.1,3.0
42,2522341008,copenhagen_marathon,DEN,2024,1.0,12.899,13.166,14.319,74.1,3.0
43,2642558794,copenhagen_marathon,DEN,2025,1.0,10.909,9.46,11.511,74.1,3.0
230,1297646170,dublin_marathon,IRL,2014,1.0,15.843,15.424,16.015,182.6,-5.2
231,3822603761,dublin_marathon,IRL,2015,1.0,12.993,11.937,13.28,182.6,-5.2
232,1853699388,dublin_marathon,IRL,2016,1.0,11.236,10.828,14.674,182.6,-5.2
233,2498180017,dublin_marathon,IRL,2017,1.0,12.015,10.973,11.716,182.6,-5.2
234,3608470639,dublin_marathon,IRL,2018,1.0,7.076,6.082,8.623,182.6,-5.2
235,2975264854,dublin_marathon,IRL,2019,1.0,6.17,5.94,10.144,182.6,-5.2
236,3452560557,dublin_marathon,IRL,2022,1.0,13.51,12.468,14.174,182.6,-5.2
237,928244256,dublin_marathon,IRL,2023,1.0,9.522,9.304,12.094,182.6,-5.2
238,1687172776,dublin_marathon,IRL,2024,1.0,7.771,6.44,10.384,182.6,-5.2
239,3390109955,dublin_marathon,IRL,2025,1.0,7.758,6.893,11.595,182.6,-5.2
125,2204774558,edinburgh_marathon,GBR,2014,1.0,12.293,12.784,13.245,73.4,-79.4
126,2294272324,edinburgh_marathon,GBR,2015,1.0,10.213,9.198,9.827,73.4,-79.4
127,3453514267,edinburgh_marathon,GBR,2016,1.0,12.853,13.661,14.655,73.4,-79.4
128,1666760112,edinburgh_marathon,GBR,2017,1.0,16.805,16.13,17.929,73.4,-79.4
129,3899240956,edinburgh_marathon,GBR,2018,1.0,13.954,13.803,15.188,73.4,-79.4
130,1189707351,edinburgh_marathon,GBR,2019,1.0,13.86,13.425,13.586,73.4,-79.4
131,1852613514,edinburgh_marathon,GBR,2022,1.0,11.693,10.224,11.068,73.4,-79.4
132,3236719649,edinburgh_marathon,GBR,2023,1.0,12.244,11.257,12.938,73.4,-79.4
133,2469378217,edinburgh_marathon,GBR,2024,1.0,12.902,13.292,15.558,73.4,-79.4
134,324624260,edinburgh_marathon,GBR,2025,1.0,13.363,11.82,12.465,73.4,-79.4
311,1602354248,eindhoven_marathon,NED,2017,1.0,13.525,13.494,14.329,30.9,-1.9
312,50309119,eindhoven_marathon,NED,2018,1.0,20.692,18.049,20.09,30.9,-1.9
313,3747942878,eindhoven_marathon,NED,2019,1.0,19.451,18.789,21.092,30.9,-1.9
314,11097454,eindhoven_marathon,NED,2021,1.0,10.498,11.91,15.871,30.9,-1.9
315,1387651698,eindhoven_marathon,NED,2022,1.0,12.196,11.715,15.282,30.9,-1.9
316,4231343577,eindhoven_marathon,NED,2023,1.0,16.849,17.101,18.614,30.9,-1.9
317,178509600,eindhoven_marathon,NED,2024,1.0,10.719,9.557,10.766,30.9,-1.9
318,2753763467,eindhoven_marathon,NED,2025,1.0,14.375,13.312,14.402,30.9,-1.9
240,3407445708,florence_marathon,ITA,2024,1.0,7.717,5.996,11.342,66.0,1.1
241,3234635542,florence_marathon,ITA,2025,1.0,4.137,2.746,10.99,66.0,1.1
193,2744310321,frankfurt_marathon,GER,2015,1.0,12.927,12.451,13.999,77.9,-1.0
194,398106169,frankfurt_marathon,GER,2016,1.0,9.092,9.718,13.612,77.9,-1.0
195,3978336436,frankfurt_marathon,GER,2017,1.0,11.633,9.577,9.823,77.9,-1.0
196,2933084010,frankfurt_marathon,GER,2018,1.0,6.504,4.679,5.077,77.9,-1.0
197,3364969299,frankfurt_marathon,GER,2019,1.0,13.797,13.035,13.587,77.9,-1.0
198,3020836776,frankfurt_marathon,GER,2022,1.0,17.101,16.338,19.468,77.9,-1.0
199,1318340901,frankfurt_marathon,GER,2023,1.0,12.654,12.478,13.202,77.9,-1.0
200,492281261,frankfurt_marathon,GER,2024,1.0,12.892,12.978,15.099,77.9,-1.0
201,3017232902,frankfurt_marathon,GER,2025,1.0,8.085,6.566,7.954,77.9,-1.0
1,244404183,goldcoast_marathon,AUS,2025,2.0,17.605,16.65,21.367,45.5,-4.5
202,2998712420,hamburg_marathon,GER,2018,1.0,15.4,14.613,15.684,117.1,0.0
203,473724879,hamburg_marathon,GER,2019,1.0,8.453,7.952,8.627,117.1,0.0
204,449527753,hamburg_marathon,GER,2021,1.0,18.665,18.31,19.529,117.1,0.0
205,221550295,hamburg_marathon,GER,2022,1.0,10.73,9.456,11.088,117.1,0.0
206,3501072630,hamburg_marathon,GER,2023,1.0,12.532,11.968,15.345,117.1,0.0
207,3388649777,hamburg_marathon,GER,2024,1.0,17.439,15.195,17.062,117.1,0.0
208,2948113672,hamburg_marathon,GER,2025,1.0,13.538,11.101,13.889,117.1,0.0
209,3253461275,hannover_marathon,GER,2018,1.0,16.56,14.226,18.96,27.4,1.5
210,2812933410,hannover_marathon,GER,2019,1.0,13.805,12.484,15.733,27.4,1.5
211,226080290,hannover_marathon,GER,2022,1.0,3.025,2.405,6.001,27.4,1.5
212,2390233399,hannover_marathon,GER,2023,2.0,8.125,7.779,9.371,28.4,2.0
213,2753586215,hannover_marathon,GER,2024,2.0,13.351,11.464,12.325,28.4,2.0
214,3706715255,hannover_marathon,GER,2025,2.0,6.566,5.097,7.412,28.4,2.0
334,420046955,lisbon_marathon,POR,2021,1.0,19.214,19.45,21.441,147.3,-5.4
335,796177086,lisbon_marathon,POR,2022,1.0,17.761,17.595,20.456,147.3,-5.4
336,2180283669,lisbon_marathon,POR,2023,1.0,21.479,20.085,24.273,147.3,-5.4
337,3526863261,lisbon_marathon,POR,2024,1.0,20.838,20.7,22.319,147.3,-5.4
338,1454677645,lisbon_marathon,POR,2025,1.0,19.657,19.488,20.875,147.3,-5.4
135,1851294741,london_marathon,GBR,2014,1.0,12.81,11.266,13.481,83.1,-33.9
136,1979949489,london_marathon,GBR,2015,1.0,8.734,8.249,9.008,83.1,-33.9
137,1233707854,london_marathon,GBR,2016,1.0,7.734,6.218,7.842,83.1,-33.9
138,2484229487,london_marathon,GBR,2017,1.0,12.09,10.496,12.632,83.1,-33.9
139,3621880497,london_marathon,GBR,2018,1.0,20.906,18.97,19.564,83.1,-33.9
140,4214543303,london_marathon,GBR,2019,1.0,11.556,10.446,11.436,83.1,-33.9
141,2564796809,london_marathon,GBR,2020,1.0,9.28,8.716,9.433,83.1,-33.9
142,1162151848,london_marathon,GBR,2021,1.0,13.412,12.603,14.45,83.1,-33.9
143,1128495506,london_marathon,GBR,2022,1.0,15.086,14.489,16.321,83.1,-33.9
144,933659902,london_marathon,GBR,2023,1.0,12.21,12.191,12.609,83.1,-33.9
145,2186388322,london_marathon,GBR,2024,1.0,10.057,8.092,9.502,83.1,-33.9
146,1219494144,london_marathon,GBR,2025,1.0,17.497,17.159,18.2,83.1,-33.9
50,1195260006,madrid_marathon,ESP,2021,1.0,15.84,15.931,20.759,318.4,-25.9
51,3860495223,madrid_marathon,ESP,2022,1.0,9.696,9.078,14.399,318.4,-25.9
52,998296918,madrid_marathon,ESP,2023,1.0,14.093,12.371,18.153,318.4,-25.9
53,584342673,madrid_marathon,ESP,2024,1.0,10.56,9.998,13.257,318.4,-25.9
54,1150699688,madrid_marathon,ESP,2025,1.0,13.018,11.307,16.558,318.4,-25.9
55,4107507311,malaga_marathon,ESP,2018,1.0,13.3,12.901,19.087,291.4,-0.1
56,1155454381,malaga_marathon,ESP,2019,1.0,12.077,10.722,17.287,291.4,-0.1
57,3338584081,malaga_marathon,ESP,2021,1.0,14.346,12.758,17.877,291.4,-0.1
58,3993933485,malaga_marathon,ESP,2022,1.0,17.222,16.685,20.864,291.4,-0.1
59,1083070726,malaga_marathon,ESP,2023,1.0,13.839,12.678,20.465,291.4,-0.1
60,2434274131,malaga_marathon,ESP,2024,1.0,11.286,10.12,16.905,291.4,-0.1
61,1066982648,malaga_marathon,ESP,2025,1.0,15.064,13.876,16.603,291.4,-0.1
147,3682681383,manchester_marathon,GBR,2019,2.0,9.571,9.02,13.298,72.1,-3.1
148,1760812639,manchester_marathon,GBR,2021,3.0,14.676,13.915,14.543,89.9,-2.8
149,1901134119,manchester_marathon,GBR,2022,3.0,7.231,6.658,7.896,89.9,-2.8
150,1845490878,manchester_marathon,GBR,2023,3.0,10.689,9.811,11.356,89.9,-2.8
151,3624456994,manchester_marathon,GBR,2024,3.0,10.985,9.845,10.579,89.9,-2.8
152,3007942412,manchester_marathon,GBR,2025,4.0,16.316,15.205,16.878,84.4,6.5
2,902787025,melbourne_marathon,AUS,2014,1.0,16.222,15.396,23.34,108.3,3.5
3,421150375,melbourne_marathon,AUS,2015,1.0,14.411,13.243,16.548,108.3,3.5
4,3232075596,melbourne_marathon,AUS,2016,1.0,18.57,15.805,19.007,108.3,3.5
5,1087596641,melbourne_marathon,AUS,2017,1.0,12.39,12.419,18.769,108.3,3.5
6,52477887,melbourne_marathon,AUS,2018,1.0,19.584,16.853,21.102,108.3,3.5
7,3736734110,melbourne_marathon,AUS,2019,1.0,14.092,13.209,18.789,108.3,3.5
8,3283876663,melbourne_marathon,AUS,2021,1.0,15.786,15.774,21.971,108.3,3.5
9,3510592751,melbourne_marathon,AUS,2022,1.0,10.689,11.294,16.42,108.3,3.5
10,3815225840,melbourne_marathon,AUS,2023,1.0,12.795,11.518,14.709,108.3,3.5
11,192728928,melbourne_marathon,AUS,2024,1.0,16.16,13.506,18.71,108.3,3.5
12,2784755915,melbourne_marathon,AUS,2025,1.0,12.314,11.365,15.031,108.3,3.5
242,302016165,milan_marathon,ITA,2022,1.0,7.992,7.154,10.8,63.2,-1.0
243,3162548494,milan_marathon,ITA,2023,1.0,12.652,11.635,17.182,63.2,-1.0
244,1830216539,milan_marathon,ITA,2024,1.0,16.399,16.302,21.775,63.2,-1.0
245,3281399024,milan_marathon,ITA,2025,1.0,15.645,14.206,17.063,63.2,-1.0
153,1171458012,milton_keynes_marathon,GBR,2014,1.0,13.914,13.053,14.911,191.5,-8.3
154,3948136567,milton_keynes_marathon,GBR,2015,1.0,13.043,11.831,14.742,191.5,-8.3
155,2301942660,milton_keynes_marathon,GBR,2016,1.0,13.889,13.127,14.614,191.5,-8.3
156,155335849,milton_keynes_marathon,GBR,2017,1.0,11.197,11.217,12.341,191.5,-8.3
157,785417918,milton_keynes_marathon,GBR,2018,1.0,21.834,19.594,22.081,191.5,-8.3
158,2152745237,milton_keynes_marathon,GBR,2019,1.0,9.281,8.022,9.843,191.5,-8.3
159,33630190,milton_keynes_marathon,GBR,2021,1.0,15.258,15.399,17.924,191.5,-8.3
160,713034261,milton_keynes_marathon,GBR,2022,1.0,12.699,12.512,14.054,191.5,-8.3
161,2868309304,milton_keynes_marathon,GBR,2023,1.0,13.207,13.306,14.99,191.5,-8.3
162,1435930603,milton_keynes_marathon,GBR,2024,1.0,14.056,14.45,15.15,191.5,-8.3
163,3588253894,milton_keynes_marathon,GBR,2025,1.0,10.4,8.922,10.698,191.5,-8.3
215,2009472988,munich_marathon,GER,2018,1.0,15.906,14.385,18.719,77.9,1.1
216,2858199549,munich_marathon,GER,2019,1.0,15.719,14.848,20.404,77.9,1.1
217,1972432205,munich_marathon,GER,2021,1.0,6.144,5.902,10.999,77.9,1.1
218,663509585,munich_marathon,GER,2022,1.0,9.58,9.808,12.753,77.9,1.1
219,2299303418,munich_marathon,GER,2023,1.0,17.655,14.552,16.957,77.9,1.1
220,2140827395,munich_marathon,GER,2024,1.0,13.397,12.218,12.963,77.9,1.1
221,3508183208,munich_marathon,GER,2025,1.0,11.879,11.978,12.755,77.9,1.1
164,3061562093,newport_marathon,GBR,2018,1.0,8.062,7.753,9.05,55.4,0.2
165,1994657347,newport_marathon,GBR,2019,1.0,10.188,9.322,10.33,55.4,0.2
166,3323862237,newport_marathon,GBR,2021,1.0,12.864,12.166,13.604,55.4,0.2
167,1976163379,newport_marathon,GBR,2023,1.0,11.589,10.62,11.712,55.4,0.2
168,3443372984,newport_marathon,GBR,2024,2.0,9.426,8.55,10.963,24.4,-0.1
169,497307022,newport_marathon,GBR,2025,2.0,12.168,10.849,11.738,24.4,-0.1
388,4060389817,nyc_marathon,USA,2014,1.0,7.363,5.342,6.959,242.3,-7.5
389,1920091796,nyc_marathon,USA,2015,1.0,14.26,12.531,16.496,242.3,-7.5
390,124666148,nyc_marathon,USA,2016,1.0,12.937,10.299,10.861,242.3,-7.5
391,2266539529,nyc_marathon,USA,2017,1.0,13.675,13.052,14.598,242.3,-7.5
392,3303764439,nyc_marathon,USA,2018,1.0,11.936,11.447,12.803,242.3,-7.5
393,426887158,nyc_marathon,USA,2019,1.0,9.356,8.087,10.096,242.3,-7.5
394,2732387983,nyc_marathon,USA,2021,1.0,8.636,8.445,11.536,242.3,-7.5
395,2765787317,nyc_marathon,USA,2022,1.0,21.292,20.439,21.637,242.3,-7.5
396,615282584,nyc_marathon,USA,2023,1.0,14.502,14.055,15.975,242.3,-7.5
397,3434545416,nyc_marathon,USA,2024,1.0,9.384,8.314,10.493,242.3,-7.5
398,1647824547,nyc_marathon,USA,2025,1.0,11.717,11.441,13.305,242.3,-7.5
326,2828819676,oslo_marathon,NOR,2016,1.0,16.133,14.866,17.241,315.8,0.4
327,102536055,oslo_marathon,NOR,2017,1.0,14.624,14.065,16.106,315.8,0.4
328,1796828207,oslo_marathon,NOR,2018,1.0,13.552,12.232,14.439,315.8,0.4
329,1681481160,oslo_marathon,NOR,2019,1.0,16.667,15.683,20.471,315.8,0.4
330,187206989,oslo_marathon,NOR,2022,1.0,14.866,12.652,14.034,315.8,0.4
331,2779267814,oslo_marathon,NOR,2023,1.0,14.745,14.805,15.584,315.8,0.4
332,2986318646,oslo_marathon,NOR,2024,1.0,14.003,14.003,15.33,315.8,0.4
333,528438429,oslo_marathon,NOR,2025,1.0,16.197,16.054,17.368,315.8,0.4
81,1941795527,paris_marathon,FRA,2014,1.0,14.835,13.913,16.66,285.6,2.1
82,2020119325,paris_marathon,FRA,2015,1.0,11.103,10.665,15.892,285.6,2.1
83,2444002841,paris_marathon,FRA,2016,1.0,14.318,14.213,18.656,285.6,2.1
84,3178878831,paris_marathon,FRA,2017,2.0,15.256,14.389,21.193,123.8,3.7
85,4270457009,paris_marathon,FRA,2018,2.0,15.958,15.139,18.166,123.8,3.7
86,1317487475,paris_marathon,FRA,2019,3.0,5.241,4.685,7.794,131.0,7.6
87,1339811129,paris_marathon,FRA,2021,4.0,9.41,8.907,14.137,125.9,4.0
88,840456072,paris_marathon,FRA,2022,4.0,4.287,3.097,5.977,125.9,4.0
89,2627246115,paris_marathon,FRA,2023,5.0,8.264,7.568,8.863,137.8,10.2
90,1292817014,paris_marathon,FRA,2024,5.0,16.327,15.432,17.737,137.8,10.2
91,1188770732,paris_marathon,FRA,2025,6.0,14.27,13.499,15.277,132.9,4.4
24,3102160461,prague_marathon,CZE,2014,1.0,13.814,12.535,13.238,104.4,-0.3
25,3223891485,prague_marathon,CZE,2015,1.0,12.827,12.309,15.633,104.4,-0.3
26,1392532153,prague_marathon,CZE,2016,1.0,16.365,14.102,16.487,104.4,-0.3
27,893537920,prague_marathon,CZE,2017,1.0,13.649,13.709,16.363,104.4,-0.3
28,1991350622,prague_marathon,CZE,2018,1.0,15.431,12.817,16.493,104.4,-0.3
29,4140269171,prague_marathon,CZE,2019,1.0,5.514,4.911,7.802,104.4,-0.3
30,4038363944,prague_marathon,CZE,2022,1.0,16.381,15.7,17.36,104.4,-0.3
31,2532744977,prague_marathon,CZE,2023,1.0,11.713,11.189,13.54,104.4,-0.3
32,587315341,prague_marathon,CZE,2024,1.0,17.917,17.141,18.564,104.4,-0.3
33,2374072102,prague_marathon,CZE,2025,1.0,11.632,10.683,13.472,104.4,-0.3
246,1525122469,rome_marathon,ITA,2021,1.0,24.307,23.17,25.58,92.0,-4.2
247,2186831660,rome_marathon,ITA,2022,1.0,15.756,13.364,18.124,92.0,-4.2
248,408345685,rome_marathon,ITA,2023,1.0,12.705,12.515,15.644,92.0,-4.2
249,1268058333,rome_marathon,ITA,2024,1.0,13.412,13.811,19.673,92.0,-4.2
250,3843409782,rome_marathon,ITA,2025,1.0,12.881,11.527,13.025,92.0,-4.2
319,4142491304,rotterdam_marathon,NED,2018,1.0,15.882,16.536,19.578,56.1,-3.3
320,2427155089,rotterdam_marathon,NED,2019,1.0,16.222,15.704,17.499,56.1,-3.3
321,2499937510,rotterdam_marathon,NED,2021,1.0,9.364,9.066,12.261,56.1,-3.3
322,3962857066,rotterdam_marathon,NED,2022,1.0,8.892,8.055,9.937,56.1,-3.3
323,651543560,rotterdam_marathon,NED,2023,1.0,8.398,7.839,8.913,56.1,-3.3
324,2468537236,rotterdam_marathon,NED,2024,1.0,12.328,10.819,12.21,56.1,-3.3
325,1320703413,rotterdam_marathon,NED,2025,1.0,14.328,13.854,14.498,56.1,-3.3
62,2611870401,san_sebastian_marathon,ESP,2022,1.0,11.777,9.697,13.81,90.3,-0.1
63,892155242,san_sebastian_marathon,ESP,2023,1.0,7.928,6.879,12.843,90.3,-0.1
64,1564517591,san_sebastian_marathon,ESP,2025,1.0,13.432,12.037,14.733,90.3,-0.1
65,1939048376,seville_marathon,ESP,2018,1.0,11.001,10.157,15.192,36.5,-0.1
66,262787029,seville_marathon,ESP,2019,1.0,9.121,7.798,15.672,36.5,-0.1
67,3871901255,seville_marathon,ESP,2020,1.0,12.164,10.229,17.857,36.5,-0.1
68,2009271059,seville_marathon,ESP,2022,1.0,12.161,10.254,17.809,36.5,-0.1
69,2309807523,seville_marathon,ESP,2023,1.0,13.939,11.576,17.407,36.5,-0.1
70,97961722,seville_marathon,ESP,2024,1.0,10.294,9.074,17.737,36.5,-0.1
71,3578738892,seville_marathon,ESP,2025,1.0,9.904,9.104,16.789,36.5,-0.1
355,1128922647,stockholm_marathon,SWE,2014,1.0,13.755,14.337,15.027,436.9,-1.0
356,3989385660,stockholm_marathon,SWE,2015,1.0,10.353,10.229,10.707,436.9,-1.0
357,1039229754,stockholm_marathon,SWE,2016,1.0,16.092,13.706,13.854,436.9,-1.0
358,3765163291,stockholm_marathon,SWE,2017,1.0,14.26,12.499,12.745,436.9,-1.0
359,2744648389,stockholm_marathon,SWE,2018,1.0,23.915,21.872,22.325,436.9,-1.0
360,602858984,stockholm_marathon,SWE,2019,1.0,13.277,11.745,15.041,436.9,-1.0
361,1289503712,stockholm_marathon,SWE,2021,1.0,13.28,12.708,13.153,436.9,-1.0
362,2655367851,stockholm_marathon,SWE,2022,1.0,18.288,16.908,17.177,436.9,-1.0
363,1138689162,stockholm_marathon,SWE,2023,2.0,17.522,14.563,15.508,170.8,0.1
364,4129825558,stockholm_marathon,SWE,2024,2.0,22.863,20.999,21.534,170.8,0.1
365,3548025101,stockholm_marathon,SWE,2025,3.0,16.658,13.71,14.036,171.0,-0.7
13,3054946732,sydney_marathon,AUS,2022,1.0,16.848,14.019,17.566,258.0,-42.5
14,3495222677,sydney_marathon,AUS,2023,1.0,22.927,18.266,22.142,258.0,-42.5
15,1705245193,sydney_marathon,AUS,2024,1.0,11.761,8.949,12.796,258.0,-42.5
16,518319295,sydney_marathon,AUS,2025,1.0,12.451,10.926,17.253,258.0,-42.5
285,2512640100,tokyo_marathon,JPN,2015,1.0,6.381,5.603,8.085,59.4,-37.8
286,294664323,tokyo_marathon,JPN,2016,1.0,10.75,9.323,10.292,59.4,-37.8
287,1621702905,tokyo_marathon,JPN,2017,2.0,9.455,9.253,11.56,55.5,-21.4
288,229427105,tokyo_marathon,JPN,2018,2.0,6.087,4.58,6.011,55.5,-21.4
289,1478359441,tokyo_marathon,JPN,2019,2.0,6.213,4.866,6.522,55.5,-21.4
290,3853954770,tokyo_marathon,JPN,2022,3.0,10.166,7.15,8.365,43.2,-28.3
291,1707100671,tokyo_marathon,JPN,2023,3.0,9.944,8.188,9.536,43.2,-28.3
292,2379956079,tokyo_marathon,JPN,2024,3.0,9.364,7.657,10.092,43.2,-28.3
293,593227972,tokyo_marathon,JPN,2025,3.0,16.066,14.473,16.82,43.2,-28.3
72,3469865511,valencia_marathon,ESP,2017,1.0,10.625,9.209,18.858,48.5,-4.8
73,2152732329,valencia_marathon,ESP,2018,1.0,12.603,10.753,17.641,48.5,-4.8
74,2552196,valencia_marathon,ESP,2019,1.0,13.976,12.121,14.896,48.5,-4.8
75,1006452688,valencia_marathon,ESP,2020,1.0,9.254,6.165,8.394,48.5,-4.8
76,3146504445,valencia_marathon,ESP,2021,1.0,12.96,9.332,12.918,48.5,-4.8
77,3180177095,valencia_marathon,ESP,2022,1.0,9.921,8.576,14.95,48.5,-4.8
78,1612124390,valencia_marathon,ESP,2023,1.0,8.608,6.304,14.697,48.5,-4.8
79,3588241274,valencia_marathon,ESP,2024,1.0,12.401,11.844,19.453,48.5,-4.8
80,520197400,valencia_marathon,ESP,2025,1.0,14.349,12.415,19.45,48.5,-4.8
251,3975862196,venice_marathon,ITA,2023,1.0,17.909,18.76,20.432,30.1,-6.6
252,1030528481,venice_marathon,ITA,2024,1.0,18.062,18.267,20.908,30.1,-6.6
253,2481738314,venice_marathon,ITA,2025,1.0,14.13,14.666,17.072,30.1,-6.6
17,3527299187,vienna_marathon,AUT,2018,1.0,21.887,19.289,22.363,90.3,10.5
18,631709417,vienna_marathon,AUT,2019,1.0,12.72,11.519,14.28,90.3,10.5
19,4162603267,vienna_marathon,AUT,2021,1.0,22.401,21.103,23.908,90.3,10.5
20,4024688669,vienna_marathon,AUT,2022,1.0,16.029,14.477,17.038,90.3,10.5
21,846812732,vienna_marathon,AUT,2023,1.0,17.56,16.516,18.741,90.3,10.5
22,2274259360,vienna_marathon,AUT,2024,1.0,7.023,5.87,7.301,90.3,10.5
23,1591809980,vienna_marathon,AUT,2025,1.0,2.99,1.025,2.265,90.3,10.5
170,811533239,yorkshire_marathon,GBR,2019,1.0,9.8,9.101,10.406,126.1,-11.9
171,1497935112,yorkshire_marathon,GBR,2021,1.0,12.722,12.248,14.352,126.1,-11.9
172,1599001394,yorkshire_marathon,GBR,2022,1.0,12.161,10.91,13.001,126.1,-11.9
173,3745002527,yorkshire_marathon,GBR,2023,1.0,7.641,6.601,10.911,126.1,-11.9
174,3852059977,yorkshire_marathon,GBR,2024,1.0,12.927,12.211,14.478,126.1,-11.9
175,469111801,yorkshire_marathon,GBR,2025,1.0,13.425,12.46,13.791,126.1,-11.9
350,1213235311,zurich_marathon,SUI,2019,1.0,5.053,5.236,8.92,57.9,4.1
351,4018375544,zurich_marathon,SUI,2022,1.0,4.992,5.669,9.298,57.9,4.1
352,2227361622,zurich_marathon,SUI,2023,1.0,12.96,13.414,18.909,57.9,4.1
353,825618634,zurich_marathon,SUI,2024,1.0,4.434,4.511,4.926,57.9,4.1
354,1292875943,zurich_marathon,SUI,2025,1.0,13.798,13.016,15.758,57.9,4.1
